<clones>
<systeminfo processor="nicad6" system="BreakFakeCMCC" granularity="functions-blind" threshold="30%" minlines="10" maxlines="2500"/>
<cloneinfo npcs="2322" npairs="202"/>
<runinfo ncompares="18423" cputime="176629"/>

<clone nlines="37" similarity="93">
<source file="systems/BreakFakeCMCC/android/support/v4/util/SparseArrayCompat.java" startline="162" endline="198" pcid="894"></source>
<source file="systems/BreakFakeCMCC/android/support/v4/util/LongSparseArray.java" startline="162" endline="198" pcid="866"></source>
</clone>

<clone nlines="38" similarity="90">
<source file="systems/BreakFakeCMCC/Recreational Wrestling/ICustomTabsService.java" startline="257" endline="292" pcid="2310"></source>
<source file="systems/BreakFakeCMCC/Recreational Wrestling/ICustomTabsService.java" startline="357" endline="392" pcid="2316"></source>
</clone>

<clone nlines="38" similarity="100">
<source file="systems/BreakFakeCMCC/Recreational Wrestling/ICustomTabsService.java" startline="108" endline="143" pcid="2305"></source>
<source file="systems/BreakFakeCMCC/Recreational Wrestling/ICustomTabsService.java" startline="357" endline="392" pcid="2316"></source>
</clone>

<clone nlines="38" similarity="90">
<source file="systems/BreakFakeCMCC/Recreational Wrestling/ICustomTabsService.java" startline="357" endline="392" pcid="2316"></source>
<source file="systems/BreakFakeCMCC/Recreational Wrestling/ICustomTabsService.java" startline="506" endline="541" pcid="2321"></source>
</clone>

<clone nlines="34" similarity="76">
<source file="systems/BreakFakeCMCC/Recreational Wrestling/ICustomTabsService.java" startline="357" endline="392" pcid="2316"></source>
<source file="systems/BreakFakeCMCC/Recreational Wrestling/ICustomTabsService.java" startline="476" endline="504" pcid="2320"></source>
</clone>

<clone nlines="34" similarity="76">
<source file="systems/BreakFakeCMCC/Recreational Wrestling/ICustomTabsService.java" startline="197" endline="225" pcid="2308"></source>
<source file="systems/BreakFakeCMCC/Recreational Wrestling/ICustomTabsService.java" startline="357" endline="392" pcid="2316"></source>
</clone>

<clone nlines="34" similarity="76">
<source file="systems/BreakFakeCMCC/Recreational Wrestling/ICustomTabsService.java" startline="357" endline="392" pcid="2316"></source>
<source file="systems/BreakFakeCMCC/Recreational Wrestling/ICustomTabsService.java" startline="446" endline="474" pcid="2319"></source>
</clone>

<clone nlines="34" similarity="76">
<source file="systems/BreakFakeCMCC/Recreational Wrestling/ICustomTabsService.java" startline="227" endline="255" pcid="2309"></source>
<source file="systems/BreakFakeCMCC/Recreational Wrestling/ICustomTabsService.java" startline="357" endline="392" pcid="2316"></source>
</clone>

<clone nlines="38" similarity="90">
<source file="systems/BreakFakeCMCC/Recreational Wrestling/ICustomTabsService.java" startline="108" endline="143" pcid="2305"></source>
<source file="systems/BreakFakeCMCC/Recreational Wrestling/ICustomTabsService.java" startline="257" endline="292" pcid="2310"></source>
</clone>

<clone nlines="38" similarity="100">
<source file="systems/BreakFakeCMCC/Recreational Wrestling/ICustomTabsService.java" startline="257" endline="292" pcid="2310"></source>
<source file="systems/BreakFakeCMCC/Recreational Wrestling/ICustomTabsService.java" startline="506" endline="541" pcid="2321"></source>
</clone>

<clone nlines="34" similarity="73">
<source file="systems/BreakFakeCMCC/Recreational Wrestling/ICustomTabsService.java" startline="257" endline="292" pcid="2310"></source>
<source file="systems/BreakFakeCMCC/Recreational Wrestling/ICustomTabsService.java" startline="476" endline="504" pcid="2320"></source>
</clone>

<clone nlines="34" similarity="73">
<source file="systems/BreakFakeCMCC/Recreational Wrestling/ICustomTabsService.java" startline="197" endline="225" pcid="2308"></source>
<source file="systems/BreakFakeCMCC/Recreational Wrestling/ICustomTabsService.java" startline="257" endline="292" pcid="2310"></source>
</clone>

<clone nlines="34" similarity="73">
<source file="systems/BreakFakeCMCC/Recreational Wrestling/ICustomTabsService.java" startline="257" endline="292" pcid="2310"></source>
<source file="systems/BreakFakeCMCC/Recreational Wrestling/ICustomTabsService.java" startline="446" endline="474" pcid="2319"></source>
</clone>

<clone nlines="34" similarity="73">
<source file="systems/BreakFakeCMCC/Recreational Wrestling/ICustomTabsService.java" startline="227" endline="255" pcid="2309"></source>
<source file="systems/BreakFakeCMCC/Recreational Wrestling/ICustomTabsService.java" startline="257" endline="292" pcid="2310"></source>
</clone>

<clone nlines="38" similarity="90">
<source file="systems/BreakFakeCMCC/Recreational Wrestling/ICustomTabsService.java" startline="108" endline="143" pcid="2305"></source>
<source file="systems/BreakFakeCMCC/Recreational Wrestling/ICustomTabsService.java" startline="506" endline="541" pcid="2321"></source>
</clone>

<clone nlines="34" similarity="76">
<source file="systems/BreakFakeCMCC/Recreational Wrestling/ICustomTabsService.java" startline="108" endline="143" pcid="2305"></source>
<source file="systems/BreakFakeCMCC/Recreational Wrestling/ICustomTabsService.java" startline="476" endline="504" pcid="2320"></source>
</clone>

<clone nlines="34" similarity="76">
<source file="systems/BreakFakeCMCC/Recreational Wrestling/ICustomTabsService.java" startline="108" endline="143" pcid="2305"></source>
<source file="systems/BreakFakeCMCC/Recreational Wrestling/ICustomTabsService.java" startline="197" endline="225" pcid="2308"></source>
</clone>

<clone nlines="34" similarity="76">
<source file="systems/BreakFakeCMCC/Recreational Wrestling/ICustomTabsService.java" startline="108" endline="143" pcid="2305"></source>
<source file="systems/BreakFakeCMCC/Recreational Wrestling/ICustomTabsService.java" startline="446" endline="474" pcid="2319"></source>
</clone>

<clone nlines="34" similarity="76">
<source file="systems/BreakFakeCMCC/Recreational Wrestling/ICustomTabsService.java" startline="108" endline="143" pcid="2305"></source>
<source file="systems/BreakFakeCMCC/Recreational Wrestling/ICustomTabsService.java" startline="227" endline="255" pcid="2309"></source>
</clone>

<clone nlines="34" similarity="73">
<source file="systems/BreakFakeCMCC/Recreational Wrestling/ICustomTabsService.java" startline="476" endline="504" pcid="2320"></source>
<source file="systems/BreakFakeCMCC/Recreational Wrestling/ICustomTabsService.java" startline="506" endline="541" pcid="2321"></source>
</clone>

<clone nlines="34" similarity="73">
<source file="systems/BreakFakeCMCC/Recreational Wrestling/ICustomTabsService.java" startline="197" endline="225" pcid="2308"></source>
<source file="systems/BreakFakeCMCC/Recreational Wrestling/ICustomTabsService.java" startline="506" endline="541" pcid="2321"></source>
</clone>

<clone nlines="34" similarity="73">
<source file="systems/BreakFakeCMCC/Recreational Wrestling/ICustomTabsService.java" startline="446" endline="474" pcid="2319"></source>
<source file="systems/BreakFakeCMCC/Recreational Wrestling/ICustomTabsService.java" startline="506" endline="541" pcid="2321"></source>
</clone>

<clone nlines="34" similarity="73">
<source file="systems/BreakFakeCMCC/Recreational Wrestling/ICustomTabsService.java" startline="227" endline="255" pcid="2309"></source>
<source file="systems/BreakFakeCMCC/Recreational Wrestling/ICustomTabsService.java" startline="506" endline="541" pcid="2321"></source>
</clone>

<clone nlines="30" similarity="100">
<source file="systems/BreakFakeCMCC/Race Simulator/AccessibilityServiceInfoCompat.java" startline="50" endline="80" pcid="3"></source>
<source file="systems/BreakFakeCMCC/android/support/v4/accessibilityservice/AccessibilityServiceInfoCompat.java" startline="50" endline="80" pcid="633"></source>
</clone>

<clone nlines="30" similarity="100">
<source file="systems/BreakFakeCMCC/Recreational Wrestling/ICustomTabsService.java" startline="197" endline="225" pcid="2308"></source>
<source file="systems/BreakFakeCMCC/Recreational Wrestling/ICustomTabsService.java" startline="476" endline="504" pcid="2320"></source>
</clone>

<clone nlines="30" similarity="100">
<source file="systems/BreakFakeCMCC/Recreational Wrestling/ICustomTabsService.java" startline="446" endline="474" pcid="2319"></source>
<source file="systems/BreakFakeCMCC/Recreational Wrestling/ICustomTabsService.java" startline="476" endline="504" pcid="2320"></source>
</clone>

<clone nlines="30" similarity="100">
<source file="systems/BreakFakeCMCC/Recreational Wrestling/ICustomTabsService.java" startline="227" endline="255" pcid="2309"></source>
<source file="systems/BreakFakeCMCC/Recreational Wrestling/ICustomTabsService.java" startline="476" endline="504" pcid="2320"></source>
</clone>

<clone nlines="29" similarity="79">
<source file="systems/BreakFakeCMCC/Recreational Wrestling/ICustomTabsService.java" startline="170" endline="195" pcid="2307"></source>
<source file="systems/BreakFakeCMCC/Recreational Wrestling/ICustomTabsService.java" startline="476" endline="504" pcid="2320"></source>
</clone>

<clone nlines="29" similarity="79">
<source file="systems/BreakFakeCMCC/Recreational Wrestling/IPostMessageService.java" startline="178" endline="203" pcid="2276"></source>
<source file="systems/BreakFakeCMCC/Recreational Wrestling/ICustomTabsService.java" startline="476" endline="504" pcid="2320"></source>
</clone>

<clone nlines="29" similarity="79">
<source file="systems/BreakFakeCMCC/Recreational Wrestling/ICustomTabsService.java" startline="419" endline="444" pcid="2318"></source>
<source file="systems/BreakFakeCMCC/Recreational Wrestling/ICustomTabsService.java" startline="476" endline="504" pcid="2320"></source>
</clone>

<clone nlines="29" similarity="79">
<source file="systems/BreakFakeCMCC/Recreational Wrestling/IPostMessageService.java" startline="108" endline="133" pcid="2271"></source>
<source file="systems/BreakFakeCMCC/Recreational Wrestling/ICustomTabsService.java" startline="476" endline="504" pcid="2320"></source>
</clone>

<clone nlines="29" similarity="79">
<source file="systems/BreakFakeCMCC/Recreational Wrestling/IPostMessageService.java" startline="152" endline="176" pcid="2275"></source>
<source file="systems/BreakFakeCMCC/Recreational Wrestling/ICustomTabsService.java" startline="476" endline="504" pcid="2320"></source>
</clone>

<clone nlines="29" similarity="79">
<source file="systems/BreakFakeCMCC/Recreational Wrestling/IPostMessageService.java" startline="82" endline="106" pcid="2270"></source>
<source file="systems/BreakFakeCMCC/Recreational Wrestling/ICustomTabsService.java" startline="476" endline="504" pcid="2320"></source>
</clone>

<clone nlines="30" similarity="100">
<source file="systems/BreakFakeCMCC/Recreational Wrestling/ICustomTabsService.java" startline="197" endline="225" pcid="2308"></source>
<source file="systems/BreakFakeCMCC/Recreational Wrestling/ICustomTabsService.java" startline="446" endline="474" pcid="2319"></source>
</clone>

<clone nlines="30" similarity="100">
<source file="systems/BreakFakeCMCC/Recreational Wrestling/ICustomTabsService.java" startline="197" endline="225" pcid="2308"></source>
<source file="systems/BreakFakeCMCC/Recreational Wrestling/ICustomTabsService.java" startline="227" endline="255" pcid="2309"></source>
</clone>

<clone nlines="29" similarity="79">
<source file="systems/BreakFakeCMCC/Recreational Wrestling/ICustomTabsService.java" startline="170" endline="195" pcid="2307"></source>
<source file="systems/BreakFakeCMCC/Recreational Wrestling/ICustomTabsService.java" startline="197" endline="225" pcid="2308"></source>
</clone>

<clone nlines="29" similarity="79">
<source file="systems/BreakFakeCMCC/Recreational Wrestling/IPostMessageService.java" startline="178" endline="203" pcid="2276"></source>
<source file="systems/BreakFakeCMCC/Recreational Wrestling/ICustomTabsService.java" startline="197" endline="225" pcid="2308"></source>
</clone>

<clone nlines="29" similarity="79">
<source file="systems/BreakFakeCMCC/Recreational Wrestling/ICustomTabsService.java" startline="197" endline="225" pcid="2308"></source>
<source file="systems/BreakFakeCMCC/Recreational Wrestling/ICustomTabsService.java" startline="419" endline="444" pcid="2318"></source>
</clone>

<clone nlines="29" similarity="79">
<source file="systems/BreakFakeCMCC/Recreational Wrestling/IPostMessageService.java" startline="108" endline="133" pcid="2271"></source>
<source file="systems/BreakFakeCMCC/Recreational Wrestling/ICustomTabsService.java" startline="197" endline="225" pcid="2308"></source>
</clone>

<clone nlines="29" similarity="79">
<source file="systems/BreakFakeCMCC/Recreational Wrestling/IPostMessageService.java" startline="152" endline="176" pcid="2275"></source>
<source file="systems/BreakFakeCMCC/Recreational Wrestling/ICustomTabsService.java" startline="197" endline="225" pcid="2308"></source>
</clone>

<clone nlines="29" similarity="79">
<source file="systems/BreakFakeCMCC/Recreational Wrestling/IPostMessageService.java" startline="82" endline="106" pcid="2270"></source>
<source file="systems/BreakFakeCMCC/Recreational Wrestling/ICustomTabsService.java" startline="197" endline="225" pcid="2308"></source>
</clone>

<clone nlines="30" similarity="100">
<source file="systems/BreakFakeCMCC/Recreational Wrestling/ICustomTabsService.java" startline="227" endline="255" pcid="2309"></source>
<source file="systems/BreakFakeCMCC/Recreational Wrestling/ICustomTabsService.java" startline="446" endline="474" pcid="2319"></source>
</clone>

<clone nlines="29" similarity="79">
<source file="systems/BreakFakeCMCC/Recreational Wrestling/ICustomTabsService.java" startline="170" endline="195" pcid="2307"></source>
<source file="systems/BreakFakeCMCC/Recreational Wrestling/ICustomTabsService.java" startline="446" endline="474" pcid="2319"></source>
</clone>

<clone nlines="29" similarity="79">
<source file="systems/BreakFakeCMCC/Recreational Wrestling/IPostMessageService.java" startline="178" endline="203" pcid="2276"></source>
<source file="systems/BreakFakeCMCC/Recreational Wrestling/ICustomTabsService.java" startline="446" endline="474" pcid="2319"></source>
</clone>

<clone nlines="29" similarity="79">
<source file="systems/BreakFakeCMCC/Recreational Wrestling/ICustomTabsService.java" startline="419" endline="444" pcid="2318"></source>
<source file="systems/BreakFakeCMCC/Recreational Wrestling/ICustomTabsService.java" startline="446" endline="474" pcid="2319"></source>
</clone>

<clone nlines="29" similarity="79">
<source file="systems/BreakFakeCMCC/Recreational Wrestling/IPostMessageService.java" startline="108" endline="133" pcid="2271"></source>
<source file="systems/BreakFakeCMCC/Recreational Wrestling/ICustomTabsService.java" startline="446" endline="474" pcid="2319"></source>
</clone>

<clone nlines="29" similarity="79">
<source file="systems/BreakFakeCMCC/Recreational Wrestling/IPostMessageService.java" startline="152" endline="176" pcid="2275"></source>
<source file="systems/BreakFakeCMCC/Recreational Wrestling/ICustomTabsService.java" startline="446" endline="474" pcid="2319"></source>
</clone>

<clone nlines="29" similarity="79">
<source file="systems/BreakFakeCMCC/Recreational Wrestling/IPostMessageService.java" startline="82" endline="106" pcid="2270"></source>
<source file="systems/BreakFakeCMCC/Recreational Wrestling/ICustomTabsService.java" startline="446" endline="474" pcid="2319"></source>
</clone>

<clone nlines="29" similarity="79">
<source file="systems/BreakFakeCMCC/Recreational Wrestling/ICustomTabsService.java" startline="170" endline="195" pcid="2307"></source>
<source file="systems/BreakFakeCMCC/Recreational Wrestling/ICustomTabsService.java" startline="227" endline="255" pcid="2309"></source>
</clone>

<clone nlines="29" similarity="79">
<source file="systems/BreakFakeCMCC/Recreational Wrestling/IPostMessageService.java" startline="178" endline="203" pcid="2276"></source>
<source file="systems/BreakFakeCMCC/Recreational Wrestling/ICustomTabsService.java" startline="227" endline="255" pcid="2309"></source>
</clone>

<clone nlines="29" similarity="79">
<source file="systems/BreakFakeCMCC/Recreational Wrestling/ICustomTabsService.java" startline="227" endline="255" pcid="2309"></source>
<source file="systems/BreakFakeCMCC/Recreational Wrestling/ICustomTabsService.java" startline="419" endline="444" pcid="2318"></source>
</clone>

<clone nlines="29" similarity="79">
<source file="systems/BreakFakeCMCC/Recreational Wrestling/IPostMessageService.java" startline="108" endline="133" pcid="2271"></source>
<source file="systems/BreakFakeCMCC/Recreational Wrestling/ICustomTabsService.java" startline="227" endline="255" pcid="2309"></source>
</clone>

<clone nlines="29" similarity="79">
<source file="systems/BreakFakeCMCC/Recreational Wrestling/IPostMessageService.java" startline="152" endline="176" pcid="2275"></source>
<source file="systems/BreakFakeCMCC/Recreational Wrestling/ICustomTabsService.java" startline="227" endline="255" pcid="2309"></source>
</clone>

<clone nlines="29" similarity="79">
<source file="systems/BreakFakeCMCC/Recreational Wrestling/IPostMessageService.java" startline="82" endline="106" pcid="2270"></source>
<source file="systems/BreakFakeCMCC/Recreational Wrestling/ICustomTabsService.java" startline="227" endline="255" pcid="2309"></source>
</clone>

<clone nlines="31" similarity="73">
<source file="systems/BreakFakeCMCC/android/support/v4/app/NotificationCompatJellybean.java" startline="14" endline="41" pcid="204"></source>
<source file="systems/BreakFakeCMCC/android/support/v4/app/NotificationCompatHoneycomb.java" startline="10" endline="36" pcid="151"></source>
</clone>

<clone nlines="31" similarity="73">
<source file="systems/BreakFakeCMCC/android/support/v4/app/NotificationCompatIceCreamSandwich.java" startline="10" endline="36" pcid="496"></source>
<source file="systems/BreakFakeCMCC/android/support/v4/app/NotificationCompatJellybean.java" startline="14" endline="41" pcid="204"></source>
</clone>

<clone nlines="28" similarity="90">
<source file="systems/BreakFakeCMCC/Recreational Wrestling/IPostMessageService.java" startline="178" endline="203" pcid="2276"></source>
<source file="systems/BreakFakeCMCC/Recreational Wrestling/ICustomTabsService.java" startline="170" endline="195" pcid="2307"></source>
</clone>

<clone nlines="28" similarity="100">
<source file="systems/BreakFakeCMCC/Recreational Wrestling/ICustomTabsService.java" startline="170" endline="195" pcid="2307"></source>
<source file="systems/BreakFakeCMCC/Recreational Wrestling/ICustomTabsService.java" startline="419" endline="444" pcid="2318"></source>
</clone>

<clone nlines="28" similarity="90">
<source file="systems/BreakFakeCMCC/Recreational Wrestling/IPostMessageService.java" startline="108" endline="133" pcid="2271"></source>
<source file="systems/BreakFakeCMCC/Recreational Wrestling/ICustomTabsService.java" startline="170" endline="195" pcid="2307"></source>
</clone>

<clone nlines="28" similarity="86">
<source file="systems/BreakFakeCMCC/Recreational Wrestling/IPostMessageService.java" startline="152" endline="176" pcid="2275"></source>
<source file="systems/BreakFakeCMCC/Recreational Wrestling/ICustomTabsService.java" startline="170" endline="195" pcid="2307"></source>
</clone>

<clone nlines="28" similarity="86">
<source file="systems/BreakFakeCMCC/Recreational Wrestling/IPostMessageService.java" startline="82" endline="106" pcid="2270"></source>
<source file="systems/BreakFakeCMCC/Recreational Wrestling/ICustomTabsService.java" startline="170" endline="195" pcid="2307"></source>
</clone>

<clone nlines="28" similarity="100">
<source file="systems/BreakFakeCMCC/Recreational Wrestling/ICustomTabsCallback.java" startline="219" endline="244" pcid="2288"></source>
<source file="systems/BreakFakeCMCC/Recreational Wrestling/ICustomTabsCallback.java" startline="346" endline="371" pcid="2296"></source>
</clone>

<clone nlines="28" similarity="90">
<source file="systems/BreakFakeCMCC/Recreational Wrestling/IPostMessageService.java" startline="178" endline="203" pcid="2276"></source>
<source file="systems/BreakFakeCMCC/Recreational Wrestling/ICustomTabsService.java" startline="419" endline="444" pcid="2318"></source>
</clone>

<clone nlines="28" similarity="100">
<source file="systems/BreakFakeCMCC/Recreational Wrestling/IPostMessageService.java" startline="108" endline="133" pcid="2271"></source>
<source file="systems/BreakFakeCMCC/Recreational Wrestling/IPostMessageService.java" startline="178" endline="203" pcid="2276"></source>
</clone>

<clone nlines="28" similarity="90">
<source file="systems/BreakFakeCMCC/Recreational Wrestling/IPostMessageService.java" startline="152" endline="176" pcid="2275"></source>
<source file="systems/BreakFakeCMCC/Recreational Wrestling/IPostMessageService.java" startline="178" endline="203" pcid="2276"></source>
</clone>

<clone nlines="28" similarity="90">
<source file="systems/BreakFakeCMCC/Recreational Wrestling/IPostMessageService.java" startline="82" endline="106" pcid="2270"></source>
<source file="systems/BreakFakeCMCC/Recreational Wrestling/IPostMessageService.java" startline="178" endline="203" pcid="2276"></source>
</clone>

<clone nlines="25" similarity="72">
<source file="systems/BreakFakeCMCC/Recreational Wrestling/IPostMessageService.java" startline="178" endline="203" pcid="2276"></source>
<source file="systems/BreakFakeCMCC/Recreational Wrestling/ICustomTabsCallback.java" startline="132" endline="151" pcid="2283"></source>
</clone>

<clone nlines="25" similarity="72">
<source file="systems/BreakFakeCMCC/Recreational Wrestling/IPostMessageService.java" startline="178" endline="203" pcid="2276"></source>
<source file="systems/BreakFakeCMCC/Recreational Wrestling/ICustomTabsCallback.java" startline="177" endline="196" pcid="2286"></source>
</clone>

<clone nlines="25" similarity="72">
<source file="systems/BreakFakeCMCC/Recreational Wrestling/IPostMessageService.java" startline="178" endline="203" pcid="2276"></source>
<source file="systems/BreakFakeCMCC/Recreational Wrestling/ICustomTabsCallback.java" startline="198" endline="217" pcid="2287"></source>
</clone>

<clone nlines="25" similarity="72">
<source file="systems/BreakFakeCMCC/Recreational Wrestling/IPostMessageService.java" startline="178" endline="203" pcid="2276"></source>
<source file="systems/BreakFakeCMCC/Recreational Wrestling/ICustomTabsCallback.java" startline="259" endline="278" pcid="2291"></source>
</clone>

<clone nlines="25" similarity="72">
<source file="systems/BreakFakeCMCC/Recreational Wrestling/IPostMessageService.java" startline="178" endline="203" pcid="2276"></source>
<source file="systems/BreakFakeCMCC/Recreational Wrestling/ICustomTabsCallback.java" startline="304" endline="323" pcid="2294"></source>
</clone>

<clone nlines="25" similarity="72">
<source file="systems/BreakFakeCMCC/Recreational Wrestling/IPostMessageService.java" startline="178" endline="203" pcid="2276"></source>
<source file="systems/BreakFakeCMCC/Recreational Wrestling/ICustomTabsCallback.java" startline="325" endline="344" pcid="2295"></source>
</clone>

<clone nlines="28" similarity="90">
<source file="systems/BreakFakeCMCC/Recreational Wrestling/IPostMessageService.java" startline="108" endline="133" pcid="2271"></source>
<source file="systems/BreakFakeCMCC/Recreational Wrestling/ICustomTabsService.java" startline="419" endline="444" pcid="2318"></source>
</clone>

<clone nlines="28" similarity="86">
<source file="systems/BreakFakeCMCC/Recreational Wrestling/IPostMessageService.java" startline="152" endline="176" pcid="2275"></source>
<source file="systems/BreakFakeCMCC/Recreational Wrestling/ICustomTabsService.java" startline="419" endline="444" pcid="2318"></source>
</clone>

<clone nlines="28" similarity="86">
<source file="systems/BreakFakeCMCC/Recreational Wrestling/IPostMessageService.java" startline="82" endline="106" pcid="2270"></source>
<source file="systems/BreakFakeCMCC/Recreational Wrestling/ICustomTabsService.java" startline="419" endline="444" pcid="2318"></source>
</clone>

<clone nlines="28" similarity="90">
<source file="systems/BreakFakeCMCC/Recreational Wrestling/IPostMessageService.java" startline="108" endline="133" pcid="2271"></source>
<source file="systems/BreakFakeCMCC/Recreational Wrestling/IPostMessageService.java" startline="152" endline="176" pcid="2275"></source>
</clone>

<clone nlines="28" similarity="90">
<source file="systems/BreakFakeCMCC/Recreational Wrestling/IPostMessageService.java" startline="82" endline="106" pcid="2270"></source>
<source file="systems/BreakFakeCMCC/Recreational Wrestling/IPostMessageService.java" startline="108" endline="133" pcid="2271"></source>
</clone>

<clone nlines="25" similarity="72">
<source file="systems/BreakFakeCMCC/Recreational Wrestling/IPostMessageService.java" startline="108" endline="133" pcid="2271"></source>
<source file="systems/BreakFakeCMCC/Recreational Wrestling/ICustomTabsCallback.java" startline="132" endline="151" pcid="2283"></source>
</clone>

<clone nlines="25" similarity="72">
<source file="systems/BreakFakeCMCC/Recreational Wrestling/IPostMessageService.java" startline="108" endline="133" pcid="2271"></source>
<source file="systems/BreakFakeCMCC/Recreational Wrestling/ICustomTabsCallback.java" startline="177" endline="196" pcid="2286"></source>
</clone>

<clone nlines="25" similarity="72">
<source file="systems/BreakFakeCMCC/Recreational Wrestling/IPostMessageService.java" startline="108" endline="133" pcid="2271"></source>
<source file="systems/BreakFakeCMCC/Recreational Wrestling/ICustomTabsCallback.java" startline="198" endline="217" pcid="2287"></source>
</clone>

<clone nlines="25" similarity="72">
<source file="systems/BreakFakeCMCC/Recreational Wrestling/IPostMessageService.java" startline="108" endline="133" pcid="2271"></source>
<source file="systems/BreakFakeCMCC/Recreational Wrestling/ICustomTabsCallback.java" startline="259" endline="278" pcid="2291"></source>
</clone>

<clone nlines="25" similarity="72">
<source file="systems/BreakFakeCMCC/Recreational Wrestling/IPostMessageService.java" startline="108" endline="133" pcid="2271"></source>
<source file="systems/BreakFakeCMCC/Recreational Wrestling/ICustomTabsCallback.java" startline="304" endline="323" pcid="2294"></source>
</clone>

<clone nlines="25" similarity="72">
<source file="systems/BreakFakeCMCC/Recreational Wrestling/IPostMessageService.java" startline="108" endline="133" pcid="2271"></source>
<source file="systems/BreakFakeCMCC/Recreational Wrestling/ICustomTabsCallback.java" startline="325" endline="344" pcid="2295"></source>
</clone>

<clone nlines="30" similarity="86">
<source file="systems/BreakFakeCMCC/android/support/v4/app/NotificationCompatIceCreamSandwich.java" startline="10" endline="36" pcid="496"></source>
<source file="systems/BreakFakeCMCC/android/support/v4/app/NotificationCompatHoneycomb.java" startline="10" endline="36" pcid="151"></source>
</clone>

<clone nlines="27" similarity="100">
<source file="systems/BreakFakeCMCC/Recreational Wrestling/ICustomTabsService.java" startline="78" endline="102" pcid="2303"></source>
<source file="systems/BreakFakeCMCC/Recreational Wrestling/ICustomTabsService.java" startline="327" endline="351" pcid="2314"></source>
</clone>

<clone nlines="24" similarity="71">
<source file="systems/BreakFakeCMCC/Recreational Wrestling/ICustomTabsCallback.java" startline="132" endline="151" pcid="2283"></source>
<source file="systems/BreakFakeCMCC/Recreational Wrestling/ICustomTabsService.java" startline="327" endline="351" pcid="2314"></source>
</clone>

<clone nlines="24" similarity="71">
<source file="systems/BreakFakeCMCC/Recreational Wrestling/ICustomTabsCallback.java" startline="177" endline="196" pcid="2286"></source>
<source file="systems/BreakFakeCMCC/Recreational Wrestling/ICustomTabsService.java" startline="327" endline="351" pcid="2314"></source>
</clone>

<clone nlines="24" similarity="71">
<source file="systems/BreakFakeCMCC/Recreational Wrestling/ICustomTabsCallback.java" startline="198" endline="217" pcid="2287"></source>
<source file="systems/BreakFakeCMCC/Recreational Wrestling/ICustomTabsService.java" startline="327" endline="351" pcid="2314"></source>
</clone>

<clone nlines="24" similarity="71">
<source file="systems/BreakFakeCMCC/Recreational Wrestling/ICustomTabsCallback.java" startline="259" endline="278" pcid="2291"></source>
<source file="systems/BreakFakeCMCC/Recreational Wrestling/ICustomTabsService.java" startline="327" endline="351" pcid="2314"></source>
</clone>

<clone nlines="24" similarity="71">
<source file="systems/BreakFakeCMCC/Recreational Wrestling/ICustomTabsCallback.java" startline="304" endline="323" pcid="2294"></source>
<source file="systems/BreakFakeCMCC/Recreational Wrestling/ICustomTabsService.java" startline="327" endline="351" pcid="2314"></source>
</clone>

<clone nlines="24" similarity="71">
<source file="systems/BreakFakeCMCC/Recreational Wrestling/ICustomTabsCallback.java" startline="325" endline="344" pcid="2295"></source>
<source file="systems/BreakFakeCMCC/Recreational Wrestling/ICustomTabsService.java" startline="327" endline="351" pcid="2314"></source>
</clone>

<clone nlines="24" similarity="71">
<source file="systems/BreakFakeCMCC/Recreational Wrestling/ICustomTabsCallback.java" startline="132" endline="151" pcid="2283"></source>
<source file="systems/BreakFakeCMCC/Recreational Wrestling/ICustomTabsService.java" startline="78" endline="102" pcid="2303"></source>
</clone>

<clone nlines="24" similarity="71">
<source file="systems/BreakFakeCMCC/Recreational Wrestling/ICustomTabsCallback.java" startline="177" endline="196" pcid="2286"></source>
<source file="systems/BreakFakeCMCC/Recreational Wrestling/ICustomTabsService.java" startline="78" endline="102" pcid="2303"></source>
</clone>

<clone nlines="24" similarity="71">
<source file="systems/BreakFakeCMCC/Recreational Wrestling/ICustomTabsCallback.java" startline="198" endline="217" pcid="2287"></source>
<source file="systems/BreakFakeCMCC/Recreational Wrestling/ICustomTabsService.java" startline="78" endline="102" pcid="2303"></source>
</clone>

<clone nlines="24" similarity="71">
<source file="systems/BreakFakeCMCC/Recreational Wrestling/ICustomTabsCallback.java" startline="259" endline="278" pcid="2291"></source>
<source file="systems/BreakFakeCMCC/Recreational Wrestling/ICustomTabsService.java" startline="78" endline="102" pcid="2303"></source>
</clone>

<clone nlines="24" similarity="71">
<source file="systems/BreakFakeCMCC/Recreational Wrestling/ICustomTabsCallback.java" startline="304" endline="323" pcid="2294"></source>
<source file="systems/BreakFakeCMCC/Recreational Wrestling/ICustomTabsService.java" startline="78" endline="102" pcid="2303"></source>
</clone>

<clone nlines="24" similarity="71">
<source file="systems/BreakFakeCMCC/Recreational Wrestling/ICustomTabsCallback.java" startline="325" endline="344" pcid="2295"></source>
<source file="systems/BreakFakeCMCC/Recreational Wrestling/ICustomTabsService.java" startline="78" endline="102" pcid="2303"></source>
</clone>

<clone nlines="27" similarity="100">
<source file="systems/BreakFakeCMCC/Recreational Wrestling/IPostMessageService.java" startline="82" endline="106" pcid="2270"></source>
<source file="systems/BreakFakeCMCC/Recreational Wrestling/IPostMessageService.java" startline="152" endline="176" pcid="2275"></source>
</clone>

<clone nlines="26" similarity="71">
<source file="systems/BreakFakeCMCC/Recreational Wrestling/IPostMessageService.java" startline="152" endline="176" pcid="2275"></source>
<source file="systems/BreakFakeCMCC/Race Clicker/ITrustedWebActivityCallback.java" startline="92" endline="114" pcid="41"></source>
</clone>

<clone nlines="26" similarity="71">
<source file="systems/BreakFakeCMCC/Recreational Wrestling/IPostMessageService.java" startline="152" endline="176" pcid="2275"></source>
<source file="systems/BreakFakeCMCC/Race Clicker/ITrustedWebActivityCallback.java" startline="135" endline="157" pcid="45"></source>
</clone>

<clone nlines="24" similarity="76">
<source file="systems/BreakFakeCMCC/Recreational Wrestling/IPostMessageService.java" startline="152" endline="176" pcid="2275"></source>
<source file="systems/BreakFakeCMCC/Recreational Wrestling/ICustomTabsCallback.java" startline="132" endline="151" pcid="2283"></source>
</clone>

<clone nlines="24" similarity="71">
<source file="systems/BreakFakeCMCC/Recreational Wrestling/IPostMessageService.java" startline="152" endline="176" pcid="2275"></source>
<source file="systems/BreakFakeCMCC/Recreational Wrestling/ICustomTabsCallback.java" startline="177" endline="196" pcid="2286"></source>
</clone>

<clone nlines="24" similarity="76">
<source file="systems/BreakFakeCMCC/Recreational Wrestling/IPostMessageService.java" startline="152" endline="176" pcid="2275"></source>
<source file="systems/BreakFakeCMCC/Recreational Wrestling/ICustomTabsCallback.java" startline="198" endline="217" pcid="2287"></source>
</clone>

<clone nlines="24" similarity="76">
<source file="systems/BreakFakeCMCC/Recreational Wrestling/IPostMessageService.java" startline="152" endline="176" pcid="2275"></source>
<source file="systems/BreakFakeCMCC/Recreational Wrestling/ICustomTabsCallback.java" startline="259" endline="278" pcid="2291"></source>
</clone>

<clone nlines="24" similarity="71">
<source file="systems/BreakFakeCMCC/Recreational Wrestling/IPostMessageService.java" startline="152" endline="176" pcid="2275"></source>
<source file="systems/BreakFakeCMCC/Recreational Wrestling/ICustomTabsCallback.java" startline="304" endline="323" pcid="2294"></source>
</clone>

<clone nlines="24" similarity="76">
<source file="systems/BreakFakeCMCC/Recreational Wrestling/IPostMessageService.java" startline="152" endline="176" pcid="2275"></source>
<source file="systems/BreakFakeCMCC/Recreational Wrestling/ICustomTabsCallback.java" startline="325" endline="344" pcid="2295"></source>
</clone>

<clone nlines="24" similarity="71">
<source file="systems/BreakFakeCMCC/Recreational Wrestling/IPostMessageService.java" startline="152" endline="176" pcid="2275"></source>
<source file="systems/BreakFakeCMCC/Recreational Wrestling/ICustomTabsCallback.java" startline="284" endline="302" pcid="2293"></source>
</clone>

<clone nlines="24" similarity="71">
<source file="systems/BreakFakeCMCC/Recreational Wrestling/IPostMessageService.java" startline="152" endline="176" pcid="2275"></source>
<source file="systems/BreakFakeCMCC/Recreational Wrestling/ICustomTabsCallback.java" startline="157" endline="175" pcid="2285"></source>
</clone>

<clone nlines="29" similarity="80">
<source file="systems/BreakFakeCMCC/android/support/v4/view/AccessibilityDelegateCompatIcs.java" startline="13" endline="43" pcid="2062"></source>
<source file="systems/BreakFakeCMCC/android/support/v4/view/AccessibilityDelegateCompatJellyBean.java" startline="15" endline="53" pcid="2157"></source>
</clone>

<clone nlines="26" similarity="71">
<source file="systems/BreakFakeCMCC/Recreational Wrestling/IPostMessageService.java" startline="82" endline="106" pcid="2270"></source>
<source file="systems/BreakFakeCMCC/Race Clicker/ITrustedWebActivityCallback.java" startline="92" endline="114" pcid="41"></source>
</clone>

<clone nlines="26" similarity="71">
<source file="systems/BreakFakeCMCC/Recreational Wrestling/IPostMessageService.java" startline="82" endline="106" pcid="2270"></source>
<source file="systems/BreakFakeCMCC/Race Clicker/ITrustedWebActivityCallback.java" startline="135" endline="157" pcid="45"></source>
</clone>

<clone nlines="24" similarity="76">
<source file="systems/BreakFakeCMCC/Recreational Wrestling/IPostMessageService.java" startline="82" endline="106" pcid="2270"></source>
<source file="systems/BreakFakeCMCC/Recreational Wrestling/ICustomTabsCallback.java" startline="132" endline="151" pcid="2283"></source>
</clone>

<clone nlines="24" similarity="71">
<source file="systems/BreakFakeCMCC/Recreational Wrestling/IPostMessageService.java" startline="82" endline="106" pcid="2270"></source>
<source file="systems/BreakFakeCMCC/Recreational Wrestling/ICustomTabsCallback.java" startline="177" endline="196" pcid="2286"></source>
</clone>

<clone nlines="24" similarity="76">
<source file="systems/BreakFakeCMCC/Recreational Wrestling/IPostMessageService.java" startline="82" endline="106" pcid="2270"></source>
<source file="systems/BreakFakeCMCC/Recreational Wrestling/ICustomTabsCallback.java" startline="198" endline="217" pcid="2287"></source>
</clone>

<clone nlines="24" similarity="76">
<source file="systems/BreakFakeCMCC/Recreational Wrestling/IPostMessageService.java" startline="82" endline="106" pcid="2270"></source>
<source file="systems/BreakFakeCMCC/Recreational Wrestling/ICustomTabsCallback.java" startline="259" endline="278" pcid="2291"></source>
</clone>

<clone nlines="24" similarity="71">
<source file="systems/BreakFakeCMCC/Recreational Wrestling/IPostMessageService.java" startline="82" endline="106" pcid="2270"></source>
<source file="systems/BreakFakeCMCC/Recreational Wrestling/ICustomTabsCallback.java" startline="304" endline="323" pcid="2294"></source>
</clone>

<clone nlines="24" similarity="76">
<source file="systems/BreakFakeCMCC/Recreational Wrestling/IPostMessageService.java" startline="82" endline="106" pcid="2270"></source>
<source file="systems/BreakFakeCMCC/Recreational Wrestling/ICustomTabsCallback.java" startline="325" endline="344" pcid="2295"></source>
</clone>

<clone nlines="24" similarity="71">
<source file="systems/BreakFakeCMCC/Recreational Wrestling/IPostMessageService.java" startline="82" endline="106" pcid="2270"></source>
<source file="systems/BreakFakeCMCC/Recreational Wrestling/ICustomTabsCallback.java" startline="284" endline="302" pcid="2293"></source>
</clone>

<clone nlines="24" similarity="71">
<source file="systems/BreakFakeCMCC/Recreational Wrestling/IPostMessageService.java" startline="82" endline="106" pcid="2270"></source>
<source file="systems/BreakFakeCMCC/Recreational Wrestling/ICustomTabsCallback.java" startline="157" endline="175" pcid="2285"></source>
</clone>

<clone nlines="24" similarity="100">
<source file="systems/BreakFakeCMCC/Recreational Wrestling/ICustomTabsService.java" startline="145" endline="168" pcid="2306"></source>
<source file="systems/BreakFakeCMCC/Recreational Wrestling/ICustomTabsService.java" startline="394" endline="417" pcid="2317"></source>
</clone>

<clone nlines="21" similarity="70">
<source file="systems/BreakFakeCMCC/Recreational Wrestling/ICustomTabsService.java" startline="145" endline="168" pcid="2306"></source>
<source file="systems/BreakFakeCMCC/Recreational Wrestling/ICustomTabsService.java" startline="543" endline="561" pcid="2322"></source>
</clone>

<clone nlines="21" similarity="70">
<source file="systems/BreakFakeCMCC/Recreational Wrestling/ICustomTabsService.java" startline="145" endline="168" pcid="2306"></source>
<source file="systems/BreakFakeCMCC/Recreational Wrestling/ICustomTabsService.java" startline="294" endline="312" pcid="2311"></source>
</clone>

<clone nlines="21" similarity="70">
<source file="systems/BreakFakeCMCC/Recreational Wrestling/ICustomTabsService.java" startline="394" endline="417" pcid="2317"></source>
<source file="systems/BreakFakeCMCC/Recreational Wrestling/ICustomTabsService.java" startline="543" endline="561" pcid="2322"></source>
</clone>

<clone nlines="21" similarity="70">
<source file="systems/BreakFakeCMCC/Recreational Wrestling/ICustomTabsService.java" startline="294" endline="312" pcid="2311"></source>
<source file="systems/BreakFakeCMCC/Recreational Wrestling/ICustomTabsService.java" startline="394" endline="417" pcid="2317"></source>
</clone>

<clone nlines="23" similarity="94">
<source file="systems/BreakFakeCMCC/android/support/v4/util/SparseArrayCompat.java" startline="30" endline="52" pcid="884"></source>
<source file="systems/BreakFakeCMCC/android/support/v4/util/LongSparseArray.java" startline="30" endline="52" pcid="856"></source>
</clone>

<clone nlines="24" similarity="84">
<source file="systems/BreakFakeCMCC/android/support/v4/text/BidiFormatter.java" startline="421" endline="444" pcid="607"></source>
<source file="systems/BreakFakeCMCC/android/support/v4/text/BidiFormatter.java" startline="446" endline="469" pcid="608"></source>
</clone>

<clone nlines="24" similarity="100">
<source file="systems/BreakFakeCMCC/Race Clicker/ITrustedWebActivityCallback.java" startline="92" endline="114" pcid="41"></source>
<source file="systems/BreakFakeCMCC/Race Clicker/ITrustedWebActivityCallback.java" startline="135" endline="157" pcid="45"></source>
</clone>

<clone nlines="23" similarity="84">
<source file="systems/BreakFakeCMCC/Recreational Wrestling/ICustomTabsCallback.java" startline="132" endline="151" pcid="2283"></source>
<source file="systems/BreakFakeCMCC/Race Clicker/ITrustedWebActivityCallback.java" startline="92" endline="114" pcid="41"></source>
</clone>

<clone nlines="23" similarity="78">
<source file="systems/BreakFakeCMCC/Recreational Wrestling/ICustomTabsCallback.java" startline="177" endline="196" pcid="2286"></source>
<source file="systems/BreakFakeCMCC/Race Clicker/ITrustedWebActivityCallback.java" startline="92" endline="114" pcid="41"></source>
</clone>

<clone nlines="23" similarity="84">
<source file="systems/BreakFakeCMCC/Recreational Wrestling/ICustomTabsCallback.java" startline="198" endline="217" pcid="2287"></source>
<source file="systems/BreakFakeCMCC/Race Clicker/ITrustedWebActivityCallback.java" startline="92" endline="114" pcid="41"></source>
</clone>

<clone nlines="23" similarity="84">
<source file="systems/BreakFakeCMCC/Recreational Wrestling/ICustomTabsCallback.java" startline="259" endline="278" pcid="2291"></source>
<source file="systems/BreakFakeCMCC/Race Clicker/ITrustedWebActivityCallback.java" startline="92" endline="114" pcid="41"></source>
</clone>

<clone nlines="23" similarity="78">
<source file="systems/BreakFakeCMCC/Recreational Wrestling/ICustomTabsCallback.java" startline="304" endline="323" pcid="2294"></source>
<source file="systems/BreakFakeCMCC/Race Clicker/ITrustedWebActivityCallback.java" startline="92" endline="114" pcid="41"></source>
</clone>

<clone nlines="23" similarity="84">
<source file="systems/BreakFakeCMCC/Recreational Wrestling/ICustomTabsCallback.java" startline="325" endline="344" pcid="2295"></source>
<source file="systems/BreakFakeCMCC/Race Clicker/ITrustedWebActivityCallback.java" startline="92" endline="114" pcid="41"></source>
</clone>

<clone nlines="22" similarity="73">
<source file="systems/BreakFakeCMCC/Recreational Wrestling/ICustomTabsCallback.java" startline="284" endline="302" pcid="2293"></source>
<source file="systems/BreakFakeCMCC/Race Clicker/ITrustedWebActivityCallback.java" startline="92" endline="114" pcid="41"></source>
</clone>

<clone nlines="22" similarity="73">
<source file="systems/BreakFakeCMCC/Recreational Wrestling/ICustomTabsCallback.java" startline="157" endline="175" pcid="2285"></source>
<source file="systems/BreakFakeCMCC/Race Clicker/ITrustedWebActivityCallback.java" startline="92" endline="114" pcid="41"></source>
</clone>

<clone nlines="23" similarity="84">
<source file="systems/BreakFakeCMCC/Recreational Wrestling/ICustomTabsCallback.java" startline="132" endline="151" pcid="2283"></source>
<source file="systems/BreakFakeCMCC/Race Clicker/ITrustedWebActivityCallback.java" startline="135" endline="157" pcid="45"></source>
</clone>

<clone nlines="23" similarity="78">
<source file="systems/BreakFakeCMCC/Recreational Wrestling/ICustomTabsCallback.java" startline="177" endline="196" pcid="2286"></source>
<source file="systems/BreakFakeCMCC/Race Clicker/ITrustedWebActivityCallback.java" startline="135" endline="157" pcid="45"></source>
</clone>

<clone nlines="23" similarity="84">
<source file="systems/BreakFakeCMCC/Recreational Wrestling/ICustomTabsCallback.java" startline="198" endline="217" pcid="2287"></source>
<source file="systems/BreakFakeCMCC/Race Clicker/ITrustedWebActivityCallback.java" startline="135" endline="157" pcid="45"></source>
</clone>

<clone nlines="23" similarity="84">
<source file="systems/BreakFakeCMCC/Recreational Wrestling/ICustomTabsCallback.java" startline="259" endline="278" pcid="2291"></source>
<source file="systems/BreakFakeCMCC/Race Clicker/ITrustedWebActivityCallback.java" startline="135" endline="157" pcid="45"></source>
</clone>

<clone nlines="23" similarity="78">
<source file="systems/BreakFakeCMCC/Recreational Wrestling/ICustomTabsCallback.java" startline="304" endline="323" pcid="2294"></source>
<source file="systems/BreakFakeCMCC/Race Clicker/ITrustedWebActivityCallback.java" startline="135" endline="157" pcid="45"></source>
</clone>

<clone nlines="23" similarity="84">
<source file="systems/BreakFakeCMCC/Recreational Wrestling/ICustomTabsCallback.java" startline="325" endline="344" pcid="2295"></source>
<source file="systems/BreakFakeCMCC/Race Clicker/ITrustedWebActivityCallback.java" startline="135" endline="157" pcid="45"></source>
</clone>

<clone nlines="22" similarity="73">
<source file="systems/BreakFakeCMCC/Recreational Wrestling/ICustomTabsCallback.java" startline="284" endline="302" pcid="2293"></source>
<source file="systems/BreakFakeCMCC/Race Clicker/ITrustedWebActivityCallback.java" startline="135" endline="157" pcid="45"></source>
</clone>

<clone nlines="22" similarity="73">
<source file="systems/BreakFakeCMCC/Recreational Wrestling/ICustomTabsCallback.java" startline="157" endline="175" pcid="2285"></source>
<source file="systems/BreakFakeCMCC/Race Clicker/ITrustedWebActivityCallback.java" startline="135" endline="157" pcid="45"></source>
</clone>

<clone nlines="20" similarity="88">
<source file="systems/BreakFakeCMCC/android/support/v4/util/SparseArrayCompat.java" startline="54" endline="74" pcid="885"></source>
<source file="systems/BreakFakeCMCC/android/support/v4/util/LongSparseArray.java" startline="54" endline="74" pcid="857"></source>
</clone>

<clone nlines="19" similarity="100">
<source file="systems/BreakFakeCMCC/Race Simulator/AccessibilityServiceInfoCompat.java" startline="82" endline="100" pcid="4"></source>
<source file="systems/BreakFakeCMCC/android/support/v4/accessibilityservice/AccessibilityServiceInfoCompat.java" startline="82" endline="100" pcid="634"></source>
</clone>

<clone nlines="17" similarity="76">
<source file="systems/BreakFakeCMCC/Race Simulator/AccessibilityServiceInfoCompat.java" startline="34" endline="48" pcid="2"></source>
<source file="systems/BreakFakeCMCC/android/support/v4/accessibilityservice/AccessibilityServiceInfoCompat.java" startline="82" endline="100" pcid="634"></source>
</clone>

<clone nlines="17" similarity="76">
<source file="systems/BreakFakeCMCC/android/support/v4/accessibilityservice/AccessibilityServiceInfoCompat.java" startline="34" endline="48" pcid="632"></source>
<source file="systems/BreakFakeCMCC/android/support/v4/accessibilityservice/AccessibilityServiceInfoCompat.java" startline="82" endline="100" pcid="634"></source>
</clone>

<clone nlines="21" similarity="94">
<source file="systems/BreakFakeCMCC/Recreational Wrestling/ICustomTabsCallback.java" startline="132" endline="151" pcid="2283"></source>
<source file="systems/BreakFakeCMCC/Recreational Wrestling/ICustomTabsCallback.java" startline="177" endline="196" pcid="2286"></source>
</clone>

<clone nlines="21" similarity="100">
<source file="systems/BreakFakeCMCC/Recreational Wrestling/ICustomTabsCallback.java" startline="132" endline="151" pcid="2283"></source>
<source file="systems/BreakFakeCMCC/Recreational Wrestling/ICustomTabsCallback.java" startline="198" endline="217" pcid="2287"></source>
</clone>

<clone nlines="21" similarity="100">
<source file="systems/BreakFakeCMCC/Recreational Wrestling/ICustomTabsCallback.java" startline="132" endline="151" pcid="2283"></source>
<source file="systems/BreakFakeCMCC/Recreational Wrestling/ICustomTabsCallback.java" startline="259" endline="278" pcid="2291"></source>
</clone>

<clone nlines="21" similarity="94">
<source file="systems/BreakFakeCMCC/Recreational Wrestling/ICustomTabsCallback.java" startline="132" endline="151" pcid="2283"></source>
<source file="systems/BreakFakeCMCC/Recreational Wrestling/ICustomTabsCallback.java" startline="304" endline="323" pcid="2294"></source>
</clone>

<clone nlines="21" similarity="100">
<source file="systems/BreakFakeCMCC/Recreational Wrestling/ICustomTabsCallback.java" startline="132" endline="151" pcid="2283"></source>
<source file="systems/BreakFakeCMCC/Recreational Wrestling/ICustomTabsCallback.java" startline="325" endline="344" pcid="2295"></source>
</clone>

<clone nlines="21" similarity="88">
<source file="systems/BreakFakeCMCC/Recreational Wrestling/ICustomTabsCallback.java" startline="132" endline="151" pcid="2283"></source>
<source file="systems/BreakFakeCMCC/Recreational Wrestling/ICustomTabsCallback.java" startline="284" endline="302" pcid="2293"></source>
</clone>

<clone nlines="21" similarity="88">
<source file="systems/BreakFakeCMCC/Recreational Wrestling/ICustomTabsCallback.java" startline="132" endline="151" pcid="2283"></source>
<source file="systems/BreakFakeCMCC/Recreational Wrestling/ICustomTabsCallback.java" startline="157" endline="175" pcid="2285"></source>
</clone>

<clone nlines="21" similarity="94">
<source file="systems/BreakFakeCMCC/Recreational Wrestling/ICustomTabsCallback.java" startline="177" endline="196" pcid="2286"></source>
<source file="systems/BreakFakeCMCC/Recreational Wrestling/ICustomTabsCallback.java" startline="198" endline="217" pcid="2287"></source>
</clone>

<clone nlines="21" similarity="94">
<source file="systems/BreakFakeCMCC/Recreational Wrestling/ICustomTabsCallback.java" startline="177" endline="196" pcid="2286"></source>
<source file="systems/BreakFakeCMCC/Recreational Wrestling/ICustomTabsCallback.java" startline="259" endline="278" pcid="2291"></source>
</clone>

<clone nlines="21" similarity="100">
<source file="systems/BreakFakeCMCC/Recreational Wrestling/ICustomTabsCallback.java" startline="177" endline="196" pcid="2286"></source>
<source file="systems/BreakFakeCMCC/Recreational Wrestling/ICustomTabsCallback.java" startline="304" endline="323" pcid="2294"></source>
</clone>

<clone nlines="21" similarity="94">
<source file="systems/BreakFakeCMCC/Recreational Wrestling/ICustomTabsCallback.java" startline="177" endline="196" pcid="2286"></source>
<source file="systems/BreakFakeCMCC/Recreational Wrestling/ICustomTabsCallback.java" startline="325" endline="344" pcid="2295"></source>
</clone>

<clone nlines="21" similarity="88">
<source file="systems/BreakFakeCMCC/Recreational Wrestling/ICustomTabsCallback.java" startline="177" endline="196" pcid="2286"></source>
<source file="systems/BreakFakeCMCC/Recreational Wrestling/ICustomTabsCallback.java" startline="284" endline="302" pcid="2293"></source>
</clone>

<clone nlines="21" similarity="88">
<source file="systems/BreakFakeCMCC/Recreational Wrestling/ICustomTabsCallback.java" startline="157" endline="175" pcid="2285"></source>
<source file="systems/BreakFakeCMCC/Recreational Wrestling/ICustomTabsCallback.java" startline="177" endline="196" pcid="2286"></source>
</clone>

<clone nlines="21" similarity="100">
<source file="systems/BreakFakeCMCC/Recreational Wrestling/ICustomTabsCallback.java" startline="198" endline="217" pcid="2287"></source>
<source file="systems/BreakFakeCMCC/Recreational Wrestling/ICustomTabsCallback.java" startline="259" endline="278" pcid="2291"></source>
</clone>

<clone nlines="21" similarity="94">
<source file="systems/BreakFakeCMCC/Recreational Wrestling/ICustomTabsCallback.java" startline="198" endline="217" pcid="2287"></source>
<source file="systems/BreakFakeCMCC/Recreational Wrestling/ICustomTabsCallback.java" startline="304" endline="323" pcid="2294"></source>
</clone>

<clone nlines="21" similarity="100">
<source file="systems/BreakFakeCMCC/Recreational Wrestling/ICustomTabsCallback.java" startline="198" endline="217" pcid="2287"></source>
<source file="systems/BreakFakeCMCC/Recreational Wrestling/ICustomTabsCallback.java" startline="325" endline="344" pcid="2295"></source>
</clone>

<clone nlines="21" similarity="88">
<source file="systems/BreakFakeCMCC/Recreational Wrestling/ICustomTabsCallback.java" startline="198" endline="217" pcid="2287"></source>
<source file="systems/BreakFakeCMCC/Recreational Wrestling/ICustomTabsCallback.java" startline="284" endline="302" pcid="2293"></source>
</clone>

<clone nlines="21" similarity="88">
<source file="systems/BreakFakeCMCC/Recreational Wrestling/ICustomTabsCallback.java" startline="157" endline="175" pcid="2285"></source>
<source file="systems/BreakFakeCMCC/Recreational Wrestling/ICustomTabsCallback.java" startline="198" endline="217" pcid="2287"></source>
</clone>

<clone nlines="21" similarity="94">
<source file="systems/BreakFakeCMCC/Recreational Wrestling/ICustomTabsCallback.java" startline="259" endline="278" pcid="2291"></source>
<source file="systems/BreakFakeCMCC/Recreational Wrestling/ICustomTabsCallback.java" startline="304" endline="323" pcid="2294"></source>
</clone>

<clone nlines="21" similarity="100">
<source file="systems/BreakFakeCMCC/Recreational Wrestling/ICustomTabsCallback.java" startline="259" endline="278" pcid="2291"></source>
<source file="systems/BreakFakeCMCC/Recreational Wrestling/ICustomTabsCallback.java" startline="325" endline="344" pcid="2295"></source>
</clone>

<clone nlines="21" similarity="88">
<source file="systems/BreakFakeCMCC/Recreational Wrestling/ICustomTabsCallback.java" startline="259" endline="278" pcid="2291"></source>
<source file="systems/BreakFakeCMCC/Recreational Wrestling/ICustomTabsCallback.java" startline="284" endline="302" pcid="2293"></source>
</clone>

<clone nlines="21" similarity="88">
<source file="systems/BreakFakeCMCC/Recreational Wrestling/ICustomTabsCallback.java" startline="157" endline="175" pcid="2285"></source>
<source file="systems/BreakFakeCMCC/Recreational Wrestling/ICustomTabsCallback.java" startline="259" endline="278" pcid="2291"></source>
</clone>

<clone nlines="21" similarity="94">
<source file="systems/BreakFakeCMCC/Recreational Wrestling/ICustomTabsCallback.java" startline="304" endline="323" pcid="2294"></source>
<source file="systems/BreakFakeCMCC/Recreational Wrestling/ICustomTabsCallback.java" startline="325" endline="344" pcid="2295"></source>
</clone>

<clone nlines="21" similarity="88">
<source file="systems/BreakFakeCMCC/Recreational Wrestling/ICustomTabsCallback.java" startline="284" endline="302" pcid="2293"></source>
<source file="systems/BreakFakeCMCC/Recreational Wrestling/ICustomTabsCallback.java" startline="304" endline="323" pcid="2294"></source>
</clone>

<clone nlines="21" similarity="88">
<source file="systems/BreakFakeCMCC/Recreational Wrestling/ICustomTabsCallback.java" startline="157" endline="175" pcid="2285"></source>
<source file="systems/BreakFakeCMCC/Recreational Wrestling/ICustomTabsCallback.java" startline="304" endline="323" pcid="2294"></source>
</clone>

<clone nlines="21" similarity="88">
<source file="systems/BreakFakeCMCC/Recreational Wrestling/ICustomTabsCallback.java" startline="284" endline="302" pcid="2293"></source>
<source file="systems/BreakFakeCMCC/Recreational Wrestling/ICustomTabsCallback.java" startline="325" endline="344" pcid="2295"></source>
</clone>

<clone nlines="21" similarity="88">
<source file="systems/BreakFakeCMCC/Recreational Wrestling/ICustomTabsCallback.java" startline="157" endline="175" pcid="2285"></source>
<source file="systems/BreakFakeCMCC/Recreational Wrestling/ICustomTabsCallback.java" startline="325" endline="344" pcid="2295"></source>
</clone>

<clone nlines="17" similarity="76">
<source file="systems/BreakFakeCMCC/Race Simulator/AccessibilityServiceInfoCompat.java" startline="34" endline="48" pcid="2"></source>
<source file="systems/BreakFakeCMCC/Race Simulator/AccessibilityServiceInfoCompat.java" startline="82" endline="100" pcid="4"></source>
</clone>

<clone nlines="17" similarity="76">
<source file="systems/BreakFakeCMCC/Race Simulator/AccessibilityServiceInfoCompat.java" startline="82" endline="100" pcid="4"></source>
<source file="systems/BreakFakeCMCC/android/support/v4/accessibilityservice/AccessibilityServiceInfoCompat.java" startline="34" endline="48" pcid="632"></source>
</clone>

<clone nlines="20" similarity="87">
<source file="systems/BreakFakeCMCC/android/support/v4/app/LoaderManagerImpl.java" startline="102" endline="122" pcid="93"></source>
<source file="systems/BreakFakeCMCC/android/support/v4/app/LoaderManagerImpl.java" startline="124" endline="143" pcid="94"></source>
</clone>

<clone nlines="18" similarity="100">
<source file="systems/BreakFakeCMCC/Recreational Wrestling/ICustomTabsService.java" startline="294" endline="312" pcid="2311"></source>
<source file="systems/BreakFakeCMCC/Recreational Wrestling/ICustomTabsService.java" startline="543" endline="561" pcid="2322"></source>
</clone>

<clone nlines="20" similarity="100">
<source file="systems/BreakFakeCMCC/Recreational Wrestling/ICustomTabsCallback.java" startline="157" endline="175" pcid="2285"></source>
<source file="systems/BreakFakeCMCC/Recreational Wrestling/ICustomTabsCallback.java" startline="284" endline="302" pcid="2293"></source>
</clone>

<clone nlines="18" similarity="93">
<source file="systems/BreakFakeCMCC/android/support/v4/util/MapCollections.java" startline="493" endline="510" pcid="993"></source>
<source file="systems/BreakFakeCMCC/android/support/v4/util/MapCollections.java" startline="512" endline="529" pcid="994"></source>
</clone>

<clone nlines="19" similarity="100">
<source file="systems/BreakFakeCMCC/android/support/v4/util/SparseArrayCompat.java" startline="231" endline="250" pcid="900"></source>
<source file="systems/BreakFakeCMCC/android/support/v4/util/LongSparseArray.java" startline="223" endline="242" pcid="871"></source>
</clone>

<clone nlines="14" similarity="71">
<source file="systems/BreakFakeCMCC/android/support/v4/text/TextDirectionHeuristicsCompat.java" startline="32" endline="43" pcid="619"></source>
<source file="systems/BreakFakeCMCC/android/support/v4/text/TextDirectionHeuristicsCompat.java" startline="45" endline="60" pcid="620"></source>
</clone>

<clone nlines="15" similarity="100">
<source file="systems/BreakFakeCMCC/Race Simulator/AccessibilityServiceInfoCompat.java" startline="34" endline="48" pcid="2"></source>
<source file="systems/BreakFakeCMCC/android/support/v4/accessibilityservice/AccessibilityServiceInfoCompat.java" startline="34" endline="48" pcid="632"></source>
</clone>

<clone nlines="12" similarity="75">
<source file="systems/BreakFakeCMCC/android/support/v4/view/GestureDetectorCompat.java" startline="124" endline="137" pcid="1917"></source>
<source file="systems/BreakFakeCMCC/android/support/v4/view/GestureDetectorCompat.java" startline="139" endline="149" pcid="1918"></source>
</clone>

<clone nlines="13" similarity="75">
<source file="systems/BreakFakeCMCC/android/support/v4/app/LoaderManagerImpl.java" startline="651" endline="661" pcid="115"></source>
<source file="systems/BreakFakeCMCC/android/support/v4/app/BackStackRecord.java" startline="803" endline="817" pcid="436"></source>
</clone>

<clone nlines="16" similarity="81">
<source file="systems/BreakFakeCMCC/android/support/v4/view/accessibility/AccessibilityNodeProviderCompatJellyBean.java" startline="9" endline="23" pcid="1445"></source>
<source file="systems/BreakFakeCMCC/android/support/v4/view/accessibility/AccessibilityNodeProviderCompatKitKat.java" startline="9" endline="27" pcid="1865"></source>
</clone>

<clone nlines="14" similarity="100">
<source file="systems/BreakFakeCMCC/android/support/v4/view/accessibility/AccessibilityRecordCompat.java" startline="26" endline="43" pcid="1668"></source>
<source file="systems/BreakFakeCMCC/android/support/v4/view/accessibility/AccessibilityNodeInfoCompat.java" startline="156" endline="173" pcid="1463"></source>
</clone>

<clone nlines="14" similarity="90">
<source file="systems/BreakFakeCMCC/android/support/v4/content/ContextCompat.java" startline="34" endline="47" pcid="802"></source>
<source file="systems/BreakFakeCMCC/android/support/v4/content/ContextCompat.java" startline="64" endline="77" pcid="804"></source>
</clone>

<clone nlines="13" similarity="90">
<source file="systems/BreakFakeCMCC/android/support/v4/util/SparseArrayCompat.java" startline="85" endline="96" pcid="887"></source>
<source file="systems/BreakFakeCMCC/android/support/v4/util/LongSparseArray.java" startline="85" endline="96" pcid="859"></source>
</clone>

<clone nlines="14" similarity="100">
<source file="systems/BreakFakeCMCC/android/support/v4/app/FragmentStatePagerAdapter.java" startline="130" endline="143" pcid="318"></source>
<source file="systems/BreakFakeCMCC/android/support/v4/app/FragmentPagerAdapter.java" startline="79" endline="92" pcid="163"></source>
</clone>

<clone nlines="13" similarity="90">
<source file="systems/BreakFakeCMCC/android/support/v4/app/ShareCompat.java" startline="307" endline="319" pcid="242"></source>
<source file="systems/BreakFakeCMCC/android/support/v4/app/ShareCompat.java" startline="335" endline="347" pcid="244"></source>
</clone>

<clone nlines="13" similarity="90">
<source file="systems/BreakFakeCMCC/android/support/v4/app/ShareCompat.java" startline="321" endline="333" pcid="243"></source>
<source file="systems/BreakFakeCMCC/android/support/v4/app/ShareCompat.java" startline="335" endline="347" pcid="244"></source>
</clone>

<clone nlines="13" similarity="100">
<source file="systems/BreakFakeCMCC/android/support/v4/app/ShareCompat.java" startline="307" endline="319" pcid="242"></source>
<source file="systems/BreakFakeCMCC/android/support/v4/app/ShareCompat.java" startline="321" endline="333" pcid="243"></source>
</clone>

<clone nlines="12" similarity="88">
<source file="systems/BreakFakeCMCC/android/support/v4/util/SparseArrayCompat.java" startline="18" endline="28" pcid="883"></source>
<source file="systems/BreakFakeCMCC/android/support/v4/util/LongSparseArray.java" startline="18" endline="28" pcid="855"></source>
</clone>

<clone nlines="13" similarity="77">
<source file="systems/BreakFakeCMCC/android/support/v4/view/PagerTabStrip.java" startline="151" endline="162" pcid="1363"></source>
<source file="systems/BreakFakeCMCC/android/support/v4/view/PagerTabStrip.java" startline="164" endline="175" pcid="1364"></source>
</clone>

<clone nlines="13" similarity="88">
<source file="systems/BreakFakeCMCC/android/support/v4/view/PagerTabStrip.java" startline="151" endline="162" pcid="1363"></source>
<source file="systems/BreakFakeCMCC/android/support/v4/view/PagerTabStrip.java" startline="177" endline="188" pcid="1365"></source>
</clone>

<clone nlines="12" similarity="88">
<source file="systems/BreakFakeCMCC/android/support/v4/util/AtomicFile.java" startline="39" endline="50" pcid="876"></source>
<source file="systems/BreakFakeCMCC/android/support/v4/util/AtomicFile.java" startline="52" endline="62" pcid="877"></source>
</clone>

<clone nlines="13" similarity="77">
<source file="systems/BreakFakeCMCC/android/support/v4/view/PagerTabStrip.java" startline="164" endline="175" pcid="1364"></source>
<source file="systems/BreakFakeCMCC/android/support/v4/view/PagerTabStrip.java" startline="177" endline="188" pcid="1365"></source>
</clone>

<clone nlines="10" similarity="75">
<source file="systems/BreakFakeCMCC/android/support/v4/widget/ViewDragHelper.java" startline="192" endline="203" pcid="1011"></source>
<source file="systems/BreakFakeCMCC/android/support/v4/widget/ViewDragHelper.java" startline="205" endline="216" pcid="1012"></source>
</clone>

<clone nlines="11" similarity="75">
<source file="systems/BreakFakeCMCC/android/support/v4/util/SparseArrayCompat.java" startline="110" endline="120" pcid="890"></source>
<source file="systems/BreakFakeCMCC/android/support/v4/util/LongSparseArray.java" startline="110" endline="120" pcid="862"></source>
</clone>

<clone nlines="10" similarity="85">
<source file="systems/BreakFakeCMCC/android/support/v4/widget/CursorAdapter.java" startline="48" endline="56" pcid="1157"></source>
<source file="systems/BreakFakeCMCC/android/support/v4/widget/CursorAdapter.java" startline="172" endline="180" pcid="1170"></source>
</clone>

<clone nlines="10" similarity="85">
<source file="systems/BreakFakeCMCC/android/support/v4/util/SimpleArrayMap.java" startline="348" endline="356" pcid="913"></source>
<source file="systems/BreakFakeCMCC/android/support/v4/util/SimpleArrayMap.java" startline="650" endline="658" pcid="922"></source>
</clone>

</clones>
