<clones>
<systeminfo processor="nicad6" system="BreakFakeCMCC" granularity="functions-blind" threshold="30%" minlines="10" maxlines="2500"/>
<cloneinfo npcs="2322" npairs="202"/>
<runinfo ncompares="18423" cputime="176629"/>
<classinfo nclasses="30"/>

<class classid="1" nclones="4" nlines="16" similarity="76">
<source file="systems/BreakFakeCMCC/Race Simulator/AccessibilityServiceInfoCompat.java" startline="34" endline="48" pcid="2">
  public static String capabilityToString(int paramInt) {
    switch (paramInt) {
      default:
        return "UNKNOWN";
      case 1:
        return "CAPABILITY_CAN_RETRIEVE_WINDOW_CONTENT";
      case 2:
        return "CAPABILITY_CAN_REQUEST_TOUCH_EXPLORATION";
      case 4:
        return "CAPABILITY_CAN_REQUEST_ENHANCED_WEB_ACCESSIBILITY";
      case 8:
        break;
    } 
    return "CAPABILITY_CAN_FILTER_KEY_EVENTS";
  }
</source>
<source file="systems/BreakFakeCMCC/android/support/v4/accessibilityservice/AccessibilityServiceInfoCompat.java" startline="82" endline="100" pcid="634">
  public static String flagToString(int paramInt) {
    switch (paramInt) {
      default:
        return null;
      case 1:
        return "DEFAULT";
      case 2:
        return "FLAG_INCLUDE_NOT_IMPORTANT_VIEWS";
      case 4:
        return "FLAG_REQUEST_TOUCH_EXPLORATION_MODE";
      case 8:
        return "FLAG_REQUEST_ENHANCED_WEB_ACCESSIBILITY";
      case 16:
        return "FLAG_REPORT_VIEW_IDS";
      case 32:
        break;
    } 
    return "FLAG_REQUEST_FILTER_KEY_EVENTS";
  }
</source>
<source file="systems/BreakFakeCMCC/android/support/v4/accessibilityservice/AccessibilityServiceInfoCompat.java" startline="34" endline="48" pcid="632">
  public static String capabilityToString(int paramInt) {
    switch (paramInt) {
      default:
        return "UNKNOWN";
      case 1:
        return "CAPABILITY_CAN_RETRIEVE_WINDOW_CONTENT";
      case 2:
        return "CAPABILITY_CAN_REQUEST_TOUCH_EXPLORATION";
      case 4:
        return "CAPABILITY_CAN_REQUEST_ENHANCED_WEB_ACCESSIBILITY";
      case 8:
        break;
    } 
    return "CAPABILITY_CAN_FILTER_KEY_EVENTS";
  }
</source>
<source file="systems/BreakFakeCMCC/Race Simulator/AccessibilityServiceInfoCompat.java" startline="82" endline="100" pcid="4">
  public static String flagToString(int paramInt) {
    switch (paramInt) {
      default:
        return null;
      case 1:
        return "DEFAULT";
      case 2:
        return "FLAG_INCLUDE_NOT_IMPORTANT_VIEWS";
      case 4:
        return "FLAG_REQUEST_TOUCH_EXPLORATION_MODE";
      case 8:
        return "FLAG_REQUEST_ENHANCED_WEB_ACCESSIBILITY";
      case 16:
        return "FLAG_REPORT_VIEW_IDS";
      case 32:
        break;
    } 
    return "FLAG_REQUEST_FILTER_KEY_EVENTS";
  }
</source>
</class>

<class classid="2" nclones="2" nlines="30" similarity="100">
<source file="systems/BreakFakeCMCC/Race Simulator/AccessibilityServiceInfoCompat.java" startline="50" endline="80" pcid="3">
  public static String feedbackTypeToString(int paramInt) {
    StringBuilder stringBuilder = new StringBuilder();
    stringBuilder.append("[");
    while (paramInt > 0) {
      int i = 1 << Integer.numberOfTrailingZeros(paramInt);
      paramInt &= i ^ 0xFFFFFFFF;
      if (stringBuilder.length() > 1)
        stringBuilder.append(", "); 
      switch (i) {
        default:
          continue;
        case 1:
          stringBuilder.append("FEEDBACK_SPOKEN");
          continue;
        case 4:
          stringBuilder.append("FEEDBACK_AUDIBLE");
          continue;
        case 2:
          stringBuilder.append("FEEDBACK_HAPTIC");
          continue;
        case 16:
          stringBuilder.append("FEEDBACK_GENERIC");
          continue;
        case 8:
          break;
      } 
      stringBuilder.append("FEEDBACK_VISUAL");
    } 
    stringBuilder.append("]");
    return stringBuilder.toString();
  }
</source>
<source file="systems/BreakFakeCMCC/android/support/v4/accessibilityservice/AccessibilityServiceInfoCompat.java" startline="50" endline="80" pcid="633">
  public static String feedbackTypeToString(int paramInt) {
    StringBuilder stringBuilder = new StringBuilder();
    stringBuilder.append("[");
    while (paramInt > 0) {
      int i = 1 << Integer.numberOfTrailingZeros(paramInt);
      paramInt &= i ^ 0xFFFFFFFF;
      if (stringBuilder.length() > 1)
        stringBuilder.append(", "); 
      switch (i) {
        default:
          continue;
        case 1:
          stringBuilder.append("FEEDBACK_SPOKEN");
          continue;
        case 4:
          stringBuilder.append("FEEDBACK_AUDIBLE");
          continue;
        case 2:
          stringBuilder.append("FEEDBACK_HAPTIC");
          continue;
        case 16:
          stringBuilder.append("FEEDBACK_GENERIC");
          continue;
        case 8:
          break;
      } 
      stringBuilder.append("FEEDBACK_VISUAL");
    } 
    stringBuilder.append("]");
    return stringBuilder.toString();
  }
</source>
</class>

<class classid="3" nclones="26" nlines="26" similarity="71">
<source file="systems/BreakFakeCMCC/Race Clicker/ITrustedWebActivityCallback.java" startline="92" endline="114" pcid="41">
      public void onExtraCallback(String param2String, Bundle param2Bundle) throws RemoteException {
        Parcel parcel1 = Parcel.obtain();
        Parcel parcel2 = Parcel.obtain();
        try {
          parcel1.writeInterfaceToken("android.support.customtabs.trusted.ITrustedWebActivityCallback");
          parcel1.writeString(param2String);
          if (param2Bundle != null) {
            parcel1.writeInt(1);
            param2Bundle.writeToParcel(parcel1, 0);
          } else {
            parcel1.writeInt(0);
          } 
          if (!this.mRemote.transact(2, parcel1, parcel2, 0) && ITrustedWebActivityCallback.Stub.getDefaultImpl() != null) {
            ITrustedWebActivityCallback.Stub.getDefaultImpl().onExtraCallback(param2String, param2Bundle);
            return;
          } 
          parcel2.readException();
          return;
        } finally {
          parcel2.recycle();
          parcel1.recycle();
        } 
      }
</source>
<source file="systems/BreakFakeCMCC/Race Clicker/ITrustedWebActivityCallback.java" startline="135" endline="157" pcid="45">
    public void onExtraCallback(String param1String, Bundle param1Bundle) throws RemoteException {
      Parcel parcel1 = Parcel.obtain();
      Parcel parcel2 = Parcel.obtain();
      try {
        parcel1.writeInterfaceToken("android.support.customtabs.trusted.ITrustedWebActivityCallback");
        parcel1.writeString(param1String);
        if (param1Bundle != null) {
          parcel1.writeInt(1);
          param1Bundle.writeToParcel(parcel1, 0);
        } else {
          parcel1.writeInt(0);
        } 
        if (!this.mRemote.transact(2, parcel1, parcel2, 0) && ITrustedWebActivityCallback.Stub.getDefaultImpl() != null) {
          ITrustedWebActivityCallback.Stub.getDefaultImpl().onExtraCallback(param1String, param1Bundle);
          return;
        } 
        parcel2.readException();
        return;
      } finally {
        parcel2.recycle();
        parcel1.recycle();
      } 
    }
</source>
<source file="systems/BreakFakeCMCC/Recreational Wrestling/IPostMessageService.java" startline="82" endline="106" pcid="2270">
      public void onMessageChannelReady(ICustomTabsCallback param2ICustomTabsCallback, Bundle param2Bundle) throws RemoteException {
        Parcel parcel1 = Parcel.obtain();
        Parcel parcel2 = Parcel.obtain();
        try {
          parcel1.writeInterfaceToken("android.support.customtabs.IPostMessageService");
          if (param2ICustomTabsCallback != null) {
            IBinder iBinder = param2ICustomTabsCallback.asBinder();
          } else {
            param2ICustomTabsCallback = null;
          } 
          parcel1.writeStrongBinder((IBinder)param2ICustomTabsCallback);
          if (param2Bundle != null) {
            parcel1.writeInt(1);
            param2Bundle.writeToParcel(parcel1, 0);
          } else {
            parcel1.writeInt(0);
          } 
          this.mRemote.transact(2, parcel1, parcel2, 0);
          parcel2.readException();
          return;
        } finally {
          parcel2.recycle();
          parcel1.recycle();
        } 
      }
</source>
<source file="systems/BreakFakeCMCC/Recreational Wrestling/ICustomTabsCallback.java" startline="132" endline="151" pcid="2283">
      public void extraCallback(String param2String, Bundle param2Bundle) throws RemoteException {
        Parcel parcel1 = Parcel.obtain();
        Parcel parcel2 = Parcel.obtain();
        try {
          parcel1.writeInterfaceToken("android.support.customtabs.ICustomTabsCallback");
          parcel1.writeString(param2String);
          if (param2Bundle != null) {
            parcel1.writeInt(1);
            param2Bundle.writeToParcel(parcel1, 0);
          } else {
            parcel1.writeInt(0);
          } 
          this.mRemote.transact(3, parcel1, parcel2, 0);
          parcel2.readException();
          return;
        } finally {
          parcel2.recycle();
          parcel1.recycle();
        } 
      }
</source>
<source file="systems/BreakFakeCMCC/Recreational Wrestling/ICustomTabsCallback.java" startline="177" endline="196" pcid="2286">
      public void onNavigationEvent(int param2Int, Bundle param2Bundle) throws RemoteException {
        Parcel parcel1 = Parcel.obtain();
        Parcel parcel2 = Parcel.obtain();
        try {
          parcel1.writeInterfaceToken("android.support.customtabs.ICustomTabsCallback");
          parcel1.writeInt(param2Int);
          if (param2Bundle != null) {
            parcel1.writeInt(1);
            param2Bundle.writeToParcel(parcel1, 0);
          } else {
            parcel1.writeInt(0);
          } 
          this.mRemote.transact(2, parcel1, parcel2, 0);
          parcel2.readException();
          return;
        } finally {
          parcel2.recycle();
          parcel1.recycle();
        } 
      }
</source>
<source file="systems/BreakFakeCMCC/Recreational Wrestling/ICustomTabsCallback.java" startline="198" endline="217" pcid="2287">
      public void onPostMessage(String param2String, Bundle param2Bundle) throws RemoteException {
        Parcel parcel1 = Parcel.obtain();
        Parcel parcel2 = Parcel.obtain();
        try {
          parcel1.writeInterfaceToken("android.support.customtabs.ICustomTabsCallback");
          parcel1.writeString(param2String);
          if (param2Bundle != null) {
            parcel1.writeInt(1);
            param2Bundle.writeToParcel(parcel1, 0);
          } else {
            parcel1.writeInt(0);
          } 
          this.mRemote.transact(5, parcel1, parcel2, 0);
          parcel2.readException();
          return;
        } finally {
          parcel2.recycle();
          parcel1.recycle();
        } 
      }
</source>
<source file="systems/BreakFakeCMCC/Recreational Wrestling/ICustomTabsCallback.java" startline="259" endline="278" pcid="2291">
    public void extraCallback(String param1String, Bundle param1Bundle) throws RemoteException {
      Parcel parcel1 = Parcel.obtain();
      Parcel parcel2 = Parcel.obtain();
      try {
        parcel1.writeInterfaceToken("android.support.customtabs.ICustomTabsCallback");
        parcel1.writeString(param1String);
        if (param1Bundle != null) {
          parcel1.writeInt(1);
          param1Bundle.writeToParcel(parcel1, 0);
        } else {
          parcel1.writeInt(0);
        } 
        this.mRemote.transact(3, parcel1, parcel2, 0);
        parcel2.readException();
        return;
      } finally {
        parcel2.recycle();
        parcel1.recycle();
      } 
    }
</source>
<source file="systems/BreakFakeCMCC/Recreational Wrestling/ICustomTabsCallback.java" startline="304" endline="323" pcid="2294">
    public void onNavigationEvent(int param1Int, Bundle param1Bundle) throws RemoteException {
      Parcel parcel1 = Parcel.obtain();
      Parcel parcel2 = Parcel.obtain();
      try {
        parcel1.writeInterfaceToken("android.support.customtabs.ICustomTabsCallback");
        parcel1.writeInt(param1Int);
        if (param1Bundle != null) {
          parcel1.writeInt(1);
          param1Bundle.writeToParcel(parcel1, 0);
        } else {
          parcel1.writeInt(0);
        } 
        this.mRemote.transact(2, parcel1, parcel2, 0);
        parcel2.readException();
        return;
      } finally {
        parcel2.recycle();
        parcel1.recycle();
      } 
    }
</source>
<source file="systems/BreakFakeCMCC/Recreational Wrestling/IPostMessageService.java" startline="152" endline="176" pcid="2275">
    public void onMessageChannelReady(ICustomTabsCallback param1ICustomTabsCallback, Bundle param1Bundle) throws RemoteException {
      Parcel parcel1 = Parcel.obtain();
      Parcel parcel2 = Parcel.obtain();
      try {
        parcel1.writeInterfaceToken("android.support.customtabs.IPostMessageService");
        if (param1ICustomTabsCallback != null) {
          IBinder iBinder = param1ICustomTabsCallback.asBinder();
        } else {
          param1ICustomTabsCallback = null;
        } 
        parcel1.writeStrongBinder((IBinder)param1ICustomTabsCallback);
        if (param1Bundle != null) {
          parcel1.writeInt(1);
          param1Bundle.writeToParcel(parcel1, 0);
        } else {
          parcel1.writeInt(0);
        } 
        this.mRemote.transact(2, parcel1, parcel2, 0);
        parcel2.readException();
        return;
      } finally {
        parcel2.recycle();
        parcel1.recycle();
      } 
    }
</source>
<source file="systems/BreakFakeCMCC/Recreational Wrestling/ICustomTabsCallback.java" startline="325" endline="344" pcid="2295">
    public void onPostMessage(String param1String, Bundle param1Bundle) throws RemoteException {
      Parcel parcel1 = Parcel.obtain();
      Parcel parcel2 = Parcel.obtain();
      try {
        parcel1.writeInterfaceToken("android.support.customtabs.ICustomTabsCallback");
        parcel1.writeString(param1String);
        if (param1Bundle != null) {
          parcel1.writeInt(1);
          param1Bundle.writeToParcel(parcel1, 0);
        } else {
          parcel1.writeInt(0);
        } 
        this.mRemote.transact(5, parcel1, parcel2, 0);
        parcel2.readException();
        return;
      } finally {
        parcel2.recycle();
        parcel1.recycle();
      } 
    }
</source>
<source file="systems/BreakFakeCMCC/Recreational Wrestling/ICustomTabsCallback.java" startline="284" endline="302" pcid="2293">
    public void onMessageChannelReady(Bundle param1Bundle) throws RemoteException {
      Parcel parcel1 = Parcel.obtain();
      Parcel parcel2 = Parcel.obtain();
      try {
        parcel1.writeInterfaceToken("android.support.customtabs.ICustomTabsCallback");
        if (param1Bundle != null) {
          parcel1.writeInt(1);
          param1Bundle.writeToParcel(parcel1, 0);
        } else {
          parcel1.writeInt(0);
        } 
        this.mRemote.transact(4, parcel1, parcel2, 0);
        parcel2.readException();
        return;
      } finally {
        parcel2.recycle();
        parcel1.recycle();
      } 
    }
</source>
<source file="systems/BreakFakeCMCC/Recreational Wrestling/ICustomTabsCallback.java" startline="157" endline="175" pcid="2285">
      public void onMessageChannelReady(Bundle param2Bundle) throws RemoteException {
        Parcel parcel1 = Parcel.obtain();
        Parcel parcel2 = Parcel.obtain();
        try {
          parcel1.writeInterfaceToken("android.support.customtabs.ICustomTabsCallback");
          if (param2Bundle != null) {
            parcel1.writeInt(1);
            param2Bundle.writeToParcel(parcel1, 0);
          } else {
            parcel1.writeInt(0);
          } 
          this.mRemote.transact(4, parcel1, parcel2, 0);
          parcel2.readException();
          return;
        } finally {
          parcel2.recycle();
          parcel1.recycle();
        } 
      }
</source>
<source file="systems/BreakFakeCMCC/Recreational Wrestling/IPostMessageService.java" startline="178" endline="203" pcid="2276">
    public void onPostMessage(ICustomTabsCallback param1ICustomTabsCallback, String param1String, Bundle param1Bundle) throws RemoteException {
      Parcel parcel1 = Parcel.obtain();
      Parcel parcel2 = Parcel.obtain();
      try {
        parcel1.writeInterfaceToken("android.support.customtabs.IPostMessageService");
        if (param1ICustomTabsCallback != null) {
          IBinder iBinder = param1ICustomTabsCallback.asBinder();
        } else {
          param1ICustomTabsCallback = null;
        } 
        parcel1.writeStrongBinder((IBinder)param1ICustomTabsCallback);
        parcel1.writeString(param1String);
        if (param1Bundle != null) {
          parcel1.writeInt(1);
          param1Bundle.writeToParcel(parcel1, 0);
        } else {
          parcel1.writeInt(0);
        } 
        this.mRemote.transact(3, parcel1, parcel2, 0);
        parcel2.readException();
        return;
      } finally {
        parcel2.recycle();
        parcel1.recycle();
      } 
    }
</source>
<source file="systems/BreakFakeCMCC/Recreational Wrestling/ICustomTabsService.java" startline="197" endline="225" pcid="2308">
      public boolean requestPostMessageChannel(ICustomTabsCallback param2ICustomTabsCallback, Uri param2Uri) throws RemoteException {
        Parcel parcel1 = Parcel.obtain();
        Parcel parcel2 = Parcel.obtain();
        try {
          parcel1.writeInterfaceToken("android.support.customtabs.ICustomTabsService");
          if (param2ICustomTabsCallback != null) {
            IBinder iBinder = param2ICustomTabsCallback.asBinder();
          } else {
            param2ICustomTabsCallback = null;
          } 
          parcel1.writeStrongBinder((IBinder)param2ICustomTabsCallback);
          boolean bool = true;
          if (param2Uri != null) {
            parcel1.writeInt(1);
            param2Uri.writeToParcel(parcel1, 0);
          } else {
            parcel1.writeInt(0);
          } 
          this.mRemote.transact(7, parcel1, parcel2, 0);
          parcel2.readException();
          int i = parcel2.readInt();
          if (i == 0)
            bool = false; 
          return bool;
        } finally {
          parcel2.recycle();
          parcel1.recycle();
        } 
      }
</source>
<source file="systems/BreakFakeCMCC/Recreational Wrestling/ICustomTabsService.java" startline="419" endline="444" pcid="2318">
    public int postMessage(ICustomTabsCallback param1ICustomTabsCallback, String param1String, Bundle param1Bundle) throws RemoteException {
      Parcel parcel1 = Parcel.obtain();
      Parcel parcel2 = Parcel.obtain();
      try {
        parcel1.writeInterfaceToken("android.support.customtabs.ICustomTabsService");
        if (param1ICustomTabsCallback != null) {
          IBinder iBinder = param1ICustomTabsCallback.asBinder();
        } else {
          param1ICustomTabsCallback = null;
        } 
        parcel1.writeStrongBinder((IBinder)param1ICustomTabsCallback);
        parcel1.writeString(param1String);
        if (param1Bundle != null) {
          parcel1.writeInt(1);
          param1Bundle.writeToParcel(parcel1, 0);
        } else {
          parcel1.writeInt(0);
        } 
        this.mRemote.transact(8, parcel1, parcel2, 0);
        parcel2.readException();
        return parcel2.readInt();
      } finally {
        parcel2.recycle();
        parcel1.recycle();
      } 
    }
</source>
<source file="systems/BreakFakeCMCC/Recreational Wrestling/ICustomTabsService.java" startline="446" endline="474" pcid="2319">
    public boolean requestPostMessageChannel(ICustomTabsCallback param1ICustomTabsCallback, Uri param1Uri) throws RemoteException {
      Parcel parcel1 = Parcel.obtain();
      Parcel parcel2 = Parcel.obtain();
      try {
        parcel1.writeInterfaceToken("android.support.customtabs.ICustomTabsService");
        if (param1ICustomTabsCallback != null) {
          IBinder iBinder = param1ICustomTabsCallback.asBinder();
        } else {
          param1ICustomTabsCallback = null;
        } 
        parcel1.writeStrongBinder((IBinder)param1ICustomTabsCallback);
        boolean bool = true;
        if (param1Uri != null) {
          parcel1.writeInt(1);
          param1Uri.writeToParcel(parcel1, 0);
        } else {
          parcel1.writeInt(0);
        } 
        this.mRemote.transact(7, parcel1, parcel2, 0);
        parcel2.readException();
        int i = parcel2.readInt();
        if (i == 0)
          bool = false; 
        return bool;
      } finally {
        parcel2.recycle();
        parcel1.recycle();
      } 
    }
</source>
<source file="systems/BreakFakeCMCC/Recreational Wrestling/ICustomTabsService.java" startline="227" endline="255" pcid="2309">
      public boolean updateVisuals(ICustomTabsCallback param2ICustomTabsCallback, Bundle param2Bundle) throws RemoteException {
        Parcel parcel1 = Parcel.obtain();
        Parcel parcel2 = Parcel.obtain();
        try {
          parcel1.writeInterfaceToken("android.support.customtabs.ICustomTabsService");
          if (param2ICustomTabsCallback != null) {
            IBinder iBinder = param2ICustomTabsCallback.asBinder();
          } else {
            param2ICustomTabsCallback = null;
          } 
          parcel1.writeStrongBinder((IBinder)param2ICustomTabsCallback);
          boolean bool = true;
          if (param2Bundle != null) {
            parcel1.writeInt(1);
            param2Bundle.writeToParcel(parcel1, 0);
          } else {
            parcel1.writeInt(0);
          } 
          this.mRemote.transact(6, parcel1, parcel2, 0);
          parcel2.readException();
          int i = parcel2.readInt();
          if (i == 0)
            bool = false; 
          return bool;
        } finally {
          parcel2.recycle();
          parcel1.recycle();
        } 
      }
</source>
<source file="systems/BreakFakeCMCC/Recreational Wrestling/ICustomTabsService.java" startline="476" endline="504" pcid="2320">
    public boolean updateVisuals(ICustomTabsCallback param1ICustomTabsCallback, Bundle param1Bundle) throws RemoteException {
      Parcel parcel1 = Parcel.obtain();
      Parcel parcel2 = Parcel.obtain();
      try {
        parcel1.writeInterfaceToken("android.support.customtabs.ICustomTabsService");
        if (param1ICustomTabsCallback != null) {
          IBinder iBinder = param1ICustomTabsCallback.asBinder();
        } else {
          param1ICustomTabsCallback = null;
        } 
        parcel1.writeStrongBinder((IBinder)param1ICustomTabsCallback);
        boolean bool = true;
        if (param1Bundle != null) {
          parcel1.writeInt(1);
          param1Bundle.writeToParcel(parcel1, 0);
        } else {
          parcel1.writeInt(0);
        } 
        this.mRemote.transact(6, parcel1, parcel2, 0);
        parcel2.readException();
        int i = parcel2.readInt();
        if (i == 0)
          bool = false; 
        return bool;
      } finally {
        parcel2.recycle();
        parcel1.recycle();
      } 
    }
</source>
<source file="systems/BreakFakeCMCC/Recreational Wrestling/ICustomTabsService.java" startline="170" endline="195" pcid="2307">
      public int postMessage(ICustomTabsCallback param2ICustomTabsCallback, String param2String, Bundle param2Bundle) throws RemoteException {
        Parcel parcel1 = Parcel.obtain();
        Parcel parcel2 = Parcel.obtain();
        try {
          parcel1.writeInterfaceToken("android.support.customtabs.ICustomTabsService");
          if (param2ICustomTabsCallback != null) {
            IBinder iBinder = param2ICustomTabsCallback.asBinder();
          } else {
            param2ICustomTabsCallback = null;
          } 
          parcel1.writeStrongBinder((IBinder)param2ICustomTabsCallback);
          parcel1.writeString(param2String);
          if (param2Bundle != null) {
            parcel1.writeInt(1);
            param2Bundle.writeToParcel(parcel1, 0);
          } else {
            parcel1.writeInt(0);
          } 
          this.mRemote.transact(8, parcel1, parcel2, 0);
          parcel2.readException();
          return parcel2.readInt();
        } finally {
          parcel2.recycle();
          parcel1.recycle();
        } 
      }
</source>
<source file="systems/BreakFakeCMCC/Recreational Wrestling/IPostMessageService.java" startline="108" endline="133" pcid="2271">
      public void onPostMessage(ICustomTabsCallback param2ICustomTabsCallback, String param2String, Bundle param2Bundle) throws RemoteException {
        Parcel parcel1 = Parcel.obtain();
        Parcel parcel2 = Parcel.obtain();
        try {
          parcel1.writeInterfaceToken("android.support.customtabs.IPostMessageService");
          if (param2ICustomTabsCallback != null) {
            IBinder iBinder = param2ICustomTabsCallback.asBinder();
          } else {
            param2ICustomTabsCallback = null;
          } 
          parcel1.writeStrongBinder((IBinder)param2ICustomTabsCallback);
          parcel1.writeString(param2String);
          if (param2Bundle != null) {
            parcel1.writeInt(1);
            param2Bundle.writeToParcel(parcel1, 0);
          } else {
            parcel1.writeInt(0);
          } 
          this.mRemote.transact(3, parcel1, parcel2, 0);
          parcel2.readException();
          return;
        } finally {
          parcel2.recycle();
          parcel1.recycle();
        } 
      }
</source>
<source file="systems/BreakFakeCMCC/Recreational Wrestling/ICustomTabsService.java" startline="327" endline="351" pcid="2314">
    public Bundle extraCommand(String param1String, Bundle param1Bundle) throws RemoteException {
      Parcel parcel1 = Parcel.obtain();
      Parcel parcel2 = Parcel.obtain();
      try {
        parcel1.writeInterfaceToken("android.support.customtabs.ICustomTabsService");
        parcel1.writeString(param1String);
        if (param1Bundle != null) {
          parcel1.writeInt(1);
          param1Bundle.writeToParcel(parcel1, 0);
        } else {
          parcel1.writeInt(0);
        } 
        this.mRemote.transact(5, parcel1, parcel2, 0);
        parcel2.readException();
        if (parcel2.readInt() != 0) {
          Bundle bundle = (Bundle)Bundle.CREATOR.createFromParcel(parcel2);
        } else {
          param1String = null;
        } 
        return (Bundle)param1String;
      } finally {
        parcel2.recycle();
        parcel1.recycle();
      } 
    }
</source>
<source file="systems/BreakFakeCMCC/Recreational Wrestling/ICustomTabsService.java" startline="78" endline="102" pcid="2303">
      public Bundle extraCommand(String param2String, Bundle param2Bundle) throws RemoteException {
        Parcel parcel1 = Parcel.obtain();
        Parcel parcel2 = Parcel.obtain();
        try {
          parcel1.writeInterfaceToken("android.support.customtabs.ICustomTabsService");
          parcel1.writeString(param2String);
          if (param2Bundle != null) {
            parcel1.writeInt(1);
            param2Bundle.writeToParcel(parcel1, 0);
          } else {
            parcel1.writeInt(0);
          } 
          this.mRemote.transact(5, parcel1, parcel2, 0);
          parcel2.readException();
          if (parcel2.readInt() != 0) {
            Bundle bundle = (Bundle)Bundle.CREATOR.createFromParcel(parcel2);
          } else {
            param2String = null;
          } 
          return (Bundle)param2String;
        } finally {
          parcel2.recycle();
          parcel1.recycle();
        } 
      }
</source>
<source file="systems/BreakFakeCMCC/Recreational Wrestling/ICustomTabsService.java" startline="108" endline="143" pcid="2305">
      public boolean mayLaunchUrl(ICustomTabsCallback param2ICustomTabsCallback, Uri param2Uri, Bundle param2Bundle, List<Bundle> param2List) throws RemoteException {
        Parcel parcel1 = Parcel.obtain();
        Parcel parcel2 = Parcel.obtain();
        try {
          parcel1.writeInterfaceToken("android.support.customtabs.ICustomTabsService");
          if (param2ICustomTabsCallback != null) {
            IBinder iBinder = param2ICustomTabsCallback.asBinder();
          } else {
            param2ICustomTabsCallback = null;
          } 
          parcel1.writeStrongBinder((IBinder)param2ICustomTabsCallback);
          boolean bool = true;
          if (param2Uri != null) {
            parcel1.writeInt(1);
            param2Uri.writeToParcel(parcel1, 0);
          } else {
            parcel1.writeInt(0);
          } 
          if (param2Bundle != null) {
            parcel1.writeInt(1);
            param2Bundle.writeToParcel(parcel1, 0);
          } else {
            parcel1.writeInt(0);
          } 
          parcel1.writeTypedList(param2List);
          this.mRemote.transact(4, parcel1, parcel2, 0);
          parcel2.readException();
          int i = parcel2.readInt();
          if (i == 0)
            bool = false; 
          return bool;
        } finally {
          parcel2.recycle();
          parcel1.recycle();
        } 
      }
</source>
<source file="systems/BreakFakeCMCC/Recreational Wrestling/ICustomTabsService.java" startline="257" endline="292" pcid="2310">
      public boolean validateRelationship(ICustomTabsCallback param2ICustomTabsCallback, int param2Int, Uri param2Uri, Bundle param2Bundle) throws RemoteException {
        Parcel parcel1 = Parcel.obtain();
        Parcel parcel2 = Parcel.obtain();
        try {
          parcel1.writeInterfaceToken("android.support.customtabs.ICustomTabsService");
          if (param2ICustomTabsCallback != null) {
            IBinder iBinder = param2ICustomTabsCallback.asBinder();
          } else {
            param2ICustomTabsCallback = null;
          } 
          parcel1.writeStrongBinder((IBinder)param2ICustomTabsCallback);
          parcel1.writeInt(param2Int);
          boolean bool = true;
          if (param2Uri != null) {
            parcel1.writeInt(1);
            param2Uri.writeToParcel(parcel1, 0);
          } else {
            parcel1.writeInt(0);
          } 
          if (param2Bundle != null) {
            parcel1.writeInt(1);
            param2Bundle.writeToParcel(parcel1, 0);
          } else {
            parcel1.writeInt(0);
          } 
          this.mRemote.transact(9, parcel1, parcel2, 0);
          parcel2.readException();
          param2Int = parcel2.readInt();
          if (param2Int == 0)
            bool = false; 
          return bool;
        } finally {
          parcel2.recycle();
          parcel1.recycle();
        } 
      }
</source>
<source file="systems/BreakFakeCMCC/Recreational Wrestling/ICustomTabsService.java" startline="506" endline="541" pcid="2321">
    public boolean validateRelationship(ICustomTabsCallback param1ICustomTabsCallback, int param1Int, Uri param1Uri, Bundle param1Bundle) throws RemoteException {
      Parcel parcel1 = Parcel.obtain();
      Parcel parcel2 = Parcel.obtain();
      try {
        parcel1.writeInterfaceToken("android.support.customtabs.ICustomTabsService");
        if (param1ICustomTabsCallback != null) {
          IBinder iBinder = param1ICustomTabsCallback.asBinder();
        } else {
          param1ICustomTabsCallback = null;
        } 
        parcel1.writeStrongBinder((IBinder)param1ICustomTabsCallback);
        parcel1.writeInt(param1Int);
        boolean bool = true;
        if (param1Uri != null) {
          parcel1.writeInt(1);
          param1Uri.writeToParcel(parcel1, 0);
        } else {
          parcel1.writeInt(0);
        } 
        if (param1Bundle != null) {
          parcel1.writeInt(1);
          param1Bundle.writeToParcel(parcel1, 0);
        } else {
          parcel1.writeInt(0);
        } 
        this.mRemote.transact(9, parcel1, parcel2, 0);
        parcel2.readException();
        param1Int = parcel2.readInt();
        if (param1Int == 0)
          bool = false; 
        return bool;
      } finally {
        parcel2.recycle();
        parcel1.recycle();
      } 
    }
</source>
<source file="systems/BreakFakeCMCC/Recreational Wrestling/ICustomTabsService.java" startline="357" endline="392" pcid="2316">
    public boolean mayLaunchUrl(ICustomTabsCallback param1ICustomTabsCallback, Uri param1Uri, Bundle param1Bundle, List<Bundle> param1List) throws RemoteException {
      Parcel parcel1 = Parcel.obtain();
      Parcel parcel2 = Parcel.obtain();
      try {
        parcel1.writeInterfaceToken("android.support.customtabs.ICustomTabsService");
        if (param1ICustomTabsCallback != null) {
          IBinder iBinder = param1ICustomTabsCallback.asBinder();
        } else {
          param1ICustomTabsCallback = null;
        } 
        parcel1.writeStrongBinder((IBinder)param1ICustomTabsCallback);
        boolean bool = true;
        if (param1Uri != null) {
          parcel1.writeInt(1);
          param1Uri.writeToParcel(parcel1, 0);
        } else {
          parcel1.writeInt(0);
        } 
        if (param1Bundle != null) {
          parcel1.writeInt(1);
          param1Bundle.writeToParcel(parcel1, 0);
        } else {
          parcel1.writeInt(0);
        } 
        parcel1.writeTypedList(param1List);
        this.mRemote.transact(4, parcel1, parcel2, 0);
        parcel2.readException();
        int i = parcel2.readInt();
        if (i == 0)
          bool = false; 
        return bool;
      } finally {
        parcel2.recycle();
        parcel1.recycle();
      } 
    }
</source>
</class>

<class classid="4" nclones="2" nlines="20" similarity="87">
<source file="systems/BreakFakeCMCC/android/support/v4/app/LoaderManagerImpl.java" startline="102" endline="122" pcid="93">
  void doRetain() {
    if (DEBUG)
      Log.v("LoaderManager", "Retaining in " + this); 
    if (!this.mStarted) {
      RuntimeException runtimeException = new RuntimeException("here");
      runtimeException.fillInStackTrace();
      Log.w("LoaderManager", "Called doRetain when not started: " + this, runtimeException);
      return;
    } 
    this.mRetaining = true;
    this.mStarted = false;
    int i = this.mLoaders.size() - 1;
    while (true) {
      if (i >= 0) {
        ((LoaderInfo)this.mLoaders.valueAt(i)).retain();
        i--;
        continue;
      } 
      return;
    } 
  }
</source>
<source file="systems/BreakFakeCMCC/android/support/v4/app/LoaderManagerImpl.java" startline="124" endline="143" pcid="94">
  void doStart() {
    if (DEBUG)
      Log.v("LoaderManager", "Starting in " + this); 
    if (this.mStarted) {
      RuntimeException runtimeException = new RuntimeException("here");
      runtimeException.fillInStackTrace();
      Log.w("LoaderManager", "Called doStart when already started: " + this, runtimeException);
      return;
    } 
    this.mStarted = true;
    int i = this.mLoaders.size() - 1;
    while (true) {
      if (i >= 0) {
        ((LoaderInfo)this.mLoaders.valueAt(i)).start();
        i--;
        continue;
      } 
      return;
    } 
  }
</source>
</class>

<class classid="5" nclones="2" nlines="13" similarity="75">
<source file="systems/BreakFakeCMCC/android/support/v4/app/LoaderManagerImpl.java" startline="651" endline="661" pcid="115">
    public String toString() {
      StringBuilder stringBuilder = new StringBuilder(64);
      stringBuilder.append("LoaderInfo{");
      stringBuilder.append(Integer.toHexString(System.identityHashCode(this)));
      stringBuilder.append(" #");
      stringBuilder.append(this.mId);
      stringBuilder.append(" : ");
      DebugUtils.buildShortClassTag(this.mLoader, stringBuilder);
      stringBuilder.append("}}");
      return stringBuilder.toString();
    }
</source>
<source file="systems/BreakFakeCMCC/android/support/v4/app/BackStackRecord.java" startline="803" endline="817" pcid="436">
  public String toString() {
    StringBuilder stringBuilder = new StringBuilder(128);
    stringBuilder.append("BackStackEntry{");
    stringBuilder.append(Integer.toHexString(System.identityHashCode(this)));
    if (this.mIndex >= 0) {
      stringBuilder.append(" #");
      stringBuilder.append(this.mIndex);
    } 
    if (this.mName != null) {
      stringBuilder.append(" ");
      stringBuilder.append(this.mName);
    } 
    stringBuilder.append("}");
    return stringBuilder.toString();
  }
</source>
</class>

<class classid="6" nclones="3" nlines="30" similarity="73">
<source file="systems/BreakFakeCMCC/android/support/v4/app/NotificationCompatHoneycomb.java" startline="10" endline="36" pcid="151">
  static Notification add(Context paramContext, Notification paramNotification, CharSequence paramCharSequence1, CharSequence paramCharSequence2, CharSequence paramCharSequence3, RemoteViews paramRemoteViews, int paramInt, PendingIntent paramPendingIntent1, PendingIntent paramPendingIntent2, Bitmap paramBitmap) {
    Notification.Builder builder = (new Notification.Builder(paramContext)).setWhen(paramNotification.when).setSmallIcon(paramNotification.icon, paramNotification.iconLevel).setContent(paramNotification.contentView).setTicker(paramNotification.tickerText, paramRemoteViews).setSound(paramNotification.sound, paramNotification.audioStreamType).setVibrate(paramNotification.vibrate).setLights(paramNotification.ledARGB, paramNotification.ledOnMS, paramNotification.ledOffMS);
    if ((paramNotification.flags & 0x2) != 0) {
      bool = true;
    } else {
      bool = false;
    } 
    builder = builder.setOngoing(bool);
    if ((paramNotification.flags & 0x8) != 0) {
      bool = true;
    } else {
      bool = false;
    } 
    builder = builder.setOnlyAlertOnce(bool);
    if ((paramNotification.flags & 0x10) != 0) {
      bool = true;
    } else {
      bool = false;
    } 
    builder = builder.setAutoCancel(bool).setDefaults(paramNotification.defaults).setContentTitle(paramCharSequence1).setContentText(paramCharSequence2).setContentInfo(paramCharSequence3).setContentIntent(paramPendingIntent1).setDeleteIntent(paramNotification.deleteIntent);
    if ((paramNotification.flags & 0x80) != 0) {
      bool = true;
      return builder.setFullScreenIntent(paramPendingIntent2, bool).setLargeIcon(paramBitmap).setNumber(paramInt).getNotification();
    } 
    boolean bool = false;
    return builder.setFullScreenIntent(paramPendingIntent2, bool).setLargeIcon(paramBitmap).setNumber(paramInt).getNotification();
  }
</source>
<source file="systems/BreakFakeCMCC/android/support/v4/app/NotificationCompatIceCreamSandwich.java" startline="10" endline="36" pcid="496">
  static Notification add(Context paramContext, Notification paramNotification, CharSequence paramCharSequence1, CharSequence paramCharSequence2, CharSequence paramCharSequence3, RemoteViews paramRemoteViews, int paramInt1, PendingIntent paramPendingIntent1, PendingIntent paramPendingIntent2, Bitmap paramBitmap, int paramInt2, int paramInt3, boolean paramBoolean) {
    Notification.Builder builder = (new Notification.Builder(paramContext)).setWhen(paramNotification.when).setSmallIcon(paramNotification.icon, paramNotification.iconLevel).setContent(paramNotification.contentView).setTicker(paramNotification.tickerText, paramRemoteViews).setSound(paramNotification.sound, paramNotification.audioStreamType).setVibrate(paramNotification.vibrate).setLights(paramNotification.ledARGB, paramNotification.ledOnMS, paramNotification.ledOffMS);
    if ((paramNotification.flags & 0x2) != 0) {
      bool = true;
    } else {
      bool = false;
    } 
    builder = builder.setOngoing(bool);
    if ((paramNotification.flags & 0x8) != 0) {
      bool = true;
    } else {
      bool = false;
    } 
    builder = builder.setOnlyAlertOnce(bool);
    if ((paramNotification.flags & 0x10) != 0) {
      bool = true;
    } else {
      bool = false;
    } 
    builder = builder.setAutoCancel(bool).setDefaults(paramNotification.defaults).setContentTitle(paramCharSequence1).setContentText(paramCharSequence2).setContentInfo(paramCharSequence3).setContentIntent(paramPendingIntent1).setDeleteIntent(paramNotification.deleteIntent);
    if ((paramNotification.flags & 0x80) != 0) {
      bool = true;
      return builder.setFullScreenIntent(paramPendingIntent2, bool).setLargeIcon(paramBitmap).setNumber(paramInt1).setProgress(paramInt2, paramInt3, paramBoolean).getNotification();
    } 
    boolean bool = false;
    return builder.setFullScreenIntent(paramPendingIntent2, bool).setLargeIcon(paramBitmap).setNumber(paramInt1).setProgress(paramInt2, paramInt3, paramBoolean).getNotification();
  }
</source>
<source file="systems/BreakFakeCMCC/android/support/v4/app/NotificationCompatJellybean.java" startline="14" endline="41" pcid="204">
  public NotificationCompatJellybean(Context paramContext, Notification paramNotification, CharSequence paramCharSequence1, CharSequence paramCharSequence2, CharSequence paramCharSequence3, RemoteViews paramRemoteViews, int paramInt1, PendingIntent paramPendingIntent1, PendingIntent paramPendingIntent2, Bitmap paramBitmap, int paramInt2, int paramInt3, boolean paramBoolean1, boolean paramBoolean2, int paramInt4, CharSequence paramCharSequence4) {
    boolean bool;
    Notification.Builder builder = (new Notification.Builder(paramContext)).setWhen(paramNotification.when).setSmallIcon(paramNotification.icon, paramNotification.iconLevel).setContent(paramNotification.contentView).setTicker(paramNotification.tickerText, paramRemoteViews).setSound(paramNotification.sound, paramNotification.audioStreamType).setVibrate(paramNotification.vibrate).setLights(paramNotification.ledARGB, paramNotification.ledOnMS, paramNotification.ledOffMS);
    if ((paramNotification.flags & 0x2) != 0) {
      bool = true;
    } else {
      bool = false;
    } 
    builder = builder.setOngoing(bool);
    if ((paramNotification.flags & 0x8) != 0) {
      bool = true;
    } else {
      bool = false;
    } 
    builder = builder.setOnlyAlertOnce(bool);
    if ((paramNotification.flags & 0x10) != 0) {
      bool = true;
    } else {
      bool = false;
    } 
    builder = builder.setAutoCancel(bool).setDefaults(paramNotification.defaults).setContentTitle(paramCharSequence1).setContentText(paramCharSequence2).setSubText(paramCharSequence4).setContentInfo(paramCharSequence3).setContentIntent(paramPendingIntent1).setDeleteIntent(paramNotification.deleteIntent);
    if ((paramNotification.flags & 0x80) != 0) {
      bool = true;
    } else {
      bool = false;
    } 
    this.b = builder.setFullScreenIntent(paramPendingIntent2, bool).setLargeIcon(paramBitmap).setNumber(paramInt1).setUsesChronometer(paramBoolean2).setPriority(paramInt4).setProgress(paramInt2, paramInt3, paramBoolean1);
  }
</source>
</class>

<class classid="7" nclones="2" nlines="14" similarity="100">
<source file="systems/BreakFakeCMCC/android/support/v4/app/FragmentPagerAdapter.java" startline="79" endline="92" pcid="163">
  public void setPrimaryItem(ViewGroup paramViewGroup, int paramInt, Object paramObject) {
    Fragment fragment = (Fragment)paramObject;
    if (fragment != this.mCurrentPrimaryItem) {
      if (this.mCurrentPrimaryItem != null) {
        this.mCurrentPrimaryItem.setMenuVisibility(false);
        this.mCurrentPrimaryItem.setUserVisibleHint(false);
      } 
      if (fragment != null) {
        fragment.setMenuVisibility(true);
        fragment.setUserVisibleHint(true);
      } 
      this.mCurrentPrimaryItem = fragment;
    } 
  }
</source>
<source file="systems/BreakFakeCMCC/android/support/v4/app/FragmentStatePagerAdapter.java" startline="130" endline="143" pcid="318">
  public void setPrimaryItem(ViewGroup paramViewGroup, int paramInt, Object paramObject) {
    Fragment fragment = (Fragment)paramObject;
    if (fragment != this.mCurrentPrimaryItem) {
      if (this.mCurrentPrimaryItem != null) {
        this.mCurrentPrimaryItem.setMenuVisibility(false);
        this.mCurrentPrimaryItem.setUserVisibleHint(false);
      } 
      if (fragment != null) {
        fragment.setMenuVisibility(true);
        fragment.setUserVisibleHint(true);
      } 
      this.mCurrentPrimaryItem = fragment;
    } 
  }
</source>
</class>

<class classid="8" nclones="3" nlines="13" similarity="90">
<source file="systems/BreakFakeCMCC/android/support/v4/app/ShareCompat.java" startline="307" endline="319" pcid="242">
    public Drawable getCallingActivityIcon() {
      Drawable drawable = null;
      if (this.mCallingActivity != null) {
        PackageManager packageManager = this.mActivity.getPackageManager();
        try {
          Drawable drawable1 = packageManager.getActivityIcon(this.mCallingActivity);
          drawable = drawable1;
        } catch (android.content.pm.PackageManager.NameNotFoundException nameNotFoundException) {
          Log.e("IntentReader", "Could not retrieve icon for calling activity", (Throwable)nameNotFoundException);
        } 
      } 
      return drawable;
    }
</source>
<source file="systems/BreakFakeCMCC/android/support/v4/app/ShareCompat.java" startline="321" endline="333" pcid="243">
    public Drawable getCallingApplicationIcon() {
      Drawable drawable = null;
      if (this.mCallingPackage != null) {
        PackageManager packageManager = this.mActivity.getPackageManager();
        try {
          Drawable drawable1 = packageManager.getApplicationIcon(this.mCallingPackage);
          drawable = drawable1;
        } catch (android.content.pm.PackageManager.NameNotFoundException nameNotFoundException) {
          Log.e("IntentReader", "Could not retrieve icon for calling application", (Throwable)nameNotFoundException);
        } 
      } 
      return drawable;
    }
</source>
<source file="systems/BreakFakeCMCC/android/support/v4/app/ShareCompat.java" startline="335" endline="347" pcid="244">
    public CharSequence getCallingApplicationLabel() {
      CharSequence charSequence = null;
      if (this.mCallingPackage != null) {
        PackageManager packageManager = this.mActivity.getPackageManager();
        try {
          CharSequence charSequence1 = packageManager.getApplicationLabel(packageManager.getApplicationInfo(this.mCallingPackage, 0));
          charSequence = charSequence1;
        } catch (android.content.pm.PackageManager.NameNotFoundException nameNotFoundException) {
          Log.e("IntentReader", "Could not retrieve label for calling application", (Throwable)nameNotFoundException);
        } 
      } 
      return charSequence;
    }
</source>
</class>

<class classid="9" nclones="2" nlines="24" similarity="84">
<source file="systems/BreakFakeCMCC/android/support/v4/text/BidiFormatter.java" startline="421" endline="444" pcid="607">
    byte dirTypeBackward() {
      this.lastChar = this.text.charAt(this.charIndex - 1);
      if (Character.isLowSurrogate(this.lastChar)) {
        int i = Character.codePointBefore(this.text, this.charIndex);
        this.charIndex -= Character.charCount(i);
        i = Character.getDirectionality(i);
        return i;
      } 
      this.charIndex--;
      byte b = getCachedDirectionality(this.lastChar);
      byte b1 = b;
      if (this.isHtml) {
        if (this.lastChar == '>') {
          b = skipTagBackward();
          return b;
        } 
        b1 = b;
        if (this.lastChar == ';') {
          b = skipEntityBackward();
          b1 = b;
        } 
      } 
      return b1;
    }
</source>
<source file="systems/BreakFakeCMCC/android/support/v4/text/BidiFormatter.java" startline="446" endline="469" pcid="608">
    byte dirTypeForward() {
      this.lastChar = this.text.charAt(this.charIndex);
      if (Character.isHighSurrogate(this.lastChar)) {
        int i = Character.codePointAt(this.text, this.charIndex);
        this.charIndex += Character.charCount(i);
        i = Character.getDirectionality(i);
        return i;
      } 
      this.charIndex++;
      byte b = getCachedDirectionality(this.lastChar);
      byte b1 = b;
      if (this.isHtml) {
        if (this.lastChar == '<') {
          b = skipTagForward();
          return b;
        } 
        b1 = b;
        if (this.lastChar == '&') {
          b = skipEntityForward();
          b1 = b;
        } 
      } 
      return b1;
    }
</source>
</class>

<class classid="10" nclones="2" nlines="14" similarity="71">
<source file="systems/BreakFakeCMCC/android/support/v4/text/TextDirectionHeuristicsCompat.java" startline="32" endline="43" pcid="619">
  private static int isRtlText(int paramInt) {
    switch (paramInt) {
      default:
        return 2;
      case 0:
        return 1;
      case 1:
      case 2:
        break;
    } 
    return 0;
  }
</source>
<source file="systems/BreakFakeCMCC/android/support/v4/text/TextDirectionHeuristicsCompat.java" startline="45" endline="60" pcid="620">
  private static int isRtlTextOrFormat(int paramInt) {
    switch (paramInt) {
      default:
        return 2;
      case 0:
      case 14:
      case 15:
        return 1;
      case 1:
      case 2:
      case 16:
      case 17:
        break;
    } 
    return 0;
  }
</source>
</class>

<class classid="11" nclones="2" nlines="14" similarity="90">
<source file="systems/BreakFakeCMCC/android/support/v4/content/ContextCompat.java" startline="34" endline="47" pcid="802">
  public static File[] getExternalCacheDirs(Context paramContext) {
    File file;
    int i = Build.VERSION.SDK_INT;
    if (i >= 19)
      return ContextCompatKitKat.getExternalCacheDirs(paramContext); 
    if (i >= 8) {
      file = ContextCompatFroyo.getExternalCacheDir(paramContext);
    } else {
      file = buildPath(Environment.getExternalStorageDirectory(), new String[] { "Android", "data", file.getPackageName(), "cache" });
    } 
    File[] arrayOfFile = new File[1];
    arrayOfFile[0] = file;
    return arrayOfFile;
  }
</source>
<source file="systems/BreakFakeCMCC/android/support/v4/content/ContextCompat.java" startline="64" endline="77" pcid="804">
  public static File[] getObbDirs(Context paramContext) {
    File file;
    int i = Build.VERSION.SDK_INT;
    if (i >= 19)
      return ContextCompatKitKat.getObbDirs(paramContext); 
    if (i >= 11) {
      file = ContextCompatHoneycomb.getObbDir(paramContext);
    } else {
      file = buildPath(Environment.getExternalStorageDirectory(), new String[] { "Android", "obb", file.getPackageName() });
    } 
    File[] arrayOfFile = new File[1];
    arrayOfFile[0] = file;
    return arrayOfFile;
  }
</source>
</class>

<class classid="12" nclones="2" nlines="12" similarity="88">
<source file="systems/BreakFakeCMCC/android/support/v4/util/LongSparseArray.java" startline="18" endline="28" pcid="855">
  public LongSparseArray(int paramInt) {
    if (paramInt == 0) {
      this.mKeys = ContainerHelpers.EMPTY_LONGS;
      this.mValues = ContainerHelpers.EMPTY_OBJECTS;
    } else {
      paramInt = ContainerHelpers.idealLongArraySize(paramInt);
      this.mKeys = new long[paramInt];
      this.mValues = new Object[paramInt];
    } 
    this.mSize = 0;
  }
</source>
<source file="systems/BreakFakeCMCC/android/support/v4/util/SparseArrayCompat.java" startline="18" endline="28" pcid="883">
  public SparseArrayCompat(int paramInt) {
    if (paramInt == 0) {
      this.mKeys = ContainerHelpers.EMPTY_INTS;
      this.mValues = ContainerHelpers.EMPTY_OBJECTS;
    } else {
      paramInt = ContainerHelpers.idealIntArraySize(paramInt);
      this.mKeys = new int[paramInt];
      this.mValues = new Object[paramInt];
    } 
    this.mSize = 0;
  }
</source>
</class>

<class classid="13" nclones="2" nlines="23" similarity="94">
<source file="systems/BreakFakeCMCC/android/support/v4/util/LongSparseArray.java" startline="30" endline="52" pcid="856">
  private void gc() {
    int i = this.mSize;
    int j = 0;
    long[] arrayOfLong = this.mKeys;
    Object[] arrayOfObject = this.mValues;
    int k = 0;
    while (k < i) {
      Object object = arrayOfObject[k];
      int m = j;
      if (object != DELETED) {
        if (k != j) {
          arrayOfLong[j] = arrayOfLong[k];
          arrayOfObject[j] = object;
          arrayOfObject[k] = null;
        } 
        m = j + 1;
      } 
      k++;
      j = m;
    } 
    this.mGarbage = false;
    this.mSize = j;
  }
</source>
<source file="systems/BreakFakeCMCC/android/support/v4/util/SparseArrayCompat.java" startline="30" endline="52" pcid="884">
  private void gc() {
    int i = this.mSize;
    int j = 0;
    int[] arrayOfInt = this.mKeys;
    Object[] arrayOfObject = this.mValues;
    int k = 0;
    while (k < i) {
      Object object = arrayOfObject[k];
      int m = j;
      if (object != DELETED) {
        if (k != j) {
          arrayOfInt[j] = arrayOfInt[k];
          arrayOfObject[j] = object;
          arrayOfObject[k] = null;
        } 
        m = j + 1;
      } 
      k++;
      j = m;
    } 
    this.mGarbage = false;
    this.mSize = j;
  }
</source>
</class>

<class classid="14" nclones="2" nlines="20" similarity="88">
<source file="systems/BreakFakeCMCC/android/support/v4/util/LongSparseArray.java" startline="54" endline="74" pcid="857">
  public void append(long paramLong, E paramE) {
    if (this.mSize != 0 && paramLong <= this.mKeys[this.mSize - 1]) {
      put(paramLong, paramE);
      return;
    } 
    if (this.mGarbage && this.mSize >= this.mKeys.length)
      gc(); 
    int i = this.mSize;
    if (i >= this.mKeys.length) {
      int j = ContainerHelpers.idealLongArraySize(i + 1);
      long[] arrayOfLong = new long[j];
      Object[] arrayOfObject = new Object[j];
      System.arraycopy(this.mKeys, 0, arrayOfLong, 0, this.mKeys.length);
      System.arraycopy(this.mValues, 0, arrayOfObject, 0, this.mValues.length);
      this.mKeys = arrayOfLong;
      this.mValues = arrayOfObject;
    } 
    this.mKeys[i] = paramLong;
    this.mValues[i] = paramE;
    this.mSize = i + 1;
  }
</source>
<source file="systems/BreakFakeCMCC/android/support/v4/util/SparseArrayCompat.java" startline="54" endline="74" pcid="885">
  public void append(int paramInt, E paramE) {
    if (this.mSize != 0 && paramInt <= this.mKeys[this.mSize - 1]) {
      put(paramInt, paramE);
      return;
    } 
    if (this.mGarbage && this.mSize >= this.mKeys.length)
      gc(); 
    int i = this.mSize;
    if (i >= this.mKeys.length) {
      int j = ContainerHelpers.idealIntArraySize(i + 1);
      int[] arrayOfInt = new int[j];
      Object[] arrayOfObject = new Object[j];
      System.arraycopy(this.mKeys, 0, arrayOfInt, 0, this.mKeys.length);
      System.arraycopy(this.mValues, 0, arrayOfObject, 0, this.mValues.length);
      this.mKeys = arrayOfInt;
      this.mValues = arrayOfObject;
    } 
    this.mKeys[i] = paramInt;
    this.mValues[i] = paramE;
    this.mSize = i + 1;
  }
</source>
</class>

<class classid="15" nclones="2" nlines="13" similarity="90">
<source file="systems/BreakFakeCMCC/android/support/v4/util/LongSparseArray.java" startline="85" endline="96" pcid="859">
  public LongSparseArray<E> clone() {
    LongSparseArray<E> longSparseArray = null;
    try {
      LongSparseArray<E> longSparseArray1 = (LongSparseArray)super.clone();
      longSparseArray = longSparseArray1;
      longSparseArray1.mKeys = (long[])this.mKeys.clone();
      longSparseArray = longSparseArray1;
      longSparseArray1.mValues = (Object[])this.mValues.clone();
      longSparseArray = longSparseArray1;
    } catch (CloneNotSupportedException cloneNotSupportedException) {}
    return longSparseArray;
  }
</source>
<source file="systems/BreakFakeCMCC/android/support/v4/util/SparseArrayCompat.java" startline="85" endline="96" pcid="887">
  public SparseArrayCompat<E> clone() {
    SparseArrayCompat<E> sparseArrayCompat = null;
    try {
      SparseArrayCompat<E> sparseArrayCompat1 = (SparseArrayCompat)super.clone();
      sparseArrayCompat = sparseArrayCompat1;
      sparseArrayCompat1.mKeys = (int[])this.mKeys.clone();
      sparseArrayCompat = sparseArrayCompat1;
      sparseArrayCompat1.mValues = (Object[])this.mValues.clone();
      sparseArrayCompat = sparseArrayCompat1;
    } catch (CloneNotSupportedException cloneNotSupportedException) {}
    return sparseArrayCompat;
  }
</source>
</class>

<class classid="16" nclones="2" nlines="11" similarity="75">
<source file="systems/BreakFakeCMCC/android/support/v4/util/LongSparseArray.java" startline="110" endline="120" pcid="862">
  public E get(long paramLong, E paramE) {
    int i = ContainerHelpers.binarySearch(this.mKeys, this.mSize, paramLong);
    null = paramE;
    if (i >= 0) {
      if (this.mValues[i] == DELETED)
        return paramE; 
    } else {
      return null;
    } 
    return (E)this.mValues[i];
  }
</source>
<source file="systems/BreakFakeCMCC/android/support/v4/util/SparseArrayCompat.java" startline="110" endline="120" pcid="890">
  public E get(int paramInt, E paramE) {
    paramInt = ContainerHelpers.binarySearch(this.mKeys, this.mSize, paramInt);
    null = paramE;
    if (paramInt >= 0) {
      if (this.mValues[paramInt] == DELETED)
        return paramE; 
    } else {
      return null;
    } 
    return (E)this.mValues[paramInt];
  }
</source>
</class>

<class classid="17" nclones="2" nlines="37" similarity="93">
<source file="systems/BreakFakeCMCC/android/support/v4/util/LongSparseArray.java" startline="162" endline="198" pcid="866">
  public void put(long paramLong, E paramE) {
    int i = ContainerHelpers.binarySearch(this.mKeys, this.mSize, paramLong);
    if (i >= 0) {
      this.mValues[i] = paramE;
      return;
    } 
    int j = i ^ 0xFFFFFFFF;
    if (j < this.mSize && this.mValues[j] == DELETED) {
      this.mKeys[j] = paramLong;
      this.mValues[j] = paramE;
      return;
    } 
    i = j;
    if (this.mGarbage) {
      i = j;
      if (this.mSize >= this.mKeys.length) {
        gc();
        i = ContainerHelpers.binarySearch(this.mKeys, this.mSize, paramLong) ^ 0xFFFFFFFF;
      } 
    } 
    if (this.mSize >= this.mKeys.length) {
      j = ContainerHelpers.idealLongArraySize(this.mSize + 1);
      long[] arrayOfLong = new long[j];
      Object[] arrayOfObject = new Object[j];
      System.arraycopy(this.mKeys, 0, arrayOfLong, 0, this.mKeys.length);
      System.arraycopy(this.mValues, 0, arrayOfObject, 0, this.mValues.length);
      this.mKeys = arrayOfLong;
      this.mValues = arrayOfObject;
    } 
    if (this.mSize - i != 0) {
      System.arraycopy(this.mKeys, i, this.mKeys, i + 1, this.mSize - i);
      System.arraycopy(this.mValues, i, this.mValues, i + 1, this.mSize - i);
    } 
    this.mKeys[i] = paramLong;
    this.mValues[i] = paramE;
    this.mSize++;
  }
</source>
<source file="systems/BreakFakeCMCC/android/support/v4/util/SparseArrayCompat.java" startline="162" endline="198" pcid="894">
  public void put(int paramInt, E paramE) {
    int i = ContainerHelpers.binarySearch(this.mKeys, this.mSize, paramInt);
    if (i >= 0) {
      this.mValues[i] = paramE;
      return;
    } 
    int j = i ^ 0xFFFFFFFF;
    if (j < this.mSize && this.mValues[j] == DELETED) {
      this.mKeys[j] = paramInt;
      this.mValues[j] = paramE;
      return;
    } 
    i = j;
    if (this.mGarbage) {
      i = j;
      if (this.mSize >= this.mKeys.length) {
        gc();
        i = ContainerHelpers.binarySearch(this.mKeys, this.mSize, paramInt) ^ 0xFFFFFFFF;
      } 
    } 
    if (this.mSize >= this.mKeys.length) {
      j = ContainerHelpers.idealIntArraySize(this.mSize + 1);
      int[] arrayOfInt = new int[j];
      Object[] arrayOfObject = new Object[j];
      System.arraycopy(this.mKeys, 0, arrayOfInt, 0, this.mKeys.length);
      System.arraycopy(this.mValues, 0, arrayOfObject, 0, this.mValues.length);
      this.mKeys = arrayOfInt;
      this.mValues = arrayOfObject;
    } 
    if (this.mSize - i != 0) {
      System.arraycopy(this.mKeys, i, this.mKeys, i + 1, this.mSize - i);
      System.arraycopy(this.mValues, i, this.mValues, i + 1, this.mSize - i);
    } 
    this.mKeys[i] = paramInt;
    this.mValues[i] = paramE;
    this.mSize++;
  }
</source>
</class>

<class classid="18" nclones="2" nlines="19" similarity="100">
<source file="systems/BreakFakeCMCC/android/support/v4/util/LongSparseArray.java" startline="223" endline="242" pcid="871">
  public String toString() {
    if (size() <= 0)
      return "{}"; 
    StringBuilder stringBuilder = new StringBuilder(this.mSize * 28);
    stringBuilder.append('{');
    for (byte b = 0; b < this.mSize; b++) {
      if (b > 0)
        stringBuilder.append(", "); 
      stringBuilder.append(keyAt(b));
      stringBuilder.append('=');
      E e = valueAt(b);
      if (e != this) {
        stringBuilder.append(e);
      } else {
        stringBuilder.append("(this Map)");
      } 
    } 
    stringBuilder.append('}');
    return stringBuilder.toString();
  }
</source>
<source file="systems/BreakFakeCMCC/android/support/v4/util/SparseArrayCompat.java" startline="231" endline="250" pcid="900">
  public String toString() {
    if (size() <= 0)
      return "{}"; 
    StringBuilder stringBuilder = new StringBuilder(this.mSize * 28);
    stringBuilder.append('{');
    for (byte b = 0; b < this.mSize; b++) {
      if (b > 0)
        stringBuilder.append(", "); 
      stringBuilder.append(keyAt(b));
      stringBuilder.append('=');
      E e = valueAt(b);
      if (e != this) {
        stringBuilder.append(e);
      } else {
        stringBuilder.append("(this Map)");
      } 
    } 
    stringBuilder.append('}');
    return stringBuilder.toString();
  }
</source>
</class>

<class classid="19" nclones="2" nlines="12" similarity="88">
<source file="systems/BreakFakeCMCC/android/support/v4/util/AtomicFile.java" startline="39" endline="50" pcid="876">
  public void failWrite(FileOutputStream paramFileOutputStream) {
    if (paramFileOutputStream != null) {
      sync(paramFileOutputStream);
      try {
        paramFileOutputStream.close();
        this.mBaseName.delete();
        this.mBackupName.renameTo(this.mBaseName);
      } catch (IOException iOException) {
        Log.w("AtomicFile", "failWrite: Got exception:", iOException);
      } 
    } 
  }
</source>
<source file="systems/BreakFakeCMCC/android/support/v4/util/AtomicFile.java" startline="52" endline="62" pcid="877">
  public void finishWrite(FileOutputStream paramFileOutputStream) {
    if (paramFileOutputStream != null) {
      sync(paramFileOutputStream);
      try {
        paramFileOutputStream.close();
        this.mBackupName.delete();
      } catch (IOException iOException) {
        Log.w("AtomicFile", "finishWrite: Got exception:", iOException);
      } 
    } 
  }
</source>
</class>

<class classid="20" nclones="2" nlines="10" similarity="85">
<source file="systems/BreakFakeCMCC/android/support/v4/util/SimpleArrayMap.java" startline="348" endline="356" pcid="913">
  public V get(Object paramObject) {
    int i;
    if (paramObject == null) {
      i = indexOfNull();
    } else {
      i = indexOf(paramObject, paramObject.hashCode());
    } 
    return (V)((i >= 0) ? this.mArray[(i << 1) + 1] : null);
  }
</source>
<source file="systems/BreakFakeCMCC/android/support/v4/util/SimpleArrayMap.java" startline="650" endline="658" pcid="922">
  public V remove(Object paramObject) {
    int i;
    if (paramObject == null) {
      i = indexOfNull();
    } else {
      i = indexOf(paramObject, paramObject.hashCode());
    } 
    return (i >= 0) ? removeAt(i) : null;
  }
</source>
</class>

<class classid="21" nclones="2" nlines="18" similarity="93">
<source file="systems/BreakFakeCMCC/android/support/v4/util/MapCollections.java" startline="493" endline="510" pcid="993">
    public boolean removeAll(Collection<?> param1Collection) {
      int i = MapCollections.this.colGetSize();
      boolean bool = false;
      int j = 0;
      while (j < i) {
        int k = i;
        int m = j;
        if (param1Collection.contains(MapCollections.this.colGetEntry(j, 1))) {
          MapCollections.this.colRemoveAt(j);
          m = j - 1;
          k = i - 1;
          bool = true;
        } 
        j = m + 1;
        i = k;
      } 
      return bool;
    }
</source>
<source file="systems/BreakFakeCMCC/android/support/v4/util/MapCollections.java" startline="512" endline="529" pcid="994">
    public boolean retainAll(Collection<?> param1Collection) {
      int i = MapCollections.this.colGetSize();
      boolean bool = false;
      int j = 0;
      while (j < i) {
        int k = i;
        int m = j;
        if (!param1Collection.contains(MapCollections.this.colGetEntry(j, 1))) {
          MapCollections.this.colRemoveAt(j);
          m = j - 1;
          k = i - 1;
          bool = true;
        } 
        j = m + 1;
        i = k;
      } 
      return bool;
    }
</source>
</class>

<class classid="22" nclones="2" nlines="10" similarity="75">
<source file="systems/BreakFakeCMCC/android/support/v4/widget/ViewDragHelper.java" startline="192" endline="203" pcid="1011">
  private float clampMag(float paramFloat1, float paramFloat2, float paramFloat3) {
    float f = Math.abs(paramFloat1);
    if (f < paramFloat2)
      return 0.0F; 
    if (f > paramFloat3) {
      paramFloat2 = paramFloat3;
      if (paramFloat1 <= 0.0F)
        paramFloat2 = -paramFloat3; 
      return paramFloat2;
    } 
    return paramFloat1;
  }
</source>
<source file="systems/BreakFakeCMCC/android/support/v4/widget/ViewDragHelper.java" startline="205" endline="216" pcid="1012">
  private int clampMag(int paramInt1, int paramInt2, int paramInt3) {
    int i = Math.abs(paramInt1);
    if (i < paramInt2)
      return 0; 
    if (i > paramInt3) {
      paramInt2 = paramInt3;
      if (paramInt1 <= 0)
        paramInt2 = -paramInt3; 
      return paramInt2;
    } 
    return paramInt1;
  }
</source>
</class>

<class classid="23" nclones="2" nlines="10" similarity="85">
<source file="systems/BreakFakeCMCC/android/support/v4/widget/CursorAdapter.java" startline="48" endline="56" pcid="1157">
  public CursorAdapter(Context paramContext, Cursor paramCursor, boolean paramBoolean) {
    byte b;
    if (paramBoolean) {
      b = 1;
    } else {
      b = 2;
    } 
    init(paramContext, paramCursor, b);
  }
</source>
<source file="systems/BreakFakeCMCC/android/support/v4/widget/CursorAdapter.java" startline="172" endline="180" pcid="1170">
  protected void init(Context paramContext, Cursor paramCursor, boolean paramBoolean) {
    byte b;
    if (paramBoolean) {
      b = 1;
    } else {
      b = 2;
    } 
    init(paramContext, paramCursor, b);
  }
</source>
</class>

<class classid="24" nclones="3" nlines="13" similarity="77">
<source file="systems/BreakFakeCMCC/android/support/v4/view/PagerTabStrip.java" startline="151" endline="162" pcid="1363">
  public void setBackgroundColor(int paramInt) {
    super.setBackgroundColor(paramInt);
    if (!this.mDrawFullUnderlineSet) {
      boolean bool;
      if ((0xFF000000 & paramInt) == 0) {
        bool = true;
      } else {
        bool = false;
      } 
      this.mDrawFullUnderline = bool;
    } 
  }
</source>
<source file="systems/BreakFakeCMCC/android/support/v4/view/PagerTabStrip.java" startline="177" endline="188" pcid="1365">
  public void setBackgroundResource(int paramInt) {
    super.setBackgroundResource(paramInt);
    if (!this.mDrawFullUnderlineSet) {
      boolean bool;
      if (paramInt == 0) {
        bool = true;
      } else {
        bool = false;
      } 
      this.mDrawFullUnderline = bool;
    } 
  }
</source>
<source file="systems/BreakFakeCMCC/android/support/v4/view/PagerTabStrip.java" startline="164" endline="175" pcid="1364">
  public void setBackgroundDrawable(Drawable paramDrawable) {
    super.setBackgroundDrawable(paramDrawable);
    if (!this.mDrawFullUnderlineSet) {
      boolean bool;
      if (paramDrawable == null) {
        bool = true;
      } else {
        bool = false;
      } 
      this.mDrawFullUnderline = bool;
    } 
  }
</source>
</class>

<class classid="25" nclones="2" nlines="16" similarity="81">
<source file="systems/BreakFakeCMCC/android/support/v4/view/accessibility/AccessibilityNodeProviderCompatJellyBean.java" startline="9" endline="23" pcid="1445">
  public static Object newAccessibilityNodeProviderBridge(final AccessibilityNodeInfoBridge bridge) {
    return new AccessibilityNodeProvider() {
        public AccessibilityNodeInfo createAccessibilityNodeInfo(int param1Int) {
          return (AccessibilityNodeInfo)bridge.createAccessibilityNodeInfo(param1Int);
        }
        
        public List<AccessibilityNodeInfo> findAccessibilityNodeInfosByText(String param1String, int param1Int) {
          return (List)bridge.findAccessibilityNodeInfosByText(param1String, param1Int);
        }
        
        public boolean performAction(int param1Int1, int param1Int2, Bundle param1Bundle) {
          return bridge.performAction(param1Int1, param1Int2, param1Bundle);
        }
      };
  }
</source>
<source file="systems/BreakFakeCMCC/android/support/v4/view/accessibility/AccessibilityNodeProviderCompatKitKat.java" startline="9" endline="27" pcid="1865">
  public static Object newAccessibilityNodeProviderBridge(final AccessibilityNodeInfoBridge bridge) {
    return new AccessibilityNodeProvider() {
        public AccessibilityNodeInfo createAccessibilityNodeInfo(int param1Int) {
          return (AccessibilityNodeInfo)bridge.createAccessibilityNodeInfo(param1Int);
        }
        
        public List<AccessibilityNodeInfo> findAccessibilityNodeInfosByText(String param1String, int param1Int) {
          return (List)bridge.findAccessibilityNodeInfosByText(param1String, param1Int);
        }
        
        public AccessibilityNodeInfo findFocus(int param1Int) {
          return (AccessibilityNodeInfo)bridge.findFocus(param1Int);
        }
        
        public boolean performAction(int param1Int1, int param1Int2, Bundle param1Bundle) {
          return bridge.performAction(param1Int1, param1Int2, param1Bundle);
        }
      };
  }
</source>
</class>

<class classid="26" nclones="2" nlines="14" similarity="100">
<source file="systems/BreakFakeCMCC/android/support/v4/view/accessibility/AccessibilityNodeInfoCompat.java" startline="156" endline="173" pcid="1463">
  public boolean equals(Object paramObject) {
    boolean bool = true;
    if (this != paramObject) {
      if (paramObject == null)
        return false; 
      if (getClass() != paramObject.getClass())
        return false; 
      paramObject = paramObject;
      if (this.mInfo == null) {
        if (((AccessibilityNodeInfoCompat)paramObject).mInfo != null)
          bool = false; 
        return bool;
      } 
      if (!this.mInfo.equals(((AccessibilityNodeInfoCompat)paramObject).mInfo))
        bool = false; 
    } 
    return bool;
  }
</source>
<source file="systems/BreakFakeCMCC/android/support/v4/view/accessibility/AccessibilityRecordCompat.java" startline="26" endline="43" pcid="1668">
  public boolean equals(Object paramObject) {
    boolean bool = true;
    if (this != paramObject) {
      if (paramObject == null)
        return false; 
      if (getClass() != paramObject.getClass())
        return false; 
      paramObject = paramObject;
      if (this.mRecord == null) {
        if (((AccessibilityRecordCompat)paramObject).mRecord != null)
          bool = false; 
        return bool;
      } 
      if (!this.mRecord.equals(((AccessibilityRecordCompat)paramObject).mRecord))
        bool = false; 
    } 
    return bool;
  }
</source>
</class>

<class classid="27" nclones="2" nlines="12" similarity="75">
<source file="systems/BreakFakeCMCC/android/support/v4/view/GestureDetectorCompat.java" startline="124" endline="137" pcid="1917">
    private void cancel() {
      this.mHandler.removeMessages(1);
      this.mHandler.removeMessages(2);
      this.mHandler.removeMessages(3);
      this.mVelocityTracker.recycle();
      this.mVelocityTracker = null;
      this.mIsDoubleTapping = false;
      this.mStillDown = false;
      this.mAlwaysInTapRegion = false;
      this.mAlwaysInBiggerTapRegion = false;
      this.mDeferConfirmSingleTap = false;
      if (this.mInLongPress)
        this.mInLongPress = false; 
    }
</source>
<source file="systems/BreakFakeCMCC/android/support/v4/view/GestureDetectorCompat.java" startline="139" endline="149" pcid="1918">
    private void cancelTaps() {
      this.mHandler.removeMessages(1);
      this.mHandler.removeMessages(2);
      this.mHandler.removeMessages(3);
      this.mIsDoubleTapping = false;
      this.mAlwaysInTapRegion = false;
      this.mAlwaysInBiggerTapRegion = false;
      this.mDeferConfirmSingleTap = false;
      if (this.mInLongPress)
        this.mInLongPress = false; 
    }
</source>
</class>

<class classid="28" nclones="2" nlines="29" similarity="80">
<source file="systems/BreakFakeCMCC/android/support/v4/view/AccessibilityDelegateCompatIcs.java" startline="13" endline="43" pcid="2062">
  public static Object newAccessibilityDelegateBridge(final AccessibilityDelegateBridge bridge) {
    return new View.AccessibilityDelegate() {
        public boolean dispatchPopulateAccessibilityEvent(View param1View, AccessibilityEvent param1AccessibilityEvent) {
          return bridge.dispatchPopulateAccessibilityEvent(param1View, param1AccessibilityEvent);
        }
        
        public void onInitializeAccessibilityEvent(View param1View, AccessibilityEvent param1AccessibilityEvent) {
          bridge.onInitializeAccessibilityEvent(param1View, param1AccessibilityEvent);
        }
        
        public void onInitializeAccessibilityNodeInfo(View param1View, AccessibilityNodeInfo param1AccessibilityNodeInfo) {
          bridge.onInitializeAccessibilityNodeInfo(param1View, param1AccessibilityNodeInfo);
        }
        
        public void onPopulateAccessibilityEvent(View param1View, AccessibilityEvent param1AccessibilityEvent) {
          bridge.onPopulateAccessibilityEvent(param1View, param1AccessibilityEvent);
        }
        
        public boolean onRequestSendAccessibilityEvent(ViewGroup param1ViewGroup, View param1View, AccessibilityEvent param1AccessibilityEvent) {
          return bridge.onRequestSendAccessibilityEvent(param1ViewGroup, param1View, param1AccessibilityEvent);
        }
        
        public void sendAccessibilityEvent(View param1View, int param1Int) {
          bridge.sendAccessibilityEvent(param1View, param1Int);
        }
        
        public void sendAccessibilityEventUnchecked(View param1View, AccessibilityEvent param1AccessibilityEvent) {
          bridge.sendAccessibilityEventUnchecked(param1View, param1AccessibilityEvent);
        }
      };
  }
</source>
<source file="systems/BreakFakeCMCC/android/support/v4/view/AccessibilityDelegateCompatJellyBean.java" startline="15" endline="53" pcid="2157">
  public static Object newAccessibilityDelegateBridge(final AccessibilityDelegateBridgeJellyBean bridge) {
    return new View.AccessibilityDelegate() {
        public boolean dispatchPopulateAccessibilityEvent(View param1View, AccessibilityEvent param1AccessibilityEvent) {
          return bridge.dispatchPopulateAccessibilityEvent(param1View, param1AccessibilityEvent);
        }
        
        public AccessibilityNodeProvider getAccessibilityNodeProvider(View param1View) {
          return (AccessibilityNodeProvider)bridge.getAccessibilityNodeProvider(param1View);
        }
        
        public void onInitializeAccessibilityEvent(View param1View, AccessibilityEvent param1AccessibilityEvent) {
          bridge.onInitializeAccessibilityEvent(param1View, param1AccessibilityEvent);
        }
        
        public void onInitializeAccessibilityNodeInfo(View param1View, AccessibilityNodeInfo param1AccessibilityNodeInfo) {
          bridge.onInitializeAccessibilityNodeInfo(param1View, param1AccessibilityNodeInfo);
        }
        
        public void onPopulateAccessibilityEvent(View param1View, AccessibilityEvent param1AccessibilityEvent) {
          bridge.onPopulateAccessibilityEvent(param1View, param1AccessibilityEvent);
        }
        
        public boolean onRequestSendAccessibilityEvent(ViewGroup param1ViewGroup, View param1View, AccessibilityEvent param1AccessibilityEvent) {
          return bridge.onRequestSendAccessibilityEvent(param1ViewGroup, param1View, param1AccessibilityEvent);
        }
        
        public boolean performAccessibilityAction(View param1View, int param1Int, Bundle param1Bundle) {
          return bridge.performAccessibilityAction(param1View, param1Int, param1Bundle);
        }
        
        public void sendAccessibilityEvent(View param1View, int param1Int) {
          bridge.sendAccessibilityEvent(param1View, param1Int);
        }
        
        public void sendAccessibilityEventUnchecked(View param1View, AccessibilityEvent param1AccessibilityEvent) {
          bridge.sendAccessibilityEventUnchecked(param1View, param1AccessibilityEvent);
        }
      };
  }
</source>
</class>

<class classid="29" nclones="2" nlines="28" similarity="100">
<source file="systems/BreakFakeCMCC/Recreational Wrestling/ICustomTabsCallback.java" startline="219" endline="244" pcid="2288">
      public void onRelationshipValidationResult(int param2Int, Uri param2Uri, boolean param2Boolean, Bundle param2Bundle) throws RemoteException {
        Parcel parcel1 = Parcel.obtain();
        Parcel parcel2 = Parcel.obtain();
        try {
          parcel1.writeInterfaceToken("android.support.customtabs.ICustomTabsCallback");
        } finally {
          parcel2.recycle();
          parcel1.recycle();
        } 
        if (param2Boolean) {
          param2Int = 1;
        } else {
          param2Int = 0;
        } 
        parcel1.writeInt(param2Int);
        if (param2Bundle != null) {
          parcel1.writeInt(1);
          param2Bundle.writeToParcel(parcel1, 0);
        } else {
          parcel1.writeInt(0);
        } 
        this.mRemote.transact(6, parcel1, parcel2, 0);
        parcel2.readException();
        parcel2.recycle();
        parcel1.recycle();
      }
</source>
<source file="systems/BreakFakeCMCC/Recreational Wrestling/ICustomTabsCallback.java" startline="346" endline="371" pcid="2296">
    public void onRelationshipValidationResult(int param1Int, Uri param1Uri, boolean param1Boolean, Bundle param1Bundle) throws RemoteException {
      Parcel parcel1 = Parcel.obtain();
      Parcel parcel2 = Parcel.obtain();
      try {
        parcel1.writeInterfaceToken("android.support.customtabs.ICustomTabsCallback");
      } finally {
        parcel2.recycle();
        parcel1.recycle();
      } 
      if (param1Boolean) {
        param1Int = 1;
      } else {
        param1Int = 0;
      } 
      parcel1.writeInt(param1Int);
      if (param1Bundle != null) {
        parcel1.writeInt(1);
        param1Bundle.writeToParcel(parcel1, 0);
      } else {
        parcel1.writeInt(0);
      } 
      this.mRemote.transact(6, parcel1, parcel2, 0);
      parcel2.readException();
      parcel2.recycle();
      parcel1.recycle();
    }
</source>
</class>

<class classid="30" nclones="4" nlines="21" similarity="70">
<source file="systems/BreakFakeCMCC/Recreational Wrestling/ICustomTabsService.java" startline="145" endline="168" pcid="2306">
      public boolean newSession(ICustomTabsCallback param2ICustomTabsCallback) throws RemoteException {
        Parcel parcel1 = Parcel.obtain();
        Parcel parcel2 = Parcel.obtain();
        try {
          parcel1.writeInterfaceToken("android.support.customtabs.ICustomTabsService");
          if (param2ICustomTabsCallback != null) {
            IBinder iBinder1 = param2ICustomTabsCallback.asBinder();
          } else {
            param2ICustomTabsCallback = null;
          } 
          parcel1.writeStrongBinder((IBinder)param2ICustomTabsCallback);
          IBinder iBinder = this.mRemote;
          boolean bool = false;
          iBinder.transact(3, parcel1, parcel2, 0);
          parcel2.readException();
          int i = parcel2.readInt();
          if (i != 0)
            bool = true; 
          return bool;
        } finally {
          parcel2.recycle();
          parcel1.recycle();
        } 
      }
</source>
<source file="systems/BreakFakeCMCC/Recreational Wrestling/ICustomTabsService.java" startline="294" endline="312" pcid="2311">
      public boolean warmup(long param2Long) throws RemoteException {
        Parcel parcel1 = Parcel.obtain();
        Parcel parcel2 = Parcel.obtain();
        try {
          parcel1.writeInterfaceToken("android.support.customtabs.ICustomTabsService");
          parcel1.writeLong(param2Long);
          IBinder iBinder = this.mRemote;
          boolean bool = false;
          iBinder.transact(2, parcel1, parcel2, 0);
          parcel2.readException();
          int i = parcel2.readInt();
          if (i != 0)
            bool = true; 
          return bool;
        } finally {
          parcel2.recycle();
          parcel1.recycle();
        } 
      }
</source>
<source file="systems/BreakFakeCMCC/Recreational Wrestling/ICustomTabsService.java" startline="543" endline="561" pcid="2322">
    public boolean warmup(long param1Long) throws RemoteException {
      Parcel parcel1 = Parcel.obtain();
      Parcel parcel2 = Parcel.obtain();
      try {
        parcel1.writeInterfaceToken("android.support.customtabs.ICustomTabsService");
        parcel1.writeLong(param1Long);
        IBinder iBinder = this.mRemote;
        boolean bool = false;
        iBinder.transact(2, parcel1, parcel2, 0);
        parcel2.readException();
        int i = parcel2.readInt();
        if (i != 0)
          bool = true; 
        return bool;
      } finally {
        parcel2.recycle();
        parcel1.recycle();
      } 
    }
</source>
<source file="systems/BreakFakeCMCC/Recreational Wrestling/ICustomTabsService.java" startline="394" endline="417" pcid="2317">
    public boolean newSession(ICustomTabsCallback param1ICustomTabsCallback) throws RemoteException {
      Parcel parcel1 = Parcel.obtain();
      Parcel parcel2 = Parcel.obtain();
      try {
        parcel1.writeInterfaceToken("android.support.customtabs.ICustomTabsService");
        if (param1ICustomTabsCallback != null) {
          IBinder iBinder1 = param1ICustomTabsCallback.asBinder();
        } else {
          param1ICustomTabsCallback = null;
        } 
        parcel1.writeStrongBinder((IBinder)param1ICustomTabsCallback);
        IBinder iBinder = this.mRemote;
        boolean bool = false;
        iBinder.transact(3, parcel1, parcel2, 0);
        parcel2.readException();
        int i = parcel2.readInt();
        if (i != 0)
          bool = true; 
        return bool;
      } finally {
        parcel2.recycle();
        parcel1.recycle();
      } 
    }
</source>
</class>

</clones>
