<clones>
<systeminfo processor="nicad6" system="BreakBottleNeckBadNews2" granularity="functions-blind" threshold="30%" minlines="10" maxlines="2500"/>
<cloneinfo npcs="835" npairs="196"/>
<runinfo ncompares="7422" cputime="145253"/>

<clone nlines="90" similarity="100">
<source file="systems/BreakBottleNeckBadNews2/Doctor Game/ITrustedWebActivityService.java" startline="104" endline="197" pcid="780"></source>
<source file="systems/BreakBottleNeckBadNews2/Crossword man/ITrustedWebActivityService.java" startline="104" endline="197" pcid="538"></source>
</clone>

<clone nlines="71" similarity="100">
<source file="systems/BreakBottleNeckBadNews2/android/support/v4/app/BackStackRecord.java" startline="601" endline="672" pcid="298"></source>
<source file="systems/BreakBottleNeckBadNews2/sfadika/BackStackRecord.java" startline="601" endline="672" pcid="751"></source>
</clone>

<clone nlines="52" similarity="100">
<source file="systems/BreakBottleNeckBadNews2/android/support/v4/app/BackStackRecord.java" startline="693" endline="747" pcid="302"></source>
<source file="systems/BreakBottleNeckBadNews2/sfadika/BackStackRecord.java" startline="693" endline="747" pcid="755"></source>
</clone>

<clone nlines="39" similarity="100">
<source file="systems/BreakBottleNeckBadNews2/android/support/v4/app/ShareCompat.java" startline="179" endline="216" pcid="150"></source>
<source file="systems/BreakBottleNeckBadNews2/sfadika/ShareCompat.java" startline="179" endline="216" pcid="649"></source>
</clone>

<clone nlines="32" similarity="100">
<source file="systems/BreakBottleNeckBadNews2/sfadika/NotificationCompatJellybean.java" startline="14" endline="41" pcid="626"></source>
<source file="systems/BreakBottleNeckBadNews2/android/support/v4/app/NotificationCompatJellybean.java" startline="14" endline="41" pcid="127"></source>
</clone>

<clone nlines="31" similarity="73">
<source file="systems/BreakBottleNeckBadNews2/android/support/v4/app/NotificationCompatIceCreamSandwich.java" startline="10" endline="36" pcid="368"></source>
<source file="systems/BreakBottleNeckBadNews2/android/support/v4/app/NotificationCompatJellybean.java" startline="14" endline="41" pcid="127"></source>
</clone>

<clone nlines="31" similarity="73">
<source file="systems/BreakBottleNeckBadNews2/sfadika/NotificationCompatIceCreamSandwich.java" startline="10" endline="36" pcid="766"></source>
<source file="systems/BreakBottleNeckBadNews2/android/support/v4/app/NotificationCompatJellybean.java" startline="14" endline="41" pcid="127"></source>
</clone>

<clone nlines="31" similarity="73">
<source file="systems/BreakBottleNeckBadNews2/sfadika/NotificationCompatHoneycomb.java" startline="10" endline="36" pcid="593"></source>
<source file="systems/BreakBottleNeckBadNews2/android/support/v4/app/NotificationCompatJellybean.java" startline="14" endline="41" pcid="127"></source>
</clone>

<clone nlines="31" similarity="73">
<source file="systems/BreakBottleNeckBadNews2/android/support/v4/app/NotificationCompatHoneycomb.java" startline="10" endline="36" pcid="75"></source>
<source file="systems/BreakBottleNeckBadNews2/android/support/v4/app/NotificationCompatJellybean.java" startline="14" endline="41" pcid="127"></source>
</clone>

<clone nlines="31" similarity="73">
<source file="systems/BreakBottleNeckBadNews2/android/support/v4/app/NotificationCompatIceCreamSandwich.java" startline="10" endline="36" pcid="368"></source>
<source file="systems/BreakBottleNeckBadNews2/sfadika/NotificationCompatJellybean.java" startline="14" endline="41" pcid="626"></source>
</clone>

<clone nlines="31" similarity="73">
<source file="systems/BreakBottleNeckBadNews2/sfadika/NotificationCompatJellybean.java" startline="14" endline="41" pcid="626"></source>
<source file="systems/BreakBottleNeckBadNews2/sfadika/NotificationCompatIceCreamSandwich.java" startline="10" endline="36" pcid="766"></source>
</clone>

<clone nlines="31" similarity="73">
<source file="systems/BreakBottleNeckBadNews2/sfadika/NotificationCompatJellybean.java" startline="14" endline="41" pcid="626"></source>
<source file="systems/BreakBottleNeckBadNews2/sfadika/NotificationCompatHoneycomb.java" startline="10" endline="36" pcid="593"></source>
</clone>

<clone nlines="31" similarity="73">
<source file="systems/BreakBottleNeckBadNews2/sfadika/NotificationCompatJellybean.java" startline="14" endline="41" pcid="626"></source>
<source file="systems/BreakBottleNeckBadNews2/android/support/v4/app/NotificationCompatHoneycomb.java" startline="10" endline="36" pcid="75"></source>
</clone>

<clone nlines="29" similarity="72">
<source file="systems/BreakBottleNeckBadNews2/Doctor Game/ITrustedWebActivityService.java" startline="263" endline="289" pcid="785"></source>
<source file="systems/BreakBottleNeckBadNews2/Doctor Game/ITrustedWebActivityService.java" startline="356" endline="382" pcid="790"></source>
</clone>

<clone nlines="29" similarity="72">
<source file="systems/BreakBottleNeckBadNews2/Doctor Game/ITrustedWebActivityService.java" startline="208" endline="234" pcid="782"></source>
<source file="systems/BreakBottleNeckBadNews2/Doctor Game/ITrustedWebActivityService.java" startline="263" endline="289" pcid="785"></source>
</clone>

<clone nlines="29" similarity="72">
<source file="systems/BreakBottleNeckBadNews2/Doctor Game/ITrustedWebActivityService.java" startline="263" endline="289" pcid="785"></source>
<source file="systems/BreakBottleNeckBadNews2/Doctor Game/ITrustedWebActivityService.java" startline="395" endline="421" pcid="792"></source>
</clone>

<clone nlines="28" similarity="100">
<source file="systems/BreakBottleNeckBadNews2/Doctor Game/ITrustedWebActivityService.java" startline="263" endline="289" pcid="785"></source>
<source file="systems/BreakBottleNeckBadNews2/Doctor Game/ITrustedWebActivityService.java" startline="450" endline="476" pcid="795"></source>
</clone>

<clone nlines="29" similarity="72">
<source file="systems/BreakBottleNeckBadNews2/Doctor Game/ITrustedWebActivityService.java" startline="263" endline="289" pcid="785"></source>
<source file="systems/BreakBottleNeckBadNews2/Doctor Game/ITrustedWebActivityService.java" startline="543" endline="569" pcid="800"></source>
</clone>

<clone nlines="28" similarity="100">
<source file="systems/BreakBottleNeckBadNews2/Doctor Game/ITrustedWebActivityService.java" startline="263" endline="289" pcid="785"></source>
<source file="systems/BreakBottleNeckBadNews2/Crossword man/ITrustedWebActivityService.java" startline="450" endline="476" pcid="553"></source>
</clone>

<clone nlines="29" similarity="72">
<source file="systems/BreakBottleNeckBadNews2/Doctor Game/ITrustedWebActivityService.java" startline="263" endline="289" pcid="785"></source>
<source file="systems/BreakBottleNeckBadNews2/Crossword man/ITrustedWebActivityService.java" startline="395" endline="421" pcid="550"></source>
</clone>

<clone nlines="29" similarity="72">
<source file="systems/BreakBottleNeckBadNews2/Doctor Game/ITrustedWebActivityService.java" startline="263" endline="289" pcid="785"></source>
<source file="systems/BreakBottleNeckBadNews2/Crossword man/ITrustedWebActivityService.java" startline="208" endline="234" pcid="540"></source>
</clone>

<clone nlines="29" similarity="72">
<source file="systems/BreakBottleNeckBadNews2/Doctor Game/ITrustedWebActivityService.java" startline="263" endline="289" pcid="785"></source>
<source file="systems/BreakBottleNeckBadNews2/Crossword man/ITrustedWebActivityService.java" startline="543" endline="569" pcid="558"></source>
</clone>

<clone nlines="29" similarity="72">
<source file="systems/BreakBottleNeckBadNews2/Doctor Game/ITrustedWebActivityService.java" startline="263" endline="289" pcid="785"></source>
<source file="systems/BreakBottleNeckBadNews2/Crossword man/ITrustedWebActivityService.java" startline="356" endline="382" pcid="548"></source>
</clone>

<clone nlines="28" similarity="100">
<source file="systems/BreakBottleNeckBadNews2/Doctor Game/ITrustedWebActivityService.java" startline="263" endline="289" pcid="785"></source>
<source file="systems/BreakBottleNeckBadNews2/Crossword man/ITrustedWebActivityService.java" startline="263" endline="289" pcid="543"></source>
</clone>

<clone nlines="29" similarity="100">
<source file="systems/BreakBottleNeckBadNews2/Doctor Game/ITrustedWebActivityService.java" startline="208" endline="234" pcid="782"></source>
<source file="systems/BreakBottleNeckBadNews2/Doctor Game/ITrustedWebActivityService.java" startline="356" endline="382" pcid="790"></source>
</clone>

<clone nlines="29" similarity="100">
<source file="systems/BreakBottleNeckBadNews2/Doctor Game/ITrustedWebActivityService.java" startline="356" endline="382" pcid="790"></source>
<source file="systems/BreakBottleNeckBadNews2/Doctor Game/ITrustedWebActivityService.java" startline="395" endline="421" pcid="792"></source>
</clone>

<clone nlines="29" similarity="72">
<source file="systems/BreakBottleNeckBadNews2/Doctor Game/ITrustedWebActivityService.java" startline="356" endline="382" pcid="790"></source>
<source file="systems/BreakBottleNeckBadNews2/Doctor Game/ITrustedWebActivityService.java" startline="450" endline="476" pcid="795"></source>
</clone>

<clone nlines="29" similarity="100">
<source file="systems/BreakBottleNeckBadNews2/Doctor Game/ITrustedWebActivityService.java" startline="356" endline="382" pcid="790"></source>
<source file="systems/BreakBottleNeckBadNews2/Doctor Game/ITrustedWebActivityService.java" startline="543" endline="569" pcid="800"></source>
</clone>

<clone nlines="29" similarity="72">
<source file="systems/BreakBottleNeckBadNews2/Doctor Game/ITrustedWebActivityService.java" startline="356" endline="382" pcid="790"></source>
<source file="systems/BreakBottleNeckBadNews2/Crossword man/ITrustedWebActivityService.java" startline="450" endline="476" pcid="553"></source>
</clone>

<clone nlines="29" similarity="100">
<source file="systems/BreakBottleNeckBadNews2/Doctor Game/ITrustedWebActivityService.java" startline="356" endline="382" pcid="790"></source>
<source file="systems/BreakBottleNeckBadNews2/Crossword man/ITrustedWebActivityService.java" startline="395" endline="421" pcid="550"></source>
</clone>

<clone nlines="29" similarity="100">
<source file="systems/BreakBottleNeckBadNews2/Doctor Game/ITrustedWebActivityService.java" startline="356" endline="382" pcid="790"></source>
<source file="systems/BreakBottleNeckBadNews2/Crossword man/ITrustedWebActivityService.java" startline="208" endline="234" pcid="540"></source>
</clone>

<clone nlines="29" similarity="100">
<source file="systems/BreakBottleNeckBadNews2/Doctor Game/ITrustedWebActivityService.java" startline="356" endline="382" pcid="790"></source>
<source file="systems/BreakBottleNeckBadNews2/Crossword man/ITrustedWebActivityService.java" startline="543" endline="569" pcid="558"></source>
</clone>

<clone nlines="29" similarity="100">
<source file="systems/BreakBottleNeckBadNews2/Doctor Game/ITrustedWebActivityService.java" startline="356" endline="382" pcid="790"></source>
<source file="systems/BreakBottleNeckBadNews2/Crossword man/ITrustedWebActivityService.java" startline="356" endline="382" pcid="548"></source>
</clone>

<clone nlines="29" similarity="72">
<source file="systems/BreakBottleNeckBadNews2/Doctor Game/ITrustedWebActivityService.java" startline="356" endline="382" pcid="790"></source>
<source file="systems/BreakBottleNeckBadNews2/Crossword man/ITrustedWebActivityService.java" startline="263" endline="289" pcid="543"></source>
</clone>

<clone nlines="29" similarity="100">
<source file="systems/BreakBottleNeckBadNews2/Doctor Game/ITrustedWebActivityService.java" startline="208" endline="234" pcid="782"></source>
<source file="systems/BreakBottleNeckBadNews2/Doctor Game/ITrustedWebActivityService.java" startline="395" endline="421" pcid="792"></source>
</clone>

<clone nlines="29" similarity="72">
<source file="systems/BreakBottleNeckBadNews2/Doctor Game/ITrustedWebActivityService.java" startline="208" endline="234" pcid="782"></source>
<source file="systems/BreakBottleNeckBadNews2/Doctor Game/ITrustedWebActivityService.java" startline="450" endline="476" pcid="795"></source>
</clone>

<clone nlines="29" similarity="100">
<source file="systems/BreakBottleNeckBadNews2/Doctor Game/ITrustedWebActivityService.java" startline="208" endline="234" pcid="782"></source>
<source file="systems/BreakBottleNeckBadNews2/Doctor Game/ITrustedWebActivityService.java" startline="543" endline="569" pcid="800"></source>
</clone>

<clone nlines="29" similarity="72">
<source file="systems/BreakBottleNeckBadNews2/Doctor Game/ITrustedWebActivityService.java" startline="208" endline="234" pcid="782"></source>
<source file="systems/BreakBottleNeckBadNews2/Crossword man/ITrustedWebActivityService.java" startline="450" endline="476" pcid="553"></source>
</clone>

<clone nlines="29" similarity="100">
<source file="systems/BreakBottleNeckBadNews2/Doctor Game/ITrustedWebActivityService.java" startline="208" endline="234" pcid="782"></source>
<source file="systems/BreakBottleNeckBadNews2/Crossword man/ITrustedWebActivityService.java" startline="395" endline="421" pcid="550"></source>
</clone>

<clone nlines="29" similarity="100">
<source file="systems/BreakBottleNeckBadNews2/Doctor Game/ITrustedWebActivityService.java" startline="208" endline="234" pcid="782"></source>
<source file="systems/BreakBottleNeckBadNews2/Crossword man/ITrustedWebActivityService.java" startline="208" endline="234" pcid="540"></source>
</clone>

<clone nlines="29" similarity="100">
<source file="systems/BreakBottleNeckBadNews2/Doctor Game/ITrustedWebActivityService.java" startline="208" endline="234" pcid="782"></source>
<source file="systems/BreakBottleNeckBadNews2/Crossword man/ITrustedWebActivityService.java" startline="543" endline="569" pcid="558"></source>
</clone>

<clone nlines="29" similarity="100">
<source file="systems/BreakBottleNeckBadNews2/Doctor Game/ITrustedWebActivityService.java" startline="208" endline="234" pcid="782"></source>
<source file="systems/BreakBottleNeckBadNews2/Crossword man/ITrustedWebActivityService.java" startline="356" endline="382" pcid="548"></source>
</clone>

<clone nlines="29" similarity="72">
<source file="systems/BreakBottleNeckBadNews2/Doctor Game/ITrustedWebActivityService.java" startline="208" endline="234" pcid="782"></source>
<source file="systems/BreakBottleNeckBadNews2/Crossword man/ITrustedWebActivityService.java" startline="263" endline="289" pcid="543"></source>
</clone>

<clone nlines="29" similarity="72">
<source file="systems/BreakBottleNeckBadNews2/Doctor Game/ITrustedWebActivityService.java" startline="395" endline="421" pcid="792"></source>
<source file="systems/BreakBottleNeckBadNews2/Doctor Game/ITrustedWebActivityService.java" startline="450" endline="476" pcid="795"></source>
</clone>

<clone nlines="29" similarity="100">
<source file="systems/BreakBottleNeckBadNews2/Doctor Game/ITrustedWebActivityService.java" startline="395" endline="421" pcid="792"></source>
<source file="systems/BreakBottleNeckBadNews2/Doctor Game/ITrustedWebActivityService.java" startline="543" endline="569" pcid="800"></source>
</clone>

<clone nlines="29" similarity="72">
<source file="systems/BreakBottleNeckBadNews2/Doctor Game/ITrustedWebActivityService.java" startline="395" endline="421" pcid="792"></source>
<source file="systems/BreakBottleNeckBadNews2/Crossword man/ITrustedWebActivityService.java" startline="450" endline="476" pcid="553"></source>
</clone>

<clone nlines="29" similarity="100">
<source file="systems/BreakBottleNeckBadNews2/Doctor Game/ITrustedWebActivityService.java" startline="395" endline="421" pcid="792"></source>
<source file="systems/BreakBottleNeckBadNews2/Crossword man/ITrustedWebActivityService.java" startline="395" endline="421" pcid="550"></source>
</clone>

<clone nlines="29" similarity="100">
<source file="systems/BreakBottleNeckBadNews2/Doctor Game/ITrustedWebActivityService.java" startline="395" endline="421" pcid="792"></source>
<source file="systems/BreakBottleNeckBadNews2/Crossword man/ITrustedWebActivityService.java" startline="208" endline="234" pcid="540"></source>
</clone>

<clone nlines="29" similarity="100">
<source file="systems/BreakBottleNeckBadNews2/Doctor Game/ITrustedWebActivityService.java" startline="395" endline="421" pcid="792"></source>
<source file="systems/BreakBottleNeckBadNews2/Crossword man/ITrustedWebActivityService.java" startline="543" endline="569" pcid="558"></source>
</clone>

<clone nlines="29" similarity="100">
<source file="systems/BreakBottleNeckBadNews2/Doctor Game/ITrustedWebActivityService.java" startline="395" endline="421" pcid="792"></source>
<source file="systems/BreakBottleNeckBadNews2/Crossword man/ITrustedWebActivityService.java" startline="356" endline="382" pcid="548"></source>
</clone>

<clone nlines="29" similarity="72">
<source file="systems/BreakBottleNeckBadNews2/Doctor Game/ITrustedWebActivityService.java" startline="395" endline="421" pcid="792"></source>
<source file="systems/BreakBottleNeckBadNews2/Crossword man/ITrustedWebActivityService.java" startline="263" endline="289" pcid="543"></source>
</clone>

<clone nlines="30" similarity="100">
<source file="systems/BreakBottleNeckBadNews2/android/support/v4/app/NotificationCompatIceCreamSandwich.java" startline="10" endline="36" pcid="368"></source>
<source file="systems/BreakBottleNeckBadNews2/sfadika/NotificationCompatIceCreamSandwich.java" startline="10" endline="36" pcid="766"></source>
</clone>

<clone nlines="30" similarity="86">
<source file="systems/BreakBottleNeckBadNews2/android/support/v4/app/NotificationCompatIceCreamSandwich.java" startline="10" endline="36" pcid="368"></source>
<source file="systems/BreakBottleNeckBadNews2/sfadika/NotificationCompatHoneycomb.java" startline="10" endline="36" pcid="593"></source>
</clone>

<clone nlines="30" similarity="86">
<source file="systems/BreakBottleNeckBadNews2/android/support/v4/app/NotificationCompatIceCreamSandwich.java" startline="10" endline="36" pcid="368"></source>
<source file="systems/BreakBottleNeckBadNews2/android/support/v4/app/NotificationCompatHoneycomb.java" startline="10" endline="36" pcid="75"></source>
</clone>

<clone nlines="30" similarity="86">
<source file="systems/BreakBottleNeckBadNews2/sfadika/NotificationCompatIceCreamSandwich.java" startline="10" endline="36" pcid="766"></source>
<source file="systems/BreakBottleNeckBadNews2/sfadika/NotificationCompatHoneycomb.java" startline="10" endline="36" pcid="593"></source>
</clone>

<clone nlines="30" similarity="86">
<source file="systems/BreakBottleNeckBadNews2/android/support/v4/app/NotificationCompatHoneycomb.java" startline="10" endline="36" pcid="75"></source>
<source file="systems/BreakBottleNeckBadNews2/sfadika/NotificationCompatIceCreamSandwich.java" startline="10" endline="36" pcid="766"></source>
</clone>

<clone nlines="29" similarity="72">
<source file="systems/BreakBottleNeckBadNews2/Doctor Game/ITrustedWebActivityService.java" startline="450" endline="476" pcid="795"></source>
<source file="systems/BreakBottleNeckBadNews2/Doctor Game/ITrustedWebActivityService.java" startline="543" endline="569" pcid="800"></source>
</clone>

<clone nlines="28" similarity="100">
<source file="systems/BreakBottleNeckBadNews2/Doctor Game/ITrustedWebActivityService.java" startline="450" endline="476" pcid="795"></source>
<source file="systems/BreakBottleNeckBadNews2/Crossword man/ITrustedWebActivityService.java" startline="450" endline="476" pcid="553"></source>
</clone>

<clone nlines="29" similarity="72">
<source file="systems/BreakBottleNeckBadNews2/Doctor Game/ITrustedWebActivityService.java" startline="450" endline="476" pcid="795"></source>
<source file="systems/BreakBottleNeckBadNews2/Crossword man/ITrustedWebActivityService.java" startline="395" endline="421" pcid="550"></source>
</clone>

<clone nlines="29" similarity="72">
<source file="systems/BreakBottleNeckBadNews2/Doctor Game/ITrustedWebActivityService.java" startline="450" endline="476" pcid="795"></source>
<source file="systems/BreakBottleNeckBadNews2/Crossword man/ITrustedWebActivityService.java" startline="208" endline="234" pcid="540"></source>
</clone>

<clone nlines="29" similarity="72">
<source file="systems/BreakBottleNeckBadNews2/Doctor Game/ITrustedWebActivityService.java" startline="450" endline="476" pcid="795"></source>
<source file="systems/BreakBottleNeckBadNews2/Crossword man/ITrustedWebActivityService.java" startline="543" endline="569" pcid="558"></source>
</clone>

<clone nlines="29" similarity="72">
<source file="systems/BreakBottleNeckBadNews2/Doctor Game/ITrustedWebActivityService.java" startline="450" endline="476" pcid="795"></source>
<source file="systems/BreakBottleNeckBadNews2/Crossword man/ITrustedWebActivityService.java" startline="356" endline="382" pcid="548"></source>
</clone>

<clone nlines="28" similarity="100">
<source file="systems/BreakBottleNeckBadNews2/Doctor Game/ITrustedWebActivityService.java" startline="450" endline="476" pcid="795"></source>
<source file="systems/BreakBottleNeckBadNews2/Crossword man/ITrustedWebActivityService.java" startline="263" endline="289" pcid="543"></source>
</clone>

<clone nlines="29" similarity="72">
<source file="systems/BreakBottleNeckBadNews2/Doctor Game/ITrustedWebActivityService.java" startline="543" endline="569" pcid="800"></source>
<source file="systems/BreakBottleNeckBadNews2/Crossword man/ITrustedWebActivityService.java" startline="450" endline="476" pcid="553"></source>
</clone>

<clone nlines="29" similarity="100">
<source file="systems/BreakBottleNeckBadNews2/Doctor Game/ITrustedWebActivityService.java" startline="543" endline="569" pcid="800"></source>
<source file="systems/BreakBottleNeckBadNews2/Crossword man/ITrustedWebActivityService.java" startline="395" endline="421" pcid="550"></source>
</clone>

<clone nlines="29" similarity="100">
<source file="systems/BreakBottleNeckBadNews2/Doctor Game/ITrustedWebActivityService.java" startline="543" endline="569" pcid="800"></source>
<source file="systems/BreakBottleNeckBadNews2/Crossword man/ITrustedWebActivityService.java" startline="208" endline="234" pcid="540"></source>
</clone>

<clone nlines="29" similarity="100">
<source file="systems/BreakBottleNeckBadNews2/Doctor Game/ITrustedWebActivityService.java" startline="543" endline="569" pcid="800"></source>
<source file="systems/BreakBottleNeckBadNews2/Crossword man/ITrustedWebActivityService.java" startline="543" endline="569" pcid="558"></source>
</clone>

<clone nlines="29" similarity="100">
<source file="systems/BreakBottleNeckBadNews2/Doctor Game/ITrustedWebActivityService.java" startline="543" endline="569" pcid="800"></source>
<source file="systems/BreakBottleNeckBadNews2/Crossword man/ITrustedWebActivityService.java" startline="356" endline="382" pcid="548"></source>
</clone>

<clone nlines="29" similarity="72">
<source file="systems/BreakBottleNeckBadNews2/Doctor Game/ITrustedWebActivityService.java" startline="543" endline="569" pcid="800"></source>
<source file="systems/BreakBottleNeckBadNews2/Crossword man/ITrustedWebActivityService.java" startline="263" endline="289" pcid="543"></source>
</clone>

<clone nlines="30" similarity="100">
<source file="systems/BreakBottleNeckBadNews2/android/support/v4/app/NotificationCompatHoneycomb.java" startline="10" endline="36" pcid="75"></source>
<source file="systems/BreakBottleNeckBadNews2/sfadika/NotificationCompatHoneycomb.java" startline="10" endline="36" pcid="593"></source>
</clone>

<clone nlines="29" similarity="72">
<source file="systems/BreakBottleNeckBadNews2/Crossword man/ITrustedWebActivityService.java" startline="395" endline="421" pcid="550"></source>
<source file="systems/BreakBottleNeckBadNews2/Crossword man/ITrustedWebActivityService.java" startline="450" endline="476" pcid="553"></source>
</clone>

<clone nlines="29" similarity="72">
<source file="systems/BreakBottleNeckBadNews2/Crossword man/ITrustedWebActivityService.java" startline="208" endline="234" pcid="540"></source>
<source file="systems/BreakBottleNeckBadNews2/Crossword man/ITrustedWebActivityService.java" startline="450" endline="476" pcid="553"></source>
</clone>

<clone nlines="29" similarity="72">
<source file="systems/BreakBottleNeckBadNews2/Crossword man/ITrustedWebActivityService.java" startline="450" endline="476" pcid="553"></source>
<source file="systems/BreakBottleNeckBadNews2/Crossword man/ITrustedWebActivityService.java" startline="543" endline="569" pcid="558"></source>
</clone>

<clone nlines="29" similarity="72">
<source file="systems/BreakBottleNeckBadNews2/Crossword man/ITrustedWebActivityService.java" startline="356" endline="382" pcid="548"></source>
<source file="systems/BreakBottleNeckBadNews2/Crossword man/ITrustedWebActivityService.java" startline="450" endline="476" pcid="553"></source>
</clone>

<clone nlines="28" similarity="100">
<source file="systems/BreakBottleNeckBadNews2/Crossword man/ITrustedWebActivityService.java" startline="263" endline="289" pcid="543"></source>
<source file="systems/BreakBottleNeckBadNews2/Crossword man/ITrustedWebActivityService.java" startline="450" endline="476" pcid="553"></source>
</clone>

<clone nlines="29" similarity="100">
<source file="systems/BreakBottleNeckBadNews2/Crossword man/ITrustedWebActivityService.java" startline="208" endline="234" pcid="540"></source>
<source file="systems/BreakBottleNeckBadNews2/Crossword man/ITrustedWebActivityService.java" startline="395" endline="421" pcid="550"></source>
</clone>

<clone nlines="29" similarity="100">
<source file="systems/BreakBottleNeckBadNews2/Crossword man/ITrustedWebActivityService.java" startline="395" endline="421" pcid="550"></source>
<source file="systems/BreakBottleNeckBadNews2/Crossword man/ITrustedWebActivityService.java" startline="543" endline="569" pcid="558"></source>
</clone>

<clone nlines="29" similarity="100">
<source file="systems/BreakBottleNeckBadNews2/Crossword man/ITrustedWebActivityService.java" startline="356" endline="382" pcid="548"></source>
<source file="systems/BreakBottleNeckBadNews2/Crossword man/ITrustedWebActivityService.java" startline="395" endline="421" pcid="550"></source>
</clone>

<clone nlines="29" similarity="72">
<source file="systems/BreakBottleNeckBadNews2/Crossword man/ITrustedWebActivityService.java" startline="263" endline="289" pcid="543"></source>
<source file="systems/BreakBottleNeckBadNews2/Crossword man/ITrustedWebActivityService.java" startline="395" endline="421" pcid="550"></source>
</clone>

<clone nlines="29" similarity="100">
<source file="systems/BreakBottleNeckBadNews2/Crossword man/ITrustedWebActivityService.java" startline="208" endline="234" pcid="540"></source>
<source file="systems/BreakBottleNeckBadNews2/Crossword man/ITrustedWebActivityService.java" startline="543" endline="569" pcid="558"></source>
</clone>

<clone nlines="29" similarity="100">
<source file="systems/BreakBottleNeckBadNews2/Crossword man/ITrustedWebActivityService.java" startline="208" endline="234" pcid="540"></source>
<source file="systems/BreakBottleNeckBadNews2/Crossword man/ITrustedWebActivityService.java" startline="356" endline="382" pcid="548"></source>
</clone>

<clone nlines="29" similarity="72">
<source file="systems/BreakBottleNeckBadNews2/Crossword man/ITrustedWebActivityService.java" startline="208" endline="234" pcid="540"></source>
<source file="systems/BreakBottleNeckBadNews2/Crossword man/ITrustedWebActivityService.java" startline="263" endline="289" pcid="543"></source>
</clone>

<clone nlines="29" similarity="100">
<source file="systems/BreakBottleNeckBadNews2/Crossword man/ITrustedWebActivityService.java" startline="356" endline="382" pcid="548"></source>
<source file="systems/BreakBottleNeckBadNews2/Crossword man/ITrustedWebActivityService.java" startline="543" endline="569" pcid="558"></source>
</clone>

<clone nlines="29" similarity="72">
<source file="systems/BreakBottleNeckBadNews2/Crossword man/ITrustedWebActivityService.java" startline="263" endline="289" pcid="543"></source>
<source file="systems/BreakBottleNeckBadNews2/Crossword man/ITrustedWebActivityService.java" startline="543" endline="569" pcid="558"></source>
</clone>

<clone nlines="29" similarity="72">
<source file="systems/BreakBottleNeckBadNews2/Crossword man/ITrustedWebActivityService.java" startline="263" endline="289" pcid="543"></source>
<source file="systems/BreakBottleNeckBadNews2/Crossword man/ITrustedWebActivityService.java" startline="356" endline="382" pcid="548"></source>
</clone>

<clone nlines="28" similarity="100">
<source file="systems/BreakBottleNeckBadNews2/android/support/v4/app/ShareCompat.java" startline="435" endline="457" pcid="182"></source>
<source file="systems/BreakBottleNeckBadNews2/sfadika/ShareCompat.java" startline="435" endline="457" pcid="681"></source>
</clone>

<clone nlines="23" similarity="100">
<source file="systems/BreakBottleNeckBadNews2/sfadika/FragmentStatePagerAdapter.java" startline="105" endline="128" pcid="694"></source>
<source file="systems/BreakBottleNeckBadNews2/android/support/v4/app/FragmentStatePagerAdapter.java" startline="105" endline="128" pcid="240"></source>
</clone>

<clone nlines="24" similarity="100">
<source file="systems/BreakBottleNeckBadNews2/Doctor Game/ITrustedWebActivityCallback.java" startline="92" endline="114" pcid="812"></source>
<source file="systems/BreakBottleNeckBadNews2/Doctor Game/ITrustedWebActivityCallback.java" startline="135" endline="157" pcid="816"></source>
</clone>

<clone nlines="24" similarity="100">
<source file="systems/BreakBottleNeckBadNews2/Crossword man/ITrustedWebActivityCallback.java" startline="135" endline="157" pcid="574"></source>
<source file="systems/BreakBottleNeckBadNews2/Doctor Game/ITrustedWebActivityCallback.java" startline="92" endline="114" pcid="812"></source>
</clone>

<clone nlines="24" similarity="100">
<source file="systems/BreakBottleNeckBadNews2/Crossword man/ITrustedWebActivityCallback.java" startline="92" endline="114" pcid="570"></source>
<source file="systems/BreakBottleNeckBadNews2/Doctor Game/ITrustedWebActivityCallback.java" startline="92" endline="114" pcid="812"></source>
</clone>

<clone nlines="24" similarity="84">
<source file="systems/BreakBottleNeckBadNews2/Doctor Game/ITrustedWebActivityCallback.java" startline="92" endline="114" pcid="812"></source>
<source file="systems/BreakBottleNeckBadNews2/Crossword man/ITrustedWebActivityService.java" startline="427" endline="448" pcid="552"></source>
</clone>

<clone nlines="24" similarity="84">
<source file="systems/BreakBottleNeckBadNews2/Doctor Game/ITrustedWebActivityCallback.java" startline="92" endline="114" pcid="812"></source>
<source file="systems/BreakBottleNeckBadNews2/Crossword man/ITrustedWebActivityService.java" startline="240" endline="261" pcid="542"></source>
</clone>

<clone nlines="24" similarity="84">
<source file="systems/BreakBottleNeckBadNews2/Doctor Game/ITrustedWebActivityService.java" startline="427" endline="448" pcid="794"></source>
<source file="systems/BreakBottleNeckBadNews2/Doctor Game/ITrustedWebActivityCallback.java" startline="92" endline="114" pcid="812"></source>
</clone>

<clone nlines="24" similarity="84">
<source file="systems/BreakBottleNeckBadNews2/Doctor Game/ITrustedWebActivityService.java" startline="240" endline="261" pcid="784"></source>
<source file="systems/BreakBottleNeckBadNews2/Doctor Game/ITrustedWebActivityCallback.java" startline="92" endline="114" pcid="812"></source>
</clone>

<clone nlines="24" similarity="100">
<source file="systems/BreakBottleNeckBadNews2/Crossword man/ITrustedWebActivityCallback.java" startline="135" endline="157" pcid="574"></source>
<source file="systems/BreakBottleNeckBadNews2/Doctor Game/ITrustedWebActivityCallback.java" startline="135" endline="157" pcid="816"></source>
</clone>

<clone nlines="24" similarity="100">
<source file="systems/BreakBottleNeckBadNews2/Crossword man/ITrustedWebActivityCallback.java" startline="92" endline="114" pcid="570"></source>
<source file="systems/BreakBottleNeckBadNews2/Doctor Game/ITrustedWebActivityCallback.java" startline="135" endline="157" pcid="816"></source>
</clone>

<clone nlines="24" similarity="84">
<source file="systems/BreakBottleNeckBadNews2/Doctor Game/ITrustedWebActivityCallback.java" startline="135" endline="157" pcid="816"></source>
<source file="systems/BreakBottleNeckBadNews2/Crossword man/ITrustedWebActivityService.java" startline="427" endline="448" pcid="552"></source>
</clone>

<clone nlines="24" similarity="84">
<source file="systems/BreakBottleNeckBadNews2/Doctor Game/ITrustedWebActivityCallback.java" startline="135" endline="157" pcid="816"></source>
<source file="systems/BreakBottleNeckBadNews2/Crossword man/ITrustedWebActivityService.java" startline="240" endline="261" pcid="542"></source>
</clone>

<clone nlines="24" similarity="84">
<source file="systems/BreakBottleNeckBadNews2/Doctor Game/ITrustedWebActivityService.java" startline="427" endline="448" pcid="794"></source>
<source file="systems/BreakBottleNeckBadNews2/Doctor Game/ITrustedWebActivityCallback.java" startline="135" endline="157" pcid="816"></source>
</clone>

<clone nlines="24" similarity="84">
<source file="systems/BreakBottleNeckBadNews2/Doctor Game/ITrustedWebActivityService.java" startline="240" endline="261" pcid="784"></source>
<source file="systems/BreakBottleNeckBadNews2/Doctor Game/ITrustedWebActivityCallback.java" startline="135" endline="157" pcid="816"></source>
</clone>

<clone nlines="24" similarity="100">
<source file="systems/BreakBottleNeckBadNews2/Crossword man/ITrustedWebActivityCallback.java" startline="92" endline="114" pcid="570"></source>
<source file="systems/BreakBottleNeckBadNews2/Crossword man/ITrustedWebActivityCallback.java" startline="135" endline="157" pcid="574"></source>
</clone>

<clone nlines="24" similarity="84">
<source file="systems/BreakBottleNeckBadNews2/Crossword man/ITrustedWebActivityCallback.java" startline="135" endline="157" pcid="574"></source>
<source file="systems/BreakBottleNeckBadNews2/Crossword man/ITrustedWebActivityService.java" startline="427" endline="448" pcid="552"></source>
</clone>

<clone nlines="24" similarity="84">
<source file="systems/BreakBottleNeckBadNews2/Crossword man/ITrustedWebActivityCallback.java" startline="135" endline="157" pcid="574"></source>
<source file="systems/BreakBottleNeckBadNews2/Crossword man/ITrustedWebActivityService.java" startline="240" endline="261" pcid="542"></source>
</clone>

<clone nlines="24" similarity="84">
<source file="systems/BreakBottleNeckBadNews2/Doctor Game/ITrustedWebActivityService.java" startline="427" endline="448" pcid="794"></source>
<source file="systems/BreakBottleNeckBadNews2/Crossword man/ITrustedWebActivityCallback.java" startline="135" endline="157" pcid="574"></source>
</clone>

<clone nlines="24" similarity="84">
<source file="systems/BreakBottleNeckBadNews2/Doctor Game/ITrustedWebActivityService.java" startline="240" endline="261" pcid="784"></source>
<source file="systems/BreakBottleNeckBadNews2/Crossword man/ITrustedWebActivityCallback.java" startline="135" endline="157" pcid="574"></source>
</clone>

<clone nlines="24" similarity="84">
<source file="systems/BreakBottleNeckBadNews2/Crossword man/ITrustedWebActivityCallback.java" startline="92" endline="114" pcid="570"></source>
<source file="systems/BreakBottleNeckBadNews2/Crossword man/ITrustedWebActivityService.java" startline="427" endline="448" pcid="552"></source>
</clone>

<clone nlines="24" similarity="84">
<source file="systems/BreakBottleNeckBadNews2/Crossword man/ITrustedWebActivityCallback.java" startline="92" endline="114" pcid="570"></source>
<source file="systems/BreakBottleNeckBadNews2/Crossword man/ITrustedWebActivityService.java" startline="240" endline="261" pcid="542"></source>
</clone>

<clone nlines="24" similarity="84">
<source file="systems/BreakBottleNeckBadNews2/Doctor Game/ITrustedWebActivityService.java" startline="427" endline="448" pcid="794"></source>
<source file="systems/BreakBottleNeckBadNews2/Crossword man/ITrustedWebActivityCallback.java" startline="92" endline="114" pcid="570"></source>
</clone>

<clone nlines="24" similarity="84">
<source file="systems/BreakBottleNeckBadNews2/Doctor Game/ITrustedWebActivityService.java" startline="240" endline="261" pcid="784"></source>
<source file="systems/BreakBottleNeckBadNews2/Crossword man/ITrustedWebActivityCallback.java" startline="92" endline="114" pcid="570"></source>
</clone>

<clone nlines="23" similarity="100">
<source file="systems/BreakBottleNeckBadNews2/Crossword man/ITrustedWebActivityService.java" startline="478" endline="499" pcid="554"></source>
<source file="systems/BreakBottleNeckBadNews2/Crossword man/ITrustedWebActivityService.java" startline="505" endline="526" pcid="556"></source>
</clone>

<clone nlines="23" similarity="100">
<source file="systems/BreakBottleNeckBadNews2/Doctor Game/ITrustedWebActivityService.java" startline="505" endline="526" pcid="798"></source>
<source file="systems/BreakBottleNeckBadNews2/Crossword man/ITrustedWebActivityService.java" startline="505" endline="526" pcid="556"></source>
</clone>

<clone nlines="23" similarity="100">
<source file="systems/BreakBottleNeckBadNews2/Crossword man/ITrustedWebActivityService.java" startline="318" endline="339" pcid="546"></source>
<source file="systems/BreakBottleNeckBadNews2/Crossword man/ITrustedWebActivityService.java" startline="505" endline="526" pcid="556"></source>
</clone>

<clone nlines="23" similarity="100">
<source file="systems/BreakBottleNeckBadNews2/Crossword man/ITrustedWebActivityService.java" startline="291" endline="312" pcid="544"></source>
<source file="systems/BreakBottleNeckBadNews2/Crossword man/ITrustedWebActivityService.java" startline="505" endline="526" pcid="556"></source>
</clone>

<clone nlines="23" similarity="100">
<source file="systems/BreakBottleNeckBadNews2/Doctor Game/ITrustedWebActivityService.java" startline="478" endline="499" pcid="796"></source>
<source file="systems/BreakBottleNeckBadNews2/Crossword man/ITrustedWebActivityService.java" startline="505" endline="526" pcid="556"></source>
</clone>

<clone nlines="23" similarity="100">
<source file="systems/BreakBottleNeckBadNews2/Doctor Game/ITrustedWebActivityService.java" startline="291" endline="312" pcid="786"></source>
<source file="systems/BreakBottleNeckBadNews2/Crossword man/ITrustedWebActivityService.java" startline="505" endline="526" pcid="556"></source>
</clone>

<clone nlines="23" similarity="100">
<source file="systems/BreakBottleNeckBadNews2/Doctor Game/ITrustedWebActivityService.java" startline="318" endline="339" pcid="788"></source>
<source file="systems/BreakBottleNeckBadNews2/Crossword man/ITrustedWebActivityService.java" startline="505" endline="526" pcid="556"></source>
</clone>

<clone nlines="23" similarity="100">
<source file="systems/BreakBottleNeckBadNews2/Doctor Game/ITrustedWebActivityService.java" startline="505" endline="526" pcid="798"></source>
<source file="systems/BreakBottleNeckBadNews2/Crossword man/ITrustedWebActivityService.java" startline="478" endline="499" pcid="554"></source>
</clone>

<clone nlines="23" similarity="100">
<source file="systems/BreakBottleNeckBadNews2/Crossword man/ITrustedWebActivityService.java" startline="318" endline="339" pcid="546"></source>
<source file="systems/BreakBottleNeckBadNews2/Crossword man/ITrustedWebActivityService.java" startline="478" endline="499" pcid="554"></source>
</clone>

<clone nlines="23" similarity="100">
<source file="systems/BreakBottleNeckBadNews2/Crossword man/ITrustedWebActivityService.java" startline="291" endline="312" pcid="544"></source>
<source file="systems/BreakBottleNeckBadNews2/Crossword man/ITrustedWebActivityService.java" startline="478" endline="499" pcid="554"></source>
</clone>

<clone nlines="23" similarity="100">
<source file="systems/BreakBottleNeckBadNews2/Doctor Game/ITrustedWebActivityService.java" startline="478" endline="499" pcid="796"></source>
<source file="systems/BreakBottleNeckBadNews2/Crossword man/ITrustedWebActivityService.java" startline="478" endline="499" pcid="554"></source>
</clone>

<clone nlines="23" similarity="100">
<source file="systems/BreakBottleNeckBadNews2/Doctor Game/ITrustedWebActivityService.java" startline="291" endline="312" pcid="786"></source>
<source file="systems/BreakBottleNeckBadNews2/Crossword man/ITrustedWebActivityService.java" startline="478" endline="499" pcid="554"></source>
</clone>

<clone nlines="23" similarity="100">
<source file="systems/BreakBottleNeckBadNews2/Doctor Game/ITrustedWebActivityService.java" startline="318" endline="339" pcid="788"></source>
<source file="systems/BreakBottleNeckBadNews2/Crossword man/ITrustedWebActivityService.java" startline="478" endline="499" pcid="554"></source>
</clone>

<clone nlines="23" similarity="100">
<source file="systems/BreakBottleNeckBadNews2/Crossword man/ITrustedWebActivityService.java" startline="240" endline="261" pcid="542"></source>
<source file="systems/BreakBottleNeckBadNews2/Crossword man/ITrustedWebActivityService.java" startline="427" endline="448" pcid="552"></source>
</clone>

<clone nlines="23" similarity="100">
<source file="systems/BreakBottleNeckBadNews2/Doctor Game/ITrustedWebActivityService.java" startline="427" endline="448" pcid="794"></source>
<source file="systems/BreakBottleNeckBadNews2/Crossword man/ITrustedWebActivityService.java" startline="427" endline="448" pcid="552"></source>
</clone>

<clone nlines="23" similarity="100">
<source file="systems/BreakBottleNeckBadNews2/Doctor Game/ITrustedWebActivityService.java" startline="240" endline="261" pcid="784"></source>
<source file="systems/BreakBottleNeckBadNews2/Crossword man/ITrustedWebActivityService.java" startline="427" endline="448" pcid="552"></source>
</clone>

<clone nlines="23" similarity="100">
<source file="systems/BreakBottleNeckBadNews2/Doctor Game/ITrustedWebActivityService.java" startline="505" endline="526" pcid="798"></source>
<source file="systems/BreakBottleNeckBadNews2/Crossword man/ITrustedWebActivityService.java" startline="318" endline="339" pcid="546"></source>
</clone>

<clone nlines="23" similarity="100">
<source file="systems/BreakBottleNeckBadNews2/Doctor Game/ITrustedWebActivityService.java" startline="505" endline="526" pcid="798"></source>
<source file="systems/BreakBottleNeckBadNews2/Crossword man/ITrustedWebActivityService.java" startline="291" endline="312" pcid="544"></source>
</clone>

<clone nlines="23" similarity="100">
<source file="systems/BreakBottleNeckBadNews2/Doctor Game/ITrustedWebActivityService.java" startline="478" endline="499" pcid="796"></source>
<source file="systems/BreakBottleNeckBadNews2/Doctor Game/ITrustedWebActivityService.java" startline="505" endline="526" pcid="798"></source>
</clone>

<clone nlines="23" similarity="100">
<source file="systems/BreakBottleNeckBadNews2/Doctor Game/ITrustedWebActivityService.java" startline="291" endline="312" pcid="786"></source>
<source file="systems/BreakBottleNeckBadNews2/Doctor Game/ITrustedWebActivityService.java" startline="505" endline="526" pcid="798"></source>
</clone>

<clone nlines="23" similarity="100">
<source file="systems/BreakBottleNeckBadNews2/Doctor Game/ITrustedWebActivityService.java" startline="318" endline="339" pcid="788"></source>
<source file="systems/BreakBottleNeckBadNews2/Doctor Game/ITrustedWebActivityService.java" startline="505" endline="526" pcid="798"></source>
</clone>

<clone nlines="23" similarity="100">
<source file="systems/BreakBottleNeckBadNews2/Crossword man/ITrustedWebActivityService.java" startline="291" endline="312" pcid="544"></source>
<source file="systems/BreakBottleNeckBadNews2/Crossword man/ITrustedWebActivityService.java" startline="318" endline="339" pcid="546"></source>
</clone>

<clone nlines="23" similarity="100">
<source file="systems/BreakBottleNeckBadNews2/Doctor Game/ITrustedWebActivityService.java" startline="478" endline="499" pcid="796"></source>
<source file="systems/BreakBottleNeckBadNews2/Crossword man/ITrustedWebActivityService.java" startline="318" endline="339" pcid="546"></source>
</clone>

<clone nlines="23" similarity="100">
<source file="systems/BreakBottleNeckBadNews2/Doctor Game/ITrustedWebActivityService.java" startline="291" endline="312" pcid="786"></source>
<source file="systems/BreakBottleNeckBadNews2/Crossword man/ITrustedWebActivityService.java" startline="318" endline="339" pcid="546"></source>
</clone>

<clone nlines="23" similarity="100">
<source file="systems/BreakBottleNeckBadNews2/Doctor Game/ITrustedWebActivityService.java" startline="318" endline="339" pcid="788"></source>
<source file="systems/BreakBottleNeckBadNews2/Crossword man/ITrustedWebActivityService.java" startline="318" endline="339" pcid="546"></source>
</clone>

<clone nlines="23" similarity="100">
<source file="systems/BreakBottleNeckBadNews2/Doctor Game/ITrustedWebActivityService.java" startline="478" endline="499" pcid="796"></source>
<source file="systems/BreakBottleNeckBadNews2/Crossword man/ITrustedWebActivityService.java" startline="291" endline="312" pcid="544"></source>
</clone>

<clone nlines="23" similarity="100">
<source file="systems/BreakBottleNeckBadNews2/Doctor Game/ITrustedWebActivityService.java" startline="291" endline="312" pcid="786"></source>
<source file="systems/BreakBottleNeckBadNews2/Crossword man/ITrustedWebActivityService.java" startline="291" endline="312" pcid="544"></source>
</clone>

<clone nlines="23" similarity="100">
<source file="systems/BreakBottleNeckBadNews2/Doctor Game/ITrustedWebActivityService.java" startline="318" endline="339" pcid="788"></source>
<source file="systems/BreakBottleNeckBadNews2/Crossword man/ITrustedWebActivityService.java" startline="291" endline="312" pcid="544"></source>
</clone>

<clone nlines="23" similarity="100">
<source file="systems/BreakBottleNeckBadNews2/Doctor Game/ITrustedWebActivityService.java" startline="291" endline="312" pcid="786"></source>
<source file="systems/BreakBottleNeckBadNews2/Doctor Game/ITrustedWebActivityService.java" startline="478" endline="499" pcid="796"></source>
</clone>

<clone nlines="23" similarity="100">
<source file="systems/BreakBottleNeckBadNews2/Doctor Game/ITrustedWebActivityService.java" startline="318" endline="339" pcid="788"></source>
<source file="systems/BreakBottleNeckBadNews2/Doctor Game/ITrustedWebActivityService.java" startline="478" endline="499" pcid="796"></source>
</clone>

<clone nlines="23" similarity="100">
<source file="systems/BreakBottleNeckBadNews2/Doctor Game/ITrustedWebActivityService.java" startline="427" endline="448" pcid="794"></source>
<source file="systems/BreakBottleNeckBadNews2/Crossword man/ITrustedWebActivityService.java" startline="240" endline="261" pcid="542"></source>
</clone>

<clone nlines="23" similarity="100">
<source file="systems/BreakBottleNeckBadNews2/Doctor Game/ITrustedWebActivityService.java" startline="240" endline="261" pcid="784"></source>
<source file="systems/BreakBottleNeckBadNews2/Crossword man/ITrustedWebActivityService.java" startline="240" endline="261" pcid="542"></source>
</clone>

<clone nlines="23" similarity="100">
<source file="systems/BreakBottleNeckBadNews2/sfadika/FragmentStatePagerAdapter.java" startline="78" endline="103" pcid="693"></source>
<source file="systems/BreakBottleNeckBadNews2/android/support/v4/app/FragmentStatePagerAdapter.java" startline="78" endline="103" pcid="239"></source>
</clone>

<clone nlines="23" similarity="100">
<source file="systems/BreakBottleNeckBadNews2/Doctor Game/ITrustedWebActivityService.java" startline="240" endline="261" pcid="784"></source>
<source file="systems/BreakBottleNeckBadNews2/Doctor Game/ITrustedWebActivityService.java" startline="427" endline="448" pcid="794"></source>
</clone>

<clone nlines="23" similarity="100">
<source file="systems/BreakBottleNeckBadNews2/Doctor Game/ITrustedWebActivityService.java" startline="291" endline="312" pcid="786"></source>
<source file="systems/BreakBottleNeckBadNews2/Doctor Game/ITrustedWebActivityService.java" startline="318" endline="339" pcid="788"></source>
</clone>

<clone nlines="21" similarity="100">
<source file="systems/BreakBottleNeckBadNews2/sfadika/FragmentPagerAdapter.java" startline="47" endline="67" pcid="599"></source>
<source file="systems/BreakBottleNeckBadNews2/android/support/v4/app/FragmentPagerAdapter.java" startline="47" endline="67" pcid="83"></source>
</clone>

<clone nlines="23" similarity="100">
<source file="systems/BreakBottleNeckBadNews2/android/support/v4/app/BackStackRecord.java" startline="137" endline="163" pcid="279"></source>
<source file="systems/BreakBottleNeckBadNews2/sfadika/BackStackRecord.java" startline="137" endline="163" pcid="732"></source>
</clone>

<clone nlines="20" similarity="87">
<source file="systems/BreakBottleNeckBadNews2/android/support/v4/app/LoaderManagerImpl.java" startline="101" endline="121" pcid="17"></source>
<source file="systems/BreakBottleNeckBadNews2/android/support/v4/app/LoaderManagerImpl.java" startline="123" endline="142" pcid="18"></source>
</clone>

<clone nlines="18" similarity="100">
<source file="systems/BreakBottleNeckBadNews2/sfadika/FragmentStatePagerAdapter.java" startline="51" endline="72" pcid="691"></source>
<source file="systems/BreakBottleNeckBadNews2/android/support/v4/app/FragmentStatePagerAdapter.java" startline="51" endline="72" pcid="237"></source>
</clone>

<clone nlines="18" similarity="100">
<source file="systems/BreakBottleNeckBadNews2/Crossword man/ITrustedWebActivityCallback.java" startline="56" endline="73" pcid="566"></source>
<source file="systems/BreakBottleNeckBadNews2/Doctor Game/ITrustedWebActivityCallback.java" startline="56" endline="73" pcid="808"></source>
</clone>

<clone nlines="16" similarity="100">
<source file="systems/BreakBottleNeckBadNews2/android/support/v4/app/BackStackRecord.java" startline="71" endline="88" pcid="272"></source>
<source file="systems/BreakBottleNeckBadNews2/sfadika/BackStackRecord.java" startline="71" endline="88" pcid="725"></source>
</clone>

<clone nlines="16" similarity="100">
<source file="systems/BreakBottleNeckBadNews2/android/support/v4/app/BackStackRecord.java" startline="105" endline="119" pcid="276"></source>
<source file="systems/BreakBottleNeckBadNews2/sfadika/BackStackRecord.java" startline="105" endline="119" pcid="729"></source>
</clone>

<clone nlines="16" similarity="100">
<source file="systems/BreakBottleNeckBadNews2/android/support/v4/app/BackStackRecord.java" startline="173" endline="189" pcid="282"></source>
<source file="systems/BreakBottleNeckBadNews2/sfadika/BackStackRecord.java" startline="173" endline="189" pcid="735"></source>
</clone>

<clone nlines="15" similarity="100">
<source file="systems/BreakBottleNeckBadNews2/android/support/v4/app/ShareCompat.java" startline="365" endline="380" pcid="172"></source>
<source file="systems/BreakBottleNeckBadNews2/sfadika/ShareCompat.java" startline="365" endline="380" pcid="671"></source>
</clone>

<clone nlines="15" similarity="100">
<source file="systems/BreakBottleNeckBadNews2/android/support/v4/app/BackStackRecord.java" startline="803" endline="817" pcid="312"></source>
<source file="systems/BreakBottleNeckBadNews2/sfadika/BackStackRecord.java" startline="803" endline="817" pcid="765"></source>
</clone>

<clone nlines="13" similarity="75">
<source file="systems/BreakBottleNeckBadNews2/android/support/v4/app/LoaderManagerImpl.java" startline="650" endline="660" pcid="39"></source>
<source file="systems/BreakBottleNeckBadNews2/sfadika/BackStackRecord.java" startline="803" endline="817" pcid="765"></source>
</clone>

<clone nlines="15" similarity="100">
<source file="systems/BreakBottleNeckBadNews2/android/support/v4/app/ShareCompat.java" startline="101" endline="115" pcid="139"></source>
<source file="systems/BreakBottleNeckBadNews2/sfadika/ShareCompat.java" startline="101" endline="115" pcid="638"></source>
</clone>

<clone nlines="13" similarity="75">
<source file="systems/BreakBottleNeckBadNews2/android/support/v4/app/LoaderManagerImpl.java" startline="650" endline="660" pcid="39"></source>
<source file="systems/BreakBottleNeckBadNews2/android/support/v4/app/BackStackRecord.java" startline="803" endline="817" pcid="312"></source>
</clone>

<clone nlines="14" similarity="100">
<source file="systems/BreakBottleNeckBadNews2/android/support/v4/app/ShareCompat.java" startline="86" endline="99" pcid="138"></source>
<source file="systems/BreakBottleNeckBadNews2/sfadika/ShareCompat.java" startline="86" endline="99" pcid="637"></source>
</clone>

<clone nlines="13" similarity="100">
<source file="systems/BreakBottleNeckBadNews2/Doctor Game/ITrustedWebActivityService.java" startline="528" endline="541" pcid="799"></source>
<source file="systems/BreakBottleNeckBadNews2/Crossword man/ITrustedWebActivityService.java" startline="528" endline="541" pcid="557"></source>
</clone>

<clone nlines="13" similarity="100">
<source file="systems/BreakBottleNeckBadNews2/Crossword man/ITrustedWebActivityService.java" startline="341" endline="354" pcid="547"></source>
<source file="systems/BreakBottleNeckBadNews2/Crossword man/ITrustedWebActivityService.java" startline="528" endline="541" pcid="557"></source>
</clone>

<clone nlines="13" similarity="100">
<source file="systems/BreakBottleNeckBadNews2/Doctor Game/ITrustedWebActivityService.java" startline="341" endline="354" pcid="789"></source>
<source file="systems/BreakBottleNeckBadNews2/Crossword man/ITrustedWebActivityService.java" startline="528" endline="541" pcid="557"></source>
</clone>

<clone nlines="13" similarity="100">
<source file="systems/BreakBottleNeckBadNews2/Doctor Game/ITrustedWebActivityService.java" startline="528" endline="541" pcid="799"></source>
<source file="systems/BreakBottleNeckBadNews2/Crossword man/ITrustedWebActivityService.java" startline="341" endline="354" pcid="547"></source>
</clone>

<clone nlines="13" similarity="100">
<source file="systems/BreakBottleNeckBadNews2/Doctor Game/ITrustedWebActivityService.java" startline="341" endline="354" pcid="789"></source>
<source file="systems/BreakBottleNeckBadNews2/Doctor Game/ITrustedWebActivityService.java" startline="528" endline="541" pcid="799"></source>
</clone>

<clone nlines="13" similarity="100">
<source file="systems/BreakBottleNeckBadNews2/Doctor Game/ITrustedWebActivityService.java" startline="341" endline="354" pcid="789"></source>
<source file="systems/BreakBottleNeckBadNews2/Crossword man/ITrustedWebActivityService.java" startline="341" endline="354" pcid="547"></source>
</clone>

<clone nlines="13" similarity="90">
<source file="systems/BreakBottleNeckBadNews2/sfadika/ShareCompat.java" startline="321" endline="333" pcid="665"></source>
<source file="systems/BreakBottleNeckBadNews2/sfadika/ShareCompat.java" startline="335" endline="347" pcid="666"></source>
</clone>

<clone nlines="13" similarity="90">
<source file="systems/BreakBottleNeckBadNews2/sfadika/ShareCompat.java" startline="307" endline="319" pcid="664"></source>
<source file="systems/BreakBottleNeckBadNews2/sfadika/ShareCompat.java" startline="335" endline="347" pcid="666"></source>
</clone>

<clone nlines="13" similarity="90">
<source file="systems/BreakBottleNeckBadNews2/android/support/v4/app/ShareCompat.java" startline="307" endline="319" pcid="165"></source>
<source file="systems/BreakBottleNeckBadNews2/sfadika/ShareCompat.java" startline="335" endline="347" pcid="666"></source>
</clone>

<clone nlines="13" similarity="90">
<source file="systems/BreakBottleNeckBadNews2/android/support/v4/app/ShareCompat.java" startline="321" endline="333" pcid="166"></source>
<source file="systems/BreakBottleNeckBadNews2/sfadika/ShareCompat.java" startline="335" endline="347" pcid="666"></source>
</clone>

<clone nlines="13" similarity="100">
<source file="systems/BreakBottleNeckBadNews2/android/support/v4/app/ShareCompat.java" startline="335" endline="347" pcid="167"></source>
<source file="systems/BreakBottleNeckBadNews2/sfadika/ShareCompat.java" startline="335" endline="347" pcid="666"></source>
</clone>

<clone nlines="14" similarity="100">
<source file="systems/BreakBottleNeckBadNews2/sfadika/FragmentStatePagerAdapter.java" startline="130" endline="143" pcid="695"></source>
<source file="systems/BreakBottleNeckBadNews2/sfadika/FragmentPagerAdapter.java" startline="79" endline="92" pcid="603"></source>
</clone>

<clone nlines="14" similarity="100">
<source file="systems/BreakBottleNeckBadNews2/sfadika/FragmentStatePagerAdapter.java" startline="130" endline="143" pcid="695"></source>
<source file="systems/BreakBottleNeckBadNews2/android/support/v4/app/FragmentPagerAdapter.java" startline="79" endline="92" pcid="87"></source>
</clone>

<clone nlines="14" similarity="100">
<source file="systems/BreakBottleNeckBadNews2/sfadika/FragmentStatePagerAdapter.java" startline="130" endline="143" pcid="695"></source>
<source file="systems/BreakBottleNeckBadNews2/android/support/v4/app/FragmentStatePagerAdapter.java" startline="130" endline="143" pcid="241"></source>
</clone>

<clone nlines="14" similarity="100">
<source file="systems/BreakBottleNeckBadNews2/sfadika/FragmentPagerAdapter.java" startline="79" endline="92" pcid="603"></source>
<source file="systems/BreakBottleNeckBadNews2/android/support/v4/app/FragmentPagerAdapter.java" startline="79" endline="92" pcid="87"></source>
</clone>

<clone nlines="14" similarity="100">
<source file="systems/BreakBottleNeckBadNews2/android/support/v4/app/FragmentStatePagerAdapter.java" startline="130" endline="143" pcid="241"></source>
<source file="systems/BreakBottleNeckBadNews2/sfadika/FragmentPagerAdapter.java" startline="79" endline="92" pcid="603"></source>
</clone>

<clone nlines="14" similarity="100">
<source file="systems/BreakBottleNeckBadNews2/android/support/v4/app/FragmentStatePagerAdapter.java" startline="130" endline="143" pcid="241"></source>
<source file="systems/BreakBottleNeckBadNews2/android/support/v4/app/FragmentPagerAdapter.java" startline="79" endline="92" pcid="87"></source>
</clone>

<clone nlines="13" similarity="100">
<source file="systems/BreakBottleNeckBadNews2/sfadika/ShareCompat.java" startline="307" endline="319" pcid="664"></source>
<source file="systems/BreakBottleNeckBadNews2/sfadika/ShareCompat.java" startline="321" endline="333" pcid="665"></source>
</clone>

<clone nlines="13" similarity="100">
<source file="systems/BreakBottleNeckBadNews2/android/support/v4/app/ShareCompat.java" startline="307" endline="319" pcid="165"></source>
<source file="systems/BreakBottleNeckBadNews2/sfadika/ShareCompat.java" startline="321" endline="333" pcid="665"></source>
</clone>

<clone nlines="13" similarity="100">
<source file="systems/BreakBottleNeckBadNews2/android/support/v4/app/ShareCompat.java" startline="321" endline="333" pcid="166"></source>
<source file="systems/BreakBottleNeckBadNews2/sfadika/ShareCompat.java" startline="321" endline="333" pcid="665"></source>
</clone>

<clone nlines="13" similarity="90">
<source file="systems/BreakBottleNeckBadNews2/android/support/v4/app/ShareCompat.java" startline="335" endline="347" pcid="167"></source>
<source file="systems/BreakBottleNeckBadNews2/sfadika/ShareCompat.java" startline="321" endline="333" pcid="665"></source>
</clone>

<clone nlines="13" similarity="100">
<source file="systems/BreakBottleNeckBadNews2/android/support/v4/app/ShareCompat.java" startline="307" endline="319" pcid="165"></source>
<source file="systems/BreakBottleNeckBadNews2/sfadika/ShareCompat.java" startline="307" endline="319" pcid="664"></source>
</clone>

<clone nlines="13" similarity="100">
<source file="systems/BreakBottleNeckBadNews2/android/support/v4/app/ShareCompat.java" startline="321" endline="333" pcid="166"></source>
<source file="systems/BreakBottleNeckBadNews2/sfadika/ShareCompat.java" startline="307" endline="319" pcid="664"></source>
</clone>

<clone nlines="13" similarity="90">
<source file="systems/BreakBottleNeckBadNews2/android/support/v4/app/ShareCompat.java" startline="335" endline="347" pcid="167"></source>
<source file="systems/BreakBottleNeckBadNews2/sfadika/ShareCompat.java" startline="307" endline="319" pcid="664"></source>
</clone>

<clone nlines="13" similarity="100">
<source file="systems/BreakBottleNeckBadNews2/android/support/v4/app/ShareCompat.java" startline="307" endline="319" pcid="165"></source>
<source file="systems/BreakBottleNeckBadNews2/android/support/v4/app/ShareCompat.java" startline="321" endline="333" pcid="166"></source>
</clone>

<clone nlines="13" similarity="90">
<source file="systems/BreakBottleNeckBadNews2/android/support/v4/app/ShareCompat.java" startline="307" endline="319" pcid="165"></source>
<source file="systems/BreakBottleNeckBadNews2/android/support/v4/app/ShareCompat.java" startline="335" endline="347" pcid="167"></source>
</clone>

<clone nlines="13" similarity="90">
<source file="systems/BreakBottleNeckBadNews2/android/support/v4/app/ShareCompat.java" startline="321" endline="333" pcid="166"></source>
<source file="systems/BreakBottleNeckBadNews2/android/support/v4/app/ShareCompat.java" startline="335" endline="347" pcid="167"></source>
</clone>

<clone nlines="11" similarity="100">
<source file="systems/BreakBottleNeckBadNews2/android/support/v4/app/ShareCompat.java" startline="157" endline="169" pcid="147"></source>
<source file="systems/BreakBottleNeckBadNews2/sfadika/ShareCompat.java" startline="157" endline="169" pcid="646"></source>
</clone>

<clone nlines="13" similarity="77">
<source file="systems/BreakBottleNeckBadNews2/sfadika/PagerTabStrip.java" startline="164" endline="175" pcid="585"></source>
<source file="systems/BreakBottleNeckBadNews2/sfadika/PagerTabStrip.java" startline="177" endline="188" pcid="586"></source>
</clone>

<clone nlines="13" similarity="88">
<source file="systems/BreakBottleNeckBadNews2/sfadika/PagerTabStrip.java" startline="151" endline="162" pcid="584"></source>
<source file="systems/BreakBottleNeckBadNews2/sfadika/PagerTabStrip.java" startline="177" endline="188" pcid="586"></source>
</clone>

<clone nlines="13" similarity="77">
<source file="systems/BreakBottleNeckBadNews2/sfadika/PagerTabStrip.java" startline="151" endline="162" pcid="584"></source>
<source file="systems/BreakBottleNeckBadNews2/sfadika/PagerTabStrip.java" startline="164" endline="175" pcid="585"></source>
</clone>

<clone nlines="10" similarity="100">
<source file="systems/BreakBottleNeckBadNews2/Doctor Game/ITrustedWebActivityService.java" startline="89" endline="98" pcid="778"></source>
<source file="systems/BreakBottleNeckBadNews2/Doctor Game/ITrustedWebActivityCallback.java" startline="41" endline="50" pcid="806"></source>
</clone>

<clone nlines="10" similarity="100">
<source file="systems/BreakBottleNeckBadNews2/Crossword man/ITrustedWebActivityCallback.java" startline="41" endline="50" pcid="564"></source>
<source file="systems/BreakBottleNeckBadNews2/Doctor Game/ITrustedWebActivityCallback.java" startline="41" endline="50" pcid="806"></source>
</clone>

<clone nlines="10" similarity="100">
<source file="systems/BreakBottleNeckBadNews2/Doctor Game/ITrustedWebActivityCallback.java" startline="41" endline="50" pcid="806"></source>
<source file="systems/BreakBottleNeckBadNews2/Crossword man/ITrustedWebActivityService.java" startline="89" endline="98" pcid="536"></source>
</clone>

<clone nlines="10" similarity="100">
<source file="systems/BreakBottleNeckBadNews2/Doctor Game/ITrustedWebActivityService.java" startline="89" endline="98" pcid="778"></source>
<source file="systems/BreakBottleNeckBadNews2/Crossword man/ITrustedWebActivityCallback.java" startline="41" endline="50" pcid="564"></source>
</clone>

<clone nlines="10" similarity="100">
<source file="systems/BreakBottleNeckBadNews2/Doctor Game/ITrustedWebActivityService.java" startline="89" endline="98" pcid="778"></source>
<source file="systems/BreakBottleNeckBadNews2/Crossword man/ITrustedWebActivityService.java" startline="89" endline="98" pcid="536"></source>
</clone>

<clone nlines="10" similarity="85">
<source file="systems/BreakBottleNeckBadNews2/sfadika/CursorAdapter.java" startline="48" endline="56" pcid="699"></source>
<source file="systems/BreakBottleNeckBadNews2/sfadika/CursorAdapter.java" startline="172" endline="180" pcid="712"></source>
</clone>

<clone nlines="10" similarity="100">
<source file="systems/BreakBottleNeckBadNews2/Crossword man/ITrustedWebActivityCallback.java" startline="41" endline="50" pcid="564"></source>
<source file="systems/BreakBottleNeckBadNews2/Crossword man/ITrustedWebActivityService.java" startline="89" endline="98" pcid="536"></source>
</clone>

</clones>
