<clones>
<systeminfo processor="nicad6" system="BreakBottleNeckMasnu" granularity="functions-blind" threshold="30%" minlines="10" maxlines="2500"/>
<cloneinfo npcs="167" npairs="1661"/>
<runinfo ncompares="3756" cputime="153562"/>
<classinfo nclasses="8"/>

<class classid="1" nclones="34" nlines="18" similarity="70">
<source file="systems/BreakBottleNeckMasnu/com/android/internal/telephony/ISms.java" startline="152" endline="171" pcid="7">
      public boolean copyMessageToIccEf(int param2Int, byte[] param2ArrayOfbyte1, byte[] param2ArrayOfbyte2) throws RemoteException {
        boolean bool = false;
        Parcel parcel1 = Parcel.obtain();
        Parcel parcel2 = Parcel.obtain();
        try {
          parcel1.writeInterfaceToken("com.android.internal.telephony.ISms");
          parcel1.writeInt(param2Int);
          parcel1.writeByteArray(param2ArrayOfbyte1);
          parcel1.writeByteArray(param2ArrayOfbyte2);
          this.mRemote.transact(3, parcel1, parcel2, 0);
          parcel2.readException();
          param2Int = parcel2.readInt();
          if (param2Int != 0)
            bool = true; 
          return bool;
        } finally {
          parcel2.recycle();
          parcel1.recycle();
        } 
      }
</source>
<source file="systems/BreakBottleNeckMasnu/com/android/internal/telephony/ISms.java" startline="303" endline="322" pcid="16">
    public boolean copyMessageToIccEf(int param1Int, byte[] param1ArrayOfbyte1, byte[] param1ArrayOfbyte2) throws RemoteException {
      boolean bool = false;
      Parcel parcel1 = Parcel.obtain();
      Parcel parcel2 = Parcel.obtain();
      try {
        parcel1.writeInterfaceToken("com.android.internal.telephony.ISms");
        parcel1.writeInt(param1Int);
        parcel1.writeByteArray(param1ArrayOfbyte1);
        parcel1.writeByteArray(param1ArrayOfbyte2);
        this.mRemote.transact(3, parcel1, parcel2, 0);
        parcel2.readException();
        param1Int = parcel2.readInt();
        if (param1Int != 0)
          bool = true; 
        return bool;
      } finally {
        parcel2.recycle();
        parcel1.recycle();
      } 
    }
</source>
<source file="systems/BreakBottleNeckMasnu/com/android/internal/telephony/ISms.java" startline="372" endline="389" pcid="20">
    public void sendMultipartText(String param1String1, String param1String2, List<String> param1List, List<PendingIntent> param1List1, List<PendingIntent> param1List2) throws RemoteException {
      Parcel parcel1 = Parcel.obtain();
      Parcel parcel2 = Parcel.obtain();
      try {
        parcel1.writeInterfaceToken("com.android.internal.telephony.ISms");
        parcel1.writeString(param1String1);
        parcel1.writeString(param1String2);
        parcel1.writeStringList(param1List);
        parcel1.writeTypedList(param1List1);
        parcel1.writeTypedList(param1List2);
        this.mRemote.transact(6, parcel1, parcel2, 0);
        parcel2.readException();
        return;
      } finally {
        parcel2.recycle();
        parcel1.recycle();
      } 
    }
</source>
<source file="systems/BreakBottleNeckMasnu/com/android/internal/telephony/ISms.java" startline="221" endline="238" pcid="11">
      public void sendMultipartText(String param2String1, String param2String2, List<String> param2List, List<PendingIntent> param2List1, List<PendingIntent> param2List2) throws RemoteException {
        Parcel parcel1 = Parcel.obtain();
        Parcel parcel2 = Parcel.obtain();
        try {
          parcel1.writeInterfaceToken("com.android.internal.telephony.ISms");
          parcel1.writeString(param2String1);
          parcel1.writeString(param2String2);
          parcel1.writeStringList(param2List);
          parcel1.writeTypedList(param2List1);
          parcel1.writeTypedList(param2List2);
          this.mRemote.transact(6, parcel1, parcel2, 0);
          parcel2.readException();
          return;
        } finally {
          parcel2.recycle();
          parcel1.recycle();
        } 
      }
</source>
<source file="systems/BreakBottleNeckMasnu/com/android/internal/telephony/ITelephony.java" startline="1086" endline="1103" pcid="66">
      public boolean supplyPin(String param2String) throws RemoteException {
        boolean bool = false;
        Parcel parcel1 = Parcel.obtain();
        Parcel parcel2 = Parcel.obtain();
        try {
          parcel1.writeInterfaceToken("com.android.internal.telephony.ITelephony");
          parcel1.writeString(param2String);
          this.mRemote.transact(14, parcel1, parcel2, 0);
          parcel2.readException();
          int i = parcel2.readInt();
          if (i != 0)
            bool = true; 
          return bool;
        } finally {
          parcel2.recycle();
          parcel1.recycle();
        } 
      }
</source>
<source file="systems/BreakBottleNeckMasnu/com/android/internal/telephony/ITelephony.java" startline="1494" endline="1511" pcid="95">
    public boolean handlePinMmi(String param1String) throws RemoteException {
      boolean bool = false;
      Parcel parcel1 = Parcel.obtain();
      Parcel parcel2 = Parcel.obtain();
      try {
        parcel1.writeInterfaceToken("com.android.internal.telephony.ITelephony");
        parcel1.writeString(param1String);
        this.mRemote.transact(15, parcel1, parcel2, 0);
        parcel2.readException();
        int i = parcel2.readInt();
        if (i != 0)
          bool = true; 
        return bool;
      } finally {
        parcel2.recycle();
        parcel1.recycle();
      } 
    }
</source>
<source file="systems/BreakBottleNeckMasnu/com/android/internal/telephony/ITelephony.java" startline="855" endline="872" pcid="54">
      public boolean handlePinMmi(String param2String) throws RemoteException {
        boolean bool = false;
        Parcel parcel1 = Parcel.obtain();
        Parcel parcel2 = Parcel.obtain();
        try {
          parcel1.writeInterfaceToken("com.android.internal.telephony.ITelephony");
          parcel1.writeString(param2String);
          this.mRemote.transact(15, parcel1, parcel2, 0);
          parcel2.readException();
          int i = parcel2.readInt();
          if (i != 0)
            bool = true; 
          return bool;
        } finally {
          parcel2.recycle();
          parcel1.recycle();
        } 
      }
</source>
<source file="systems/BreakBottleNeckMasnu/com/android/internal/telephony/ISms.java" startline="269" endline="288" pcid="13">
      public boolean updateMessageOnIccEf(int param2Int1, int param2Int2, byte[] param2ArrayOfbyte) throws RemoteException {
        boolean bool = false;
        Parcel parcel1 = Parcel.obtain();
        Parcel parcel2 = Parcel.obtain();
        try {
          parcel1.writeInterfaceToken("com.android.internal.telephony.ISms");
          parcel1.writeInt(param2Int1);
          parcel1.writeInt(param2Int2);
          parcel1.writeByteArray(param2ArrayOfbyte);
          this.mRemote.transact(2, parcel1, parcel2, 0);
          parcel2.readException();
          param2Int1 = parcel2.readInt();
          if (param2Int1 != 0)
            bool = true; 
          return bool;
        } finally {
          parcel2.recycle();
          parcel1.recycle();
        } 
      }
</source>
<source file="systems/BreakBottleNeckMasnu/com/android/internal/telephony/ITelephony.java" startline="1725" endline="1742" pcid="107">
    public boolean supplyPin(String param1String) throws RemoteException {
      boolean bool = false;
      Parcel parcel1 = Parcel.obtain();
      Parcel parcel2 = Parcel.obtain();
      try {
        parcel1.writeInterfaceToken("com.android.internal.telephony.ITelephony");
        parcel1.writeString(param1String);
        this.mRemote.transact(14, parcel1, parcel2, 0);
        parcel2.readException();
        int i = parcel2.readInt();
        if (i != 0)
          bool = true; 
        return bool;
      } finally {
        parcel2.recycle();
        parcel1.recycle();
      } 
    }
</source>
<source file="systems/BreakBottleNeckMasnu/com/android/internal/telephony/ISms.java" startline="420" endline="439" pcid="22">
    public boolean updateMessageOnIccEf(int param1Int1, int param1Int2, byte[] param1ArrayOfbyte) throws RemoteException {
      boolean bool = false;
      Parcel parcel1 = Parcel.obtain();
      Parcel parcel2 = Parcel.obtain();
      try {
        parcel1.writeInterfaceToken("com.android.internal.telephony.ISms");
        parcel1.writeInt(param1Int1);
        parcel1.writeInt(param1Int2);
        parcel1.writeByteArray(param1ArrayOfbyte);
        this.mRemote.transact(2, parcel1, parcel2, 0);
        parcel2.readException();
        param1Int1 = parcel2.readInt();
        if (param1Int1 != 0)
          bool = true; 
        return bool;
      } finally {
        parcel2.recycle();
        parcel1.recycle();
      } 
    }
</source>
<source file="systems/BreakBottleNeckMasnu/com/android/internal/telephony/ITelephony.java" startline="580" endline="596" pcid="35">
      public boolean disableDataConnectivity() throws RemoteException {
        boolean bool = false;
        Parcel parcel1 = Parcel.obtain();
        Parcel parcel2 = Parcel.obtain();
        try {
          parcel1.writeInterfaceToken("com.android.internal.telephony.ITelephony");
          this.mRemote.transact(24, parcel1, parcel2, 0);
          parcel2.readException();
          int i = parcel2.readInt();
          if (i != 0)
            bool = true; 
          return bool;
        } finally {
          parcel2.recycle();
          parcel1.recycle();
        } 
      }
</source>
<source file="systems/BreakBottleNeckMasnu/com/android/internal/telephony/ITelephony.java" startline="1219" endline="1235" pcid="76">
    public boolean disableDataConnectivity() throws RemoteException {
      boolean bool = false;
      Parcel parcel1 = Parcel.obtain();
      Parcel parcel2 = Parcel.obtain();
      try {
        parcel1.writeInterfaceToken("com.android.internal.telephony.ITelephony");
        this.mRemote.transact(24, parcel1, parcel2, 0);
        parcel2.readException();
        int i = parcel2.readInt();
        if (i != 0)
          bool = true; 
        return bool;
      } finally {
        parcel2.recycle();
        parcel1.recycle();
      } 
    }
</source>
<source file="systems/BreakBottleNeckMasnu/com/android/internal/telephony/ITelephony.java" startline="627" endline="643" pcid="38">
      public boolean enableDataConnectivity() throws RemoteException {
        boolean bool = false;
        Parcel parcel1 = Parcel.obtain();
        Parcel parcel2 = Parcel.obtain();
        try {
          parcel1.writeInterfaceToken("com.android.internal.telephony.ITelephony");
          this.mRemote.transact(23, parcel1, parcel2, 0);
          parcel2.readException();
          int i = parcel2.readInt();
          if (i != 0)
            bool = true; 
          return bool;
        } finally {
          parcel2.recycle();
          parcel1.recycle();
        } 
      }
</source>
<source file="systems/BreakBottleNeckMasnu/com/android/internal/telephony/ITelephony.java" startline="659" endline="675" pcid="40">
      public boolean endCall() throws RemoteException {
        boolean bool = false;
        Parcel parcel1 = Parcel.obtain();
        Parcel parcel2 = Parcel.obtain();
        try {
          parcel1.writeInterfaceToken("com.android.internal.telephony.ITelephony");
          this.mRemote.transact(5, parcel1, parcel2, 0);
          parcel2.readException();
          int i = parcel2.readInt();
          if (i != 0)
            bool = true; 
          return bool;
        } finally {
          parcel2.recycle();
          parcel1.recycle();
        } 
      }
</source>
<source file="systems/BreakBottleNeckMasnu/com/android/internal/telephony/ITelephony.java" startline="1666" endline="1682" pcid="104">
    public boolean showCallScreen() throws RemoteException {
      boolean bool = false;
      Parcel parcel1 = Parcel.obtain();
      Parcel parcel2 = Parcel.obtain();
      try {
        parcel1.writeInterfaceToken("com.android.internal.telephony.ITelephony");
        this.mRemote.transact(3, parcel1, parcel2, 0);
        parcel2.readException();
        int i = parcel2.readInt();
        if (i != 0)
          bool = true; 
        return bool;
      } finally {
        parcel2.recycle();
        parcel1.recycle();
      } 
    }
</source>
<source file="systems/BreakBottleNeckMasnu/com/android/internal/telephony/ITelephony.java" startline="1621" endline="1637" pcid="102">
    public boolean isSimPinEnabled() throws RemoteException {
      boolean bool = false;
      Parcel parcel1 = Parcel.obtain();
      Parcel parcel2 = Parcel.obtain();
      try {
        parcel1.writeInterfaceToken("com.android.internal.telephony.ITelephony");
        this.mRemote.transact(12, parcel1, parcel2, 0);
        parcel2.readException();
        int i = parcel2.readInt();
        if (i != 0)
          bool = true; 
        return bool;
      } finally {
        parcel2.recycle();
        parcel1.recycle();
      } 
    }
</source>
<source file="systems/BreakBottleNeckMasnu/com/android/internal/telephony/ITelephony.java" startline="1603" endline="1619" pcid="101">
    public boolean isRinging() throws RemoteException {
      boolean bool = false;
      Parcel parcel1 = Parcel.obtain();
      Parcel parcel2 = Parcel.obtain();
      try {
        parcel1.writeInterfaceToken("com.android.internal.telephony.ITelephony");
        this.mRemote.transact(9, parcel1, parcel2, 0);
        parcel2.readException();
        int i = parcel2.readInt();
        if (i != 0)
          bool = true; 
        return bool;
      } finally {
        parcel2.recycle();
        parcel1.recycle();
      } 
    }
</source>
<source file="systems/BreakBottleNeckMasnu/com/android/internal/telephony/ITelephony.java" startline="1585" endline="1601" pcid="100">
    public boolean isRadioOn() throws RemoteException {
      boolean bool = false;
      Parcel parcel1 = Parcel.obtain();
      Parcel parcel2 = Parcel.obtain();
      try {
        parcel1.writeInterfaceToken("com.android.internal.telephony.ITelephony");
        this.mRemote.transact(11, parcel1, parcel2, 0);
        parcel2.readException();
        int i = parcel2.readInt();
        if (i != 0)
          bool = true; 
        return bool;
      } finally {
        parcel2.recycle();
        parcel1.recycle();
      } 
    }
</source>
<source file="systems/BreakBottleNeckMasnu/com/android/internal/telephony/ITelephony.java" startline="1567" endline="1583" pcid="99">
    public boolean isOffhook() throws RemoteException {
      boolean bool = false;
      Parcel parcel1 = Parcel.obtain();
      Parcel parcel2 = Parcel.obtain();
      try {
        parcel1.writeInterfaceToken("com.android.internal.telephony.ITelephony");
        this.mRemote.transact(8, parcel1, parcel2, 0);
        parcel2.readException();
        int i = parcel2.readInt();
        if (i != 0)
          bool = true; 
        return bool;
      } finally {
        parcel2.recycle();
        parcel1.recycle();
      } 
    }
</source>
<source file="systems/BreakBottleNeckMasnu/com/android/internal/telephony/ITelephony.java" startline="747" endline="763" pcid="46">
      public boolean getCdmaNeedsProvisioning() throws RemoteException {
        boolean bool = false;
        Parcel parcel1 = Parcel.obtain();
        Parcel parcel2 = Parcel.obtain();
        try {
          parcel1.writeInterfaceToken("com.android.internal.telephony.ITelephony");
          this.mRemote.transact(35, parcel1, parcel2, 0);
          parcel2.readException();
          int i = parcel2.readInt();
          if (i != 0)
            bool = true; 
          return bool;
        } finally {
          parcel2.recycle();
          parcel1.recycle();
        } 
      }
</source>
<source file="systems/BreakBottleNeckMasnu/com/android/internal/telephony/ITelephony.java" startline="1027" endline="1043" pcid="63">
      public boolean showCallScreen() throws RemoteException {
        boolean bool = false;
        Parcel parcel1 = Parcel.obtain();
        Parcel parcel2 = Parcel.obtain();
        try {
          parcel1.writeInterfaceToken("com.android.internal.telephony.ITelephony");
          this.mRemote.transact(3, parcel1, parcel2, 0);
          parcel2.readException();
          int i = parcel2.readInt();
          if (i != 0)
            bool = true; 
          return bool;
        } finally {
          parcel2.recycle();
          parcel1.recycle();
        } 
      }
</source>
<source file="systems/BreakBottleNeckMasnu/com/android/internal/telephony/ITelephony.java" startline="1549" endline="1565" pcid="98">
    public boolean isIdle() throws RemoteException {
      boolean bool = false;
      Parcel parcel1 = Parcel.obtain();
      Parcel parcel2 = Parcel.obtain();
      try {
        parcel1.writeInterfaceToken("com.android.internal.telephony.ITelephony");
        this.mRemote.transact(10, parcel1, parcel2, 0);
        parcel2.readException();
        int i = parcel2.readInt();
        if (i != 0)
          bool = true; 
        return bool;
      } finally {
        parcel2.recycle();
        parcel1.recycle();
      } 
    }
</source>
<source file="systems/BreakBottleNeckMasnu/com/android/internal/telephony/ITelephony.java" startline="1531" endline="1547" pcid="97">
    public boolean isDataConnectivityPossible() throws RemoteException {
      boolean bool = false;
      Parcel parcel1 = Parcel.obtain();
      Parcel parcel2 = Parcel.obtain();
      try {
        parcel1.writeInterfaceToken("com.android.internal.telephony.ITelephony");
        this.mRemote.transact(25, parcel1, parcel2, 0);
        parcel2.readException();
        int i = parcel2.readInt();
        if (i != 0)
          bool = true; 
        return bool;
      } finally {
        parcel2.recycle();
        parcel1.recycle();
      } 
    }
</source>
<source file="systems/BreakBottleNeckMasnu/com/android/internal/telephony/ITelephony.java" startline="1513" endline="1529" pcid="96">
    public boolean hasIccCard() throws RemoteException {
      boolean bool = false;
      Parcel parcel1 = Parcel.obtain();
      Parcel parcel2 = Parcel.obtain();
      try {
        parcel1.writeInterfaceToken("com.android.internal.telephony.ITelephony");
        this.mRemote.transact(38, parcel1, parcel2, 0);
        parcel2.readException();
        int i = parcel2.readInt();
        if (i != 0)
          bool = true; 
        return bool;
      } finally {
        parcel2.recycle();
        parcel1.recycle();
      } 
    }
</source>
<source file="systems/BreakBottleNeckMasnu/com/android/internal/telephony/ITelephony.java" startline="1266" endline="1282" pcid="79">
    public boolean enableDataConnectivity() throws RemoteException {
      boolean bool = false;
      Parcel parcel1 = Parcel.obtain();
      Parcel parcel2 = Parcel.obtain();
      try {
        parcel1.writeInterfaceToken("com.android.internal.telephony.ITelephony");
        this.mRemote.transact(23, parcel1, parcel2, 0);
        parcel2.readException();
        int i = parcel2.readInt();
        if (i != 0)
          bool = true; 
        return bool;
      } finally {
        parcel2.recycle();
        parcel1.recycle();
      } 
    }
</source>
<source file="systems/BreakBottleNeckMasnu/com/android/internal/telephony/ITelephony.java" startline="1386" endline="1402" pcid="87">
    public boolean getCdmaNeedsProvisioning() throws RemoteException {
      boolean bool = false;
      Parcel parcel1 = Parcel.obtain();
      Parcel parcel2 = Parcel.obtain();
      try {
        parcel1.writeInterfaceToken("com.android.internal.telephony.ITelephony");
        this.mRemote.transact(35, parcel1, parcel2, 0);
        parcel2.readException();
        int i = parcel2.readInt();
        if (i != 0)
          bool = true; 
        return bool;
      } finally {
        parcel2.recycle();
        parcel1.recycle();
      } 
    }
</source>
<source file="systems/BreakBottleNeckMasnu/com/android/internal/telephony/ITelephony.java" startline="1298" endline="1314" pcid="81">
    public boolean endCall() throws RemoteException {
      boolean bool = false;
      Parcel parcel1 = Parcel.obtain();
      Parcel parcel2 = Parcel.obtain();
      try {
        parcel1.writeInterfaceToken("com.android.internal.telephony.ITelephony");
        this.mRemote.transact(5, parcel1, parcel2, 0);
        parcel2.readException();
        int i = parcel2.readInt();
        if (i != 0)
          bool = true; 
        return bool;
      } finally {
        parcel2.recycle();
        parcel1.recycle();
      } 
    }
</source>
<source file="systems/BreakBottleNeckMasnu/com/android/internal/telephony/ITelephony.java" startline="982" endline="998" pcid="61">
      public boolean isSimPinEnabled() throws RemoteException {
        boolean bool = false;
        Parcel parcel1 = Parcel.obtain();
        Parcel parcel2 = Parcel.obtain();
        try {
          parcel1.writeInterfaceToken("com.android.internal.telephony.ITelephony");
          this.mRemote.transact(12, parcel1, parcel2, 0);
          parcel2.readException();
          int i = parcel2.readInt();
          if (i != 0)
            bool = true; 
          return bool;
        } finally {
          parcel2.recycle();
          parcel1.recycle();
        } 
      }
</source>
<source file="systems/BreakBottleNeckMasnu/com/android/internal/telephony/ITelephony.java" startline="874" endline="890" pcid="55">
      public boolean hasIccCard() throws RemoteException {
        boolean bool = false;
        Parcel parcel1 = Parcel.obtain();
        Parcel parcel2 = Parcel.obtain();
        try {
          parcel1.writeInterfaceToken("com.android.internal.telephony.ITelephony");
          this.mRemote.transact(38, parcel1, parcel2, 0);
          parcel2.readException();
          int i = parcel2.readInt();
          if (i != 0)
            bool = true; 
          return bool;
        } finally {
          parcel2.recycle();
          parcel1.recycle();
        } 
      }
</source>
<source file="systems/BreakBottleNeckMasnu/com/android/internal/telephony/ITelephony.java" startline="892" endline="908" pcid="56">
      public boolean isDataConnectivityPossible() throws RemoteException {
        boolean bool = false;
        Parcel parcel1 = Parcel.obtain();
        Parcel parcel2 = Parcel.obtain();
        try {
          parcel1.writeInterfaceToken("com.android.internal.telephony.ITelephony");
          this.mRemote.transact(25, parcel1, parcel2, 0);
          parcel2.readException();
          int i = parcel2.readInt();
          if (i != 0)
            bool = true; 
          return bool;
        } finally {
          parcel2.recycle();
          parcel1.recycle();
        } 
      }
</source>
<source file="systems/BreakBottleNeckMasnu/com/android/internal/telephony/ITelephony.java" startline="910" endline="926" pcid="57">
      public boolean isIdle() throws RemoteException {
        boolean bool = false;
        Parcel parcel1 = Parcel.obtain();
        Parcel parcel2 = Parcel.obtain();
        try {
          parcel1.writeInterfaceToken("com.android.internal.telephony.ITelephony");
          this.mRemote.transact(10, parcel1, parcel2, 0);
          parcel2.readException();
          int i = parcel2.readInt();
          if (i != 0)
            bool = true; 
          return bool;
        } finally {
          parcel2.recycle();
          parcel1.recycle();
        } 
      }
</source>
<source file="systems/BreakBottleNeckMasnu/com/android/internal/telephony/ITelephony.java" startline="928" endline="944" pcid="58">
      public boolean isOffhook() throws RemoteException {
        boolean bool = false;
        Parcel parcel1 = Parcel.obtain();
        Parcel parcel2 = Parcel.obtain();
        try {
          parcel1.writeInterfaceToken("com.android.internal.telephony.ITelephony");
          this.mRemote.transact(8, parcel1, parcel2, 0);
          parcel2.readException();
          int i = parcel2.readInt();
          if (i != 0)
            bool = true; 
          return bool;
        } finally {
          parcel2.recycle();
          parcel1.recycle();
        } 
      }
</source>
<source file="systems/BreakBottleNeckMasnu/com/android/internal/telephony/ITelephony.java" startline="946" endline="962" pcid="59">
      public boolean isRadioOn() throws RemoteException {
        boolean bool = false;
        Parcel parcel1 = Parcel.obtain();
        Parcel parcel2 = Parcel.obtain();
        try {
          parcel1.writeInterfaceToken("com.android.internal.telephony.ITelephony");
          this.mRemote.transact(11, parcel1, parcel2, 0);
          parcel2.readException();
          int i = parcel2.readInt();
          if (i != 0)
            bool = true; 
          return bool;
        } finally {
          parcel2.recycle();
          parcel1.recycle();
        } 
      }
</source>
<source file="systems/BreakBottleNeckMasnu/com/android/internal/telephony/ITelephony.java" startline="964" endline="980" pcid="60">
      public boolean isRinging() throws RemoteException {
        boolean bool = false;
        Parcel parcel1 = Parcel.obtain();
        Parcel parcel2 = Parcel.obtain();
        try {
          parcel1.writeInterfaceToken("com.android.internal.telephony.ITelephony");
          this.mRemote.transact(9, parcel1, parcel2, 0);
          parcel2.readException();
          int i = parcel2.readInt();
          if (i != 0)
            bool = true; 
          return bool;
        } finally {
          parcel2.recycle();
          parcel1.recycle();
        } 
      }
</source>
</class>

<class classid="2" nclones="48" nlines="13" similarity="72">
<source file="systems/BreakBottleNeckMasnu/com/android/internal/telephony/ISms.java" startline="173" endline="185" pcid="8">
      public List<SmsRawData> getAllMessagesFromIccEf() throws RemoteException {
        Parcel parcel1 = Parcel.obtain();
        Parcel parcel2 = Parcel.obtain();
        try {
          parcel1.writeInterfaceToken("com.android.internal.telephony.ISms");
          this.mRemote.transact(1, parcel1, parcel2, 0);
          parcel2.readException();
          return parcel2.createTypedArrayList(SmsRawData.CREATOR);
        } finally {
          parcel2.recycle();
          parcel1.recycle();
        } 
      }
</source>
<source file="systems/BreakBottleNeckMasnu/com/android/internal/telephony/ITelephony.java" startline="1237" endline="1249" pcid="77">
    public void disableLocationUpdates() throws RemoteException {
      Parcel parcel1 = Parcel.obtain();
      Parcel parcel2 = Parcel.obtain();
      try {
        parcel1.writeInterfaceToken("com.android.internal.telephony.ITelephony");
        this.mRemote.transact(20, parcel1, parcel2, 0);
        parcel2.readException();
        return;
      } finally {
        parcel2.recycle();
        parcel1.recycle();
      } 
    }
</source>
<source file="systems/BreakBottleNeckMasnu/com/android/internal/telephony/ITelephony.java" startline="536" endline="548" pcid="32">
      public void cancelMissedCallsNotification() throws RemoteException {
        Parcel parcel1 = Parcel.obtain();
        Parcel parcel2 = Parcel.obtain();
        try {
          parcel1.writeInterfaceToken("com.android.internal.telephony.ITelephony");
          this.mRemote.transact(13, parcel1, parcel2, 0);
          parcel2.readException();
          return;
        } finally {
          parcel2.recycle();
          parcel1.recycle();
        } 
      }
</source>
<source file="systems/BreakBottleNeckMasnu/com/android/internal/telephony/ITelephony.java" startline="1072" endline="1084" pcid="65">
      public void silenceRinger() throws RemoteException {
        Parcel parcel1 = Parcel.obtain();
        Parcel parcel2 = Parcel.obtain();
        try {
          parcel1.writeInterfaceToken("com.android.internal.telephony.ITelephony");
          this.mRemote.transact(7, parcel1, parcel2, 0);
          parcel2.readException();
          return;
        } finally {
          parcel2.recycle();
          parcel1.recycle();
        } 
      }
</source>
<source file="systems/BreakBottleNeckMasnu/com/android/internal/telephony/ITelephony.java" startline="1105" endline="1117" pcid="67">
      public void toggleRadioOnOff() throws RemoteException {
        Parcel parcel1 = Parcel.obtain();
        Parcel parcel2 = Parcel.obtain();
        try {
          parcel1.writeInterfaceToken("com.android.internal.telephony.ITelephony");
          this.mRemote.transact(16, parcel1, parcel2, 0);
          parcel2.readException();
          return;
        } finally {
          parcel2.recycle();
          parcel1.recycle();
        } 
      }
</source>
<source file="systems/BreakBottleNeckMasnu/com/android/internal/telephony/ITelephony.java" startline="1175" endline="1187" pcid="73">
    public void cancelMissedCallsNotification() throws RemoteException {
      Parcel parcel1 = Parcel.obtain();
      Parcel parcel2 = Parcel.obtain();
      try {
        parcel1.writeInterfaceToken("com.android.internal.telephony.ITelephony");
        this.mRemote.transact(13, parcel1, parcel2, 0);
        parcel2.readException();
        return;
      } finally {
        parcel2.recycle();
        parcel1.recycle();
      } 
    }
</source>
<source file="systems/BreakBottleNeckMasnu/com/android/internal/telephony/ITelephony.java" startline="1119" endline="1131" pcid="68">
      public void updateServiceLocation() throws RemoteException {
        Parcel parcel1 = Parcel.obtain();
        Parcel parcel2 = Parcel.obtain();
        try {
          parcel1.writeInterfaceToken("com.android.internal.telephony.ITelephony");
          this.mRemote.transact(18, parcel1, parcel2, 0);
          parcel2.readException();
          return;
        } finally {
          parcel2.recycle();
          parcel1.recycle();
        } 
      }
</source>
<source file="systems/BreakBottleNeckMasnu/com/android/internal/telephony/ITelephony.java" startline="1142" endline="1154" pcid="70">
    public void answerRingingCall() throws RemoteException {
      Parcel parcel1 = Parcel.obtain();
      Parcel parcel2 = Parcel.obtain();
      try {
        parcel1.writeInterfaceToken("com.android.internal.telephony.ITelephony");
        this.mRemote.transact(6, parcel1, parcel2, 0);
        parcel2.readException();
        return;
      } finally {
        parcel2.recycle();
        parcel1.recycle();
      } 
    }
</source>
<source file="systems/BreakBottleNeckMasnu/com/android/internal/telephony/ITelephony.java" startline="1251" endline="1264" pcid="78">
    public int enableApnType(String param1String) throws RemoteException {
      Parcel parcel1 = Parcel.obtain();
      Parcel parcel2 = Parcel.obtain();
      try {
        parcel1.writeInterfaceToken("com.android.internal.telephony.ITelephony");
        parcel1.writeString(param1String);
        this.mRemote.transact(21, parcel1, parcel2, 0);
        parcel2.readException();
        return parcel2.readInt();
      } finally {
        parcel2.recycle();
        parcel1.recycle();
      } 
    }
</source>
<source file="systems/BreakBottleNeckMasnu/com/android/internal/telephony/ITelephony.java" startline="1404" endline="1418" pcid="88">
    public Bundle getCellLocation() throws RemoteException {
      Parcel parcel1 = Parcel.obtain();
      Parcel parcel2 = Parcel.obtain();
      try {
        parcel1.writeInterfaceToken("com.android.internal.telephony.ITelephony");
        this.mRemote.transact(26, parcel1, parcel2, 0);
        parcel2.readException();
        if (parcel2.readInt() != 0)
          return (Bundle)Bundle.CREATOR.createFromParcel(parcel2); 
        return null;
      } finally {
        parcel2.recycle();
        parcel1.recycle();
      } 
    }
</source>
<source file="systems/BreakBottleNeckMasnu/com/android/internal/telephony/ITelephony.java" startline="1160" endline="1173" pcid="72">
    public void call(String param1String) throws RemoteException {
      Parcel parcel1 = Parcel.obtain();
      Parcel parcel2 = Parcel.obtain();
      try {
        parcel1.writeInterfaceToken("com.android.internal.telephony.ITelephony");
        parcel1.writeString(param1String);
        this.mRemote.transact(2, parcel1, parcel2, 0);
        parcel2.readException();
        return;
      } finally {
        parcel2.recycle();
        parcel1.recycle();
      } 
    }
</source>
<source file="systems/BreakBottleNeckMasnu/com/android/internal/telephony/ITelephony.java" startline="1189" endline="1202" pcid="74">
    public void dial(String param1String) throws RemoteException {
      Parcel parcel1 = Parcel.obtain();
      Parcel parcel2 = Parcel.obtain();
      try {
        parcel1.writeInterfaceToken("com.android.internal.telephony.ITelephony");
        parcel1.writeString(param1String);
        this.mRemote.transact(1, parcel1, parcel2, 0);
        parcel2.readException();
        return;
      } finally {
        parcel2.recycle();
        parcel1.recycle();
      } 
    }
</source>
<source file="systems/BreakBottleNeckMasnu/com/android/internal/telephony/ITelephony.java" startline="1204" endline="1217" pcid="75">
    public int disableApnType(String param1String) throws RemoteException {
      Parcel parcel1 = Parcel.obtain();
      Parcel parcel2 = Parcel.obtain();
      try {
        parcel1.writeInterfaceToken("com.android.internal.telephony.ITelephony");
        parcel1.writeString(param1String);
        this.mRemote.transact(22, parcel1, parcel2, 0);
        parcel2.readException();
        return parcel2.readInt();
      } finally {
        parcel2.recycle();
        parcel1.recycle();
      } 
    }
</source>
<source file="systems/BreakBottleNeckMasnu/com/android/internal/telephony/ITelephony.java" startline="521" endline="534" pcid="31">
      public void call(String param2String) throws RemoteException {
        Parcel parcel1 = Parcel.obtain();
        Parcel parcel2 = Parcel.obtain();
        try {
          parcel1.writeInterfaceToken("com.android.internal.telephony.ITelephony");
          parcel1.writeString(param2String);
          this.mRemote.transact(2, parcel1, parcel2, 0);
          parcel2.readException();
          return;
        } finally {
          parcel2.recycle();
          parcel1.recycle();
        } 
      }
</source>
<source file="systems/BreakBottleNeckMasnu/com/android/internal/telephony/ITelephony.java" startline="550" endline="563" pcid="33">
      public void dial(String param2String) throws RemoteException {
        Parcel parcel1 = Parcel.obtain();
        Parcel parcel2 = Parcel.obtain();
        try {
          parcel1.writeInterfaceToken("com.android.internal.telephony.ITelephony");
          parcel1.writeString(param2String);
          this.mRemote.transact(1, parcel1, parcel2, 0);
          parcel2.readException();
          return;
        } finally {
          parcel2.recycle();
          parcel1.recycle();
        } 
      }
</source>
<source file="systems/BreakBottleNeckMasnu/com/android/internal/telephony/ITelephony.java" startline="765" endline="779" pcid="47">
      public Bundle getCellLocation() throws RemoteException {
        Parcel parcel1 = Parcel.obtain();
        Parcel parcel2 = Parcel.obtain();
        try {
          parcel1.writeInterfaceToken("com.android.internal.telephony.ITelephony");
          this.mRemote.transact(26, parcel1, parcel2, 0);
          parcel2.readException();
          if (parcel2.readInt() != 0)
            return (Bundle)Bundle.CREATOR.createFromParcel(parcel2); 
          return null;
        } finally {
          parcel2.recycle();
          parcel1.recycle();
        } 
      }
</source>
<source file="systems/BreakBottleNeckMasnu/com/android/internal/telephony/ITelephony.java" startline="612" endline="625" pcid="37">
      public int enableApnType(String param2String) throws RemoteException {
        Parcel parcel1 = Parcel.obtain();
        Parcel parcel2 = Parcel.obtain();
        try {
          parcel1.writeInterfaceToken("com.android.internal.telephony.ITelephony");
          parcel1.writeString(param2String);
          this.mRemote.transact(21, parcel1, parcel2, 0);
          parcel2.readException();
          return parcel2.readInt();
        } finally {
          parcel2.recycle();
          parcel1.recycle();
        } 
      }
</source>
<source file="systems/BreakBottleNeckMasnu/com/android/internal/telephony/ITelephony.java" startline="565" endline="578" pcid="34">
      public int disableApnType(String param2String) throws RemoteException {
        Parcel parcel1 = Parcel.obtain();
        Parcel parcel2 = Parcel.obtain();
        try {
          parcel1.writeInterfaceToken("com.android.internal.telephony.ITelephony");
          parcel1.writeString(param2String);
          this.mRemote.transact(22, parcel1, parcel2, 0);
          parcel2.readException();
          return parcel2.readInt();
        } finally {
          parcel2.recycle();
          parcel1.recycle();
        } 
      }
</source>
<source file="systems/BreakBottleNeckMasnu/com/android/internal/telephony/ITelephony.java" startline="1758" endline="1770" pcid="109">
    public void updateServiceLocation() throws RemoteException {
      Parcel parcel1 = Parcel.obtain();
      Parcel parcel2 = Parcel.obtain();
      try {
        parcel1.writeInterfaceToken("com.android.internal.telephony.ITelephony");
        this.mRemote.transact(18, parcel1, parcel2, 0);
        parcel2.readException();
        return;
      } finally {
        parcel2.recycle();
        parcel1.recycle();
      } 
    }
</source>
<source file="systems/BreakBottleNeckMasnu/Climb Jump/ITrustedWebActivityService.java" startline="528" endline="541" pcid="148">
    public int getSmallIconId() throws RemoteException {
      Parcel parcel1 = Parcel.obtain();
      Parcel parcel2 = Parcel.obtain();
      try {
        parcel1.writeInterfaceToken("android.support.customtabs.trusted.ITrustedWebActivityService");
        if (!this.mRemote.transact(4, parcel1, parcel2, 0) && ITrustedWebActivityService.Stub.getDefaultImpl() != null)
          return ITrustedWebActivityService.Stub.getDefaultImpl().getSmallIconId(); 
        parcel2.readException();
        return parcel2.readInt();
      } finally {
        parcel2.recycle();
        parcel1.recycle();
      } 
    }
</source>
<source file="systems/BreakBottleNeckMasnu/com/android/internal/telephony/ITelephony.java" startline="1284" endline="1296" pcid="80">
    public void enableLocationUpdates() throws RemoteException {
      Parcel parcel1 = Parcel.obtain();
      Parcel parcel2 = Parcel.obtain();
      try {
        parcel1.writeInterfaceToken("com.android.internal.telephony.ITelephony");
        this.mRemote.transact(19, parcel1, parcel2, 0);
        parcel2.readException();
        return;
      } finally {
        parcel2.recycle();
        parcel1.recycle();
      } 
    }
</source>
<source file="systems/BreakBottleNeckMasnu/com/android/internal/telephony/ITelephony.java" startline="841" endline="853" pcid="53">
      public int getVoiceMessageCount() throws RemoteException {
        Parcel parcel1 = Parcel.obtain();
        Parcel parcel2 = Parcel.obtain();
        try {
          parcel1.writeInterfaceToken("com.android.internal.telephony.ITelephony");
          this.mRemote.transact(36, parcel1, parcel2, 0);
          parcel2.readException();
          return parcel2.readInt();
        } finally {
          parcel2.recycle();
          parcel1.recycle();
        } 
      }
</source>
<source file="systems/BreakBottleNeckMasnu/com/android/internal/telephony/ITelephony.java" startline="1316" endline="1328" pcid="82">
    public int getActivePhoneType() throws RemoteException {
      Parcel parcel1 = Parcel.obtain();
      Parcel parcel2 = Parcel.obtain();
      try {
        parcel1.writeInterfaceToken("com.android.internal.telephony.ITelephony");
        this.mRemote.transact(31, parcel1, parcel2, 0);
        parcel2.readException();
        return parcel2.readInt();
      } finally {
        parcel2.recycle();
        parcel1.recycle();
      } 
    }
</source>
<source file="systems/BreakBottleNeckMasnu/com/android/internal/telephony/ITelephony.java" startline="1330" endline="1342" pcid="83">
    public int getCallState() throws RemoteException {
      Parcel parcel1 = Parcel.obtain();
      Parcel parcel2 = Parcel.obtain();
      try {
        parcel1.writeInterfaceToken("com.android.internal.telephony.ITelephony");
        this.mRemote.transact(28, parcel1, parcel2, 0);
        parcel2.readException();
        return parcel2.readInt();
      } finally {
        parcel2.recycle();
        parcel1.recycle();
      } 
    }
</source>
<source file="systems/BreakBottleNeckMasnu/com/android/internal/telephony/ITelephony.java" startline="1344" endline="1356" pcid="84">
    public int getCdmaEriIconIndex() throws RemoteException {
      Parcel parcel1 = Parcel.obtain();
      Parcel parcel2 = Parcel.obtain();
      try {
        parcel1.writeInterfaceToken("com.android.internal.telephony.ITelephony");
        this.mRemote.transact(32, parcel1, parcel2, 0);
        parcel2.readException();
        return parcel2.readInt();
      } finally {
        parcel2.recycle();
        parcel1.recycle();
      } 
    }
</source>
<source file="systems/BreakBottleNeckMasnu/com/android/internal/telephony/ITelephony.java" startline="1358" endline="1370" pcid="85">
    public int getCdmaEriIconMode() throws RemoteException {
      Parcel parcel1 = Parcel.obtain();
      Parcel parcel2 = Parcel.obtain();
      try {
        parcel1.writeInterfaceToken("com.android.internal.telephony.ITelephony");
        this.mRemote.transact(33, parcel1, parcel2, 0);
        parcel2.readException();
        return parcel2.readInt();
      } finally {
        parcel2.recycle();
        parcel1.recycle();
      } 
    }
</source>
<source file="systems/BreakBottleNeckMasnu/com/android/internal/telephony/ITelephony.java" startline="1372" endline="1384" pcid="86">
    public String getCdmaEriText() throws RemoteException {
      Parcel parcel1 = Parcel.obtain();
      Parcel parcel2 = Parcel.obtain();
      try {
        parcel1.writeInterfaceToken("com.android.internal.telephony.ITelephony");
        this.mRemote.transact(34, parcel1, parcel2, 0);
        parcel2.readException();
        return parcel2.readString();
      } finally {
        parcel2.recycle();
        parcel1.recycle();
      } 
    }
</source>
<source file="systems/BreakBottleNeckMasnu/com/android/internal/telephony/ITelephony.java" startline="827" endline="839" pcid="52">
      public int getNetworkType() throws RemoteException {
        Parcel parcel1 = Parcel.obtain();
        Parcel parcel2 = Parcel.obtain();
        try {
          parcel1.writeInterfaceToken("com.android.internal.telephony.ITelephony");
          this.mRemote.transact(37, parcel1, parcel2, 0);
          parcel2.readException();
          return parcel2.readInt();
        } finally {
          parcel2.recycle();
          parcel1.recycle();
        } 
      }
</source>
<source file="systems/BreakBottleNeckMasnu/com/android/internal/telephony/ISms.java" startline="324" endline="336" pcid="17">
    public List<SmsRawData> getAllMessagesFromIccEf() throws RemoteException {
      Parcel parcel1 = Parcel.obtain();
      Parcel parcel2 = Parcel.obtain();
      try {
        parcel1.writeInterfaceToken("com.android.internal.telephony.ISms");
        this.mRemote.transact(1, parcel1, parcel2, 0);
        parcel2.readException();
        return parcel2.createTypedArrayList(SmsRawData.CREATOR);
      } finally {
        parcel2.recycle();
        parcel1.recycle();
      } 
    }
</source>
<source file="systems/BreakBottleNeckMasnu/com/android/internal/telephony/ITelephony.java" startline="1420" endline="1432" pcid="89">
    public int getDataActivity() throws RemoteException {
      Parcel parcel1 = Parcel.obtain();
      Parcel parcel2 = Parcel.obtain();
      try {
        parcel1.writeInterfaceToken("com.android.internal.telephony.ITelephony");
        this.mRemote.transact(29, parcel1, parcel2, 0);
        parcel2.readException();
        return parcel2.readInt();
      } finally {
        parcel2.recycle();
        parcel1.recycle();
      } 
    }
</source>
<source file="systems/BreakBottleNeckMasnu/com/android/internal/telephony/ITelephony.java" startline="1434" endline="1446" pcid="90">
    public int getDataState() throws RemoteException {
      Parcel parcel1 = Parcel.obtain();
      Parcel parcel2 = Parcel.obtain();
      try {
        parcel1.writeInterfaceToken("com.android.internal.telephony.ITelephony");
        this.mRemote.transact(30, parcel1, parcel2, 0);
        parcel2.readException();
        return parcel2.readInt();
      } finally {
        parcel2.recycle();
        parcel1.recycle();
      } 
    }
</source>
<source file="systems/BreakBottleNeckMasnu/Climb Jump/ITrustedWebActivityService.java" startline="341" endline="354" pcid="138">
      public int getSmallIconId() throws RemoteException {
        Parcel parcel1 = Parcel.obtain();
        Parcel parcel2 = Parcel.obtain();
        try {
          parcel1.writeInterfaceToken("android.support.customtabs.trusted.ITrustedWebActivityService");
          if (!this.mRemote.transact(4, parcel1, parcel2, 0) && ITrustedWebActivityService.Stub.getDefaultImpl() != null)
            return ITrustedWebActivityService.Stub.getDefaultImpl().getSmallIconId(); 
          parcel2.readException();
          return parcel2.readInt();
        } finally {
          parcel2.recycle();
          parcel1.recycle();
        } 
      }
</source>
<source file="systems/BreakBottleNeckMasnu/com/android/internal/telephony/ITelephony.java" startline="1452" endline="1464" pcid="92">
    public List<NeighboringCellInfo> getNeighboringCellInfo() throws RemoteException {
      Parcel parcel1 = Parcel.obtain();
      Parcel parcel2 = Parcel.obtain();
      try {
        parcel1.writeInterfaceToken("com.android.internal.telephony.ITelephony");
        this.mRemote.transact(27, parcel1, parcel2, 0);
        parcel2.readException();
        return parcel2.createTypedArrayList(NeighboringCellInfo.CREATOR);
      } finally {
        parcel2.recycle();
        parcel1.recycle();
      } 
    }
</source>
<source file="systems/BreakBottleNeckMasnu/com/android/internal/telephony/ITelephony.java" startline="1466" endline="1478" pcid="93">
    public int getNetworkType() throws RemoteException {
      Parcel parcel1 = Parcel.obtain();
      Parcel parcel2 = Parcel.obtain();
      try {
        parcel1.writeInterfaceToken("com.android.internal.telephony.ITelephony");
        this.mRemote.transact(37, parcel1, parcel2, 0);
        parcel2.readException();
        return parcel2.readInt();
      } finally {
        parcel2.recycle();
        parcel1.recycle();
      } 
    }
</source>
<source file="systems/BreakBottleNeckMasnu/com/android/internal/telephony/ITelephony.java" startline="1480" endline="1492" pcid="94">
    public int getVoiceMessageCount() throws RemoteException {
      Parcel parcel1 = Parcel.obtain();
      Parcel parcel2 = Parcel.obtain();
      try {
        parcel1.writeInterfaceToken("com.android.internal.telephony.ITelephony");
        this.mRemote.transact(36, parcel1, parcel2, 0);
        parcel2.readException();
        return parcel2.readInt();
      } finally {
        parcel2.recycle();
        parcel1.recycle();
      } 
    }
</source>
<source file="systems/BreakBottleNeckMasnu/com/android/internal/telephony/ITelephony.java" startline="813" endline="825" pcid="51">
      public List<NeighboringCellInfo> getNeighboringCellInfo() throws RemoteException {
        Parcel parcel1 = Parcel.obtain();
        Parcel parcel2 = Parcel.obtain();
        try {
          parcel1.writeInterfaceToken("com.android.internal.telephony.ITelephony");
          this.mRemote.transact(27, parcel1, parcel2, 0);
          parcel2.readException();
          return parcel2.createTypedArrayList(NeighboringCellInfo.CREATOR);
        } finally {
          parcel2.recycle();
          parcel1.recycle();
        } 
      }
</source>
<source file="systems/BreakBottleNeckMasnu/com/android/internal/telephony/ITelephony.java" startline="503" endline="515" pcid="29">
      public void answerRingingCall() throws RemoteException {
        Parcel parcel1 = Parcel.obtain();
        Parcel parcel2 = Parcel.obtain();
        try {
          parcel1.writeInterfaceToken("com.android.internal.telephony.ITelephony");
          this.mRemote.transact(6, parcel1, parcel2, 0);
          parcel2.readException();
          return;
        } finally {
          parcel2.recycle();
          parcel1.recycle();
        } 
      }
</source>
<source file="systems/BreakBottleNeckMasnu/com/android/internal/telephony/ITelephony.java" startline="795" endline="807" pcid="49">
      public int getDataState() throws RemoteException {
        Parcel parcel1 = Parcel.obtain();
        Parcel parcel2 = Parcel.obtain();
        try {
          parcel1.writeInterfaceToken("com.android.internal.telephony.ITelephony");
          this.mRemote.transact(30, parcel1, parcel2, 0);
          parcel2.readException();
          return parcel2.readInt();
        } finally {
          parcel2.recycle();
          parcel1.recycle();
        } 
      }
</source>
<source file="systems/BreakBottleNeckMasnu/com/android/internal/telephony/ITelephony.java" startline="781" endline="793" pcid="48">
      public int getDataActivity() throws RemoteException {
        Parcel parcel1 = Parcel.obtain();
        Parcel parcel2 = Parcel.obtain();
        try {
          parcel1.writeInterfaceToken("com.android.internal.telephony.ITelephony");
          this.mRemote.transact(29, parcel1, parcel2, 0);
          parcel2.readException();
          return parcel2.readInt();
        } finally {
          parcel2.recycle();
          parcel1.recycle();
        } 
      }
</source>
<source file="systems/BreakBottleNeckMasnu/com/android/internal/telephony/ITelephony.java" startline="733" endline="745" pcid="45">
      public String getCdmaEriText() throws RemoteException {
        Parcel parcel1 = Parcel.obtain();
        Parcel parcel2 = Parcel.obtain();
        try {
          parcel1.writeInterfaceToken("com.android.internal.telephony.ITelephony");
          this.mRemote.transact(34, parcel1, parcel2, 0);
          parcel2.readException();
          return parcel2.readString();
        } finally {
          parcel2.recycle();
          parcel1.recycle();
        } 
      }
</source>
<source file="systems/BreakBottleNeckMasnu/com/android/internal/telephony/ITelephony.java" startline="719" endline="731" pcid="44">
      public int getCdmaEriIconMode() throws RemoteException {
        Parcel parcel1 = Parcel.obtain();
        Parcel parcel2 = Parcel.obtain();
        try {
          parcel1.writeInterfaceToken("com.android.internal.telephony.ITelephony");
          this.mRemote.transact(33, parcel1, parcel2, 0);
          parcel2.readException();
          return parcel2.readInt();
        } finally {
          parcel2.recycle();
          parcel1.recycle();
        } 
      }
</source>
<source file="systems/BreakBottleNeckMasnu/com/android/internal/telephony/ITelephony.java" startline="705" endline="717" pcid="43">
      public int getCdmaEriIconIndex() throws RemoteException {
        Parcel parcel1 = Parcel.obtain();
        Parcel parcel2 = Parcel.obtain();
        try {
          parcel1.writeInterfaceToken("com.android.internal.telephony.ITelephony");
          this.mRemote.transact(32, parcel1, parcel2, 0);
          parcel2.readException();
          return parcel2.readInt();
        } finally {
          parcel2.recycle();
          parcel1.recycle();
        } 
      }
</source>
<source file="systems/BreakBottleNeckMasnu/com/android/internal/telephony/ITelephony.java" startline="691" endline="703" pcid="42">
      public int getCallState() throws RemoteException {
        Parcel parcel1 = Parcel.obtain();
        Parcel parcel2 = Parcel.obtain();
        try {
          parcel1.writeInterfaceToken("com.android.internal.telephony.ITelephony");
          this.mRemote.transact(28, parcel1, parcel2, 0);
          parcel2.readException();
          return parcel2.readInt();
        } finally {
          parcel2.recycle();
          parcel1.recycle();
        } 
      }
</source>
<source file="systems/BreakBottleNeckMasnu/com/android/internal/telephony/ITelephony.java" startline="677" endline="689" pcid="41">
      public int getActivePhoneType() throws RemoteException {
        Parcel parcel1 = Parcel.obtain();
        Parcel parcel2 = Parcel.obtain();
        try {
          parcel1.writeInterfaceToken("com.android.internal.telephony.ITelephony");
          this.mRemote.transact(31, parcel1, parcel2, 0);
          parcel2.readException();
          return parcel2.readInt();
        } finally {
          parcel2.recycle();
          parcel1.recycle();
        } 
      }
</source>
<source file="systems/BreakBottleNeckMasnu/com/android/internal/telephony/ITelephony.java" startline="645" endline="657" pcid="39">
      public void enableLocationUpdates() throws RemoteException {
        Parcel parcel1 = Parcel.obtain();
        Parcel parcel2 = Parcel.obtain();
        try {
          parcel1.writeInterfaceToken("com.android.internal.telephony.ITelephony");
          this.mRemote.transact(19, parcel1, parcel2, 0);
          parcel2.readException();
          return;
        } finally {
          parcel2.recycle();
          parcel1.recycle();
        } 
      }
</source>
<source file="systems/BreakBottleNeckMasnu/com/android/internal/telephony/ITelephony.java" startline="1711" endline="1723" pcid="106">
    public void silenceRinger() throws RemoteException {
      Parcel parcel1 = Parcel.obtain();
      Parcel parcel2 = Parcel.obtain();
      try {
        parcel1.writeInterfaceToken("com.android.internal.telephony.ITelephony");
        this.mRemote.transact(7, parcel1, parcel2, 0);
        parcel2.readException();
        return;
      } finally {
        parcel2.recycle();
        parcel1.recycle();
      } 
    }
</source>
<source file="systems/BreakBottleNeckMasnu/com/android/internal/telephony/ITelephony.java" startline="598" endline="610" pcid="36">
      public void disableLocationUpdates() throws RemoteException {
        Parcel parcel1 = Parcel.obtain();
        Parcel parcel2 = Parcel.obtain();
        try {
          parcel1.writeInterfaceToken("com.android.internal.telephony.ITelephony");
          this.mRemote.transact(20, parcel1, parcel2, 0);
          parcel2.readException();
          return;
        } finally {
          parcel2.recycle();
          parcel1.recycle();
        } 
      }
</source>
<source file="systems/BreakBottleNeckMasnu/com/android/internal/telephony/ITelephony.java" startline="1744" endline="1756" pcid="108">
    public void toggleRadioOnOff() throws RemoteException {
      Parcel parcel1 = Parcel.obtain();
      Parcel parcel2 = Parcel.obtain();
      try {
        parcel1.writeInterfaceToken("com.android.internal.telephony.ITelephony");
        this.mRemote.transact(16, parcel1, parcel2, 0);
        parcel2.readException();
        return;
      } finally {
        parcel2.recycle();
        parcel1.recycle();
      } 
    }
</source>
</class>

<class classid="3" nclones="4" nlines="31" similarity="92">
<source file="systems/BreakBottleNeckMasnu/com/android/internal/telephony/ISms.java" startline="191" endline="219" pcid="10">
      public void sendData(String param2String1, String param2String2, int param2Int, byte[] param2ArrayOfbyte, PendingIntent param2PendingIntent1, PendingIntent param2PendingIntent2) throws RemoteException {
        Parcel parcel1 = Parcel.obtain();
        Parcel parcel2 = Parcel.obtain();
        try {
          parcel1.writeInterfaceToken("com.android.internal.telephony.ISms");
          parcel1.writeString(param2String1);
          parcel1.writeString(param2String2);
          parcel1.writeInt(param2Int);
          parcel1.writeByteArray(param2ArrayOfbyte);
          if (param2PendingIntent1 != null) {
            parcel1.writeInt(1);
            param2PendingIntent1.writeToParcel(parcel1, 0);
          } else {
            parcel1.writeInt(0);
          } 
          if (param2PendingIntent2 != null) {
            parcel1.writeInt(1);
            param2PendingIntent2.writeToParcel(parcel1, 0);
          } else {
            parcel1.writeInt(0);
          } 
          this.mRemote.transact(4, parcel1, parcel2, 0);
          parcel2.readException();
          return;
        } finally {
          parcel2.recycle();
          parcel1.recycle();
        } 
      }
</source>
<source file="systems/BreakBottleNeckMasnu/com/android/internal/telephony/ISms.java" startline="240" endline="267" pcid="12">
      public void sendText(String param2String1, String param2String2, String param2String3, PendingIntent param2PendingIntent1, PendingIntent param2PendingIntent2) throws RemoteException {
        Parcel parcel1 = Parcel.obtain();
        Parcel parcel2 = Parcel.obtain();
        try {
          parcel1.writeInterfaceToken("com.android.internal.telephony.ISms");
          parcel1.writeString(param2String1);
          parcel1.writeString(param2String2);
          parcel1.writeString(param2String3);
          if (param2PendingIntent1 != null) {
            parcel1.writeInt(1);
            param2PendingIntent1.writeToParcel(parcel1, 0);
          } else {
            parcel1.writeInt(0);
          } 
          if (param2PendingIntent2 != null) {
            parcel1.writeInt(1);
            param2PendingIntent2.writeToParcel(parcel1, 0);
          } else {
            parcel1.writeInt(0);
          } 
          this.mRemote.transact(5, parcel1, parcel2, 0);
          parcel2.readException();
          return;
        } finally {
          parcel2.recycle();
          parcel1.recycle();
        } 
      }
</source>
<source file="systems/BreakBottleNeckMasnu/com/android/internal/telephony/ISms.java" startline="391" endline="418" pcid="21">
    public void sendText(String param1String1, String param1String2, String param1String3, PendingIntent param1PendingIntent1, PendingIntent param1PendingIntent2) throws RemoteException {
      Parcel parcel1 = Parcel.obtain();
      Parcel parcel2 = Parcel.obtain();
      try {
        parcel1.writeInterfaceToken("com.android.internal.telephony.ISms");
        parcel1.writeString(param1String1);
        parcel1.writeString(param1String2);
        parcel1.writeString(param1String3);
        if (param1PendingIntent1 != null) {
          parcel1.writeInt(1);
          param1PendingIntent1.writeToParcel(parcel1, 0);
        } else {
          parcel1.writeInt(0);
        } 
        if (param1PendingIntent2 != null) {
          parcel1.writeInt(1);
          param1PendingIntent2.writeToParcel(parcel1, 0);
        } else {
          parcel1.writeInt(0);
        } 
        this.mRemote.transact(5, parcel1, parcel2, 0);
        parcel2.readException();
        return;
      } finally {
        parcel2.recycle();
        parcel1.recycle();
      } 
    }
</source>
<source file="systems/BreakBottleNeckMasnu/com/android/internal/telephony/ISms.java" startline="342" endline="370" pcid="19">
    public void sendData(String param1String1, String param1String2, int param1Int, byte[] param1ArrayOfbyte, PendingIntent param1PendingIntent1, PendingIntent param1PendingIntent2) throws RemoteException {
      Parcel parcel1 = Parcel.obtain();
      Parcel parcel2 = Parcel.obtain();
      try {
        parcel1.writeInterfaceToken("com.android.internal.telephony.ISms");
        parcel1.writeString(param1String1);
        parcel1.writeString(param1String2);
        parcel1.writeInt(param1Int);
        parcel1.writeByteArray(param1ArrayOfbyte);
        if (param1PendingIntent1 != null) {
          parcel1.writeInt(1);
          param1PendingIntent1.writeToParcel(parcel1, 0);
        } else {
          parcel1.writeInt(0);
        } 
        if (param1PendingIntent2 != null) {
          parcel1.writeInt(1);
          param1PendingIntent2.writeToParcel(parcel1, 0);
        } else {
          parcel1.writeInt(0);
        } 
        this.mRemote.transact(4, parcel1, parcel2, 0);
        parcel2.readException();
        return;
      } finally {
        parcel2.recycle();
        parcel1.recycle();
      } 
    }
</source>
</class>

<class classid="4" nclones="4" nlines="27" similarity="100">
<source file="systems/BreakBottleNeckMasnu/com/android/internal/telephony/ITelephony.java" startline="1000" endline="1025" pcid="62">
      public boolean setRadio(boolean param2Boolean) throws RemoteException {
        boolean bool = true;
        Parcel parcel1 = Parcel.obtain();
        Parcel parcel2 = Parcel.obtain();
        try {
          parcel1.writeInterfaceToken("com.android.internal.telephony.ITelephony");
          if (param2Boolean) {
            i = 1;
          } else {
            i = 0;
          } 
          parcel1.writeInt(i);
          this.mRemote.transact(17, parcel1, parcel2, 0);
          parcel2.readException();
          int i = parcel2.readInt();
          if (i != 0) {
            param2Boolean = bool;
            return param2Boolean;
          } 
          param2Boolean = false;
          return param2Boolean;
        } finally {
          parcel2.recycle();
          parcel1.recycle();
        } 
      }
</source>
<source file="systems/BreakBottleNeckMasnu/com/android/internal/telephony/ITelephony.java" startline="1045" endline="1070" pcid="64">
      public boolean showCallScreenWithDialpad(boolean param2Boolean) throws RemoteException {
        boolean bool = true;
        Parcel parcel1 = Parcel.obtain();
        Parcel parcel2 = Parcel.obtain();
        try {
          parcel1.writeInterfaceToken("com.android.internal.telephony.ITelephony");
          if (param2Boolean) {
            i = 1;
          } else {
            i = 0;
          } 
          parcel1.writeInt(i);
          this.mRemote.transact(4, parcel1, parcel2, 0);
          parcel2.readException();
          int i = parcel2.readInt();
          if (i != 0) {
            param2Boolean = bool;
            return param2Boolean;
          } 
          param2Boolean = false;
          return param2Boolean;
        } finally {
          parcel2.recycle();
          parcel1.recycle();
        } 
      }
</source>
<source file="systems/BreakBottleNeckMasnu/com/android/internal/telephony/ITelephony.java" startline="1684" endline="1709" pcid="105">
    public boolean showCallScreenWithDialpad(boolean param1Boolean) throws RemoteException {
      boolean bool = true;
      Parcel parcel1 = Parcel.obtain();
      Parcel parcel2 = Parcel.obtain();
      try {
        parcel1.writeInterfaceToken("com.android.internal.telephony.ITelephony");
        if (param1Boolean) {
          i = 1;
        } else {
          i = 0;
        } 
        parcel1.writeInt(i);
        this.mRemote.transact(4, parcel1, parcel2, 0);
        parcel2.readException();
        int i = parcel2.readInt();
        if (i != 0) {
          param1Boolean = bool;
          return param1Boolean;
        } 
        param1Boolean = false;
        return param1Boolean;
      } finally {
        parcel2.recycle();
        parcel1.recycle();
      } 
    }
</source>
<source file="systems/BreakBottleNeckMasnu/com/android/internal/telephony/ITelephony.java" startline="1639" endline="1664" pcid="103">
    public boolean setRadio(boolean param1Boolean) throws RemoteException {
      boolean bool = true;
      Parcel parcel1 = Parcel.obtain();
      Parcel parcel2 = Parcel.obtain();
      try {
        parcel1.writeInterfaceToken("com.android.internal.telephony.ITelephony");
        if (param1Boolean) {
          i = 1;
        } else {
          i = 0;
        } 
        parcel1.writeInt(i);
        this.mRemote.transact(17, parcel1, parcel2, 0);
        parcel2.readException();
        int i = parcel2.readInt();
        if (i != 0) {
          param1Boolean = bool;
          return param1Boolean;
        } 
        param1Boolean = false;
        return param1Boolean;
      } finally {
        parcel2.recycle();
        parcel1.recycle();
      } 
    }
</source>
</class>

<class classid="5" nclones="2" nlines="10" similarity="100">
<source file="systems/BreakBottleNeckMasnu/Climb Jump/ITrustedWebActivityService.java" startline="89" endline="98" pcid="127">
    public static boolean setDefaultImpl(ITrustedWebActivityService param1ITrustedWebActivityService) {
      if (Proxy.sDefaultImpl == null) {
        if (param1ITrustedWebActivityService != null) {
          Proxy.sDefaultImpl = param1ITrustedWebActivityService;
          return true;
        } 
        return false;
      } 
      throw new IllegalStateException("setDefaultImpl() called twice");
    }
</source>
<source file="systems/BreakBottleNeckMasnu/Climb Jump/ITrustedWebActivityCallback.java" startline="41" endline="50" pcid="155">
    public static boolean setDefaultImpl(ITrustedWebActivityCallback param1ITrustedWebActivityCallback) {
      if (Proxy.sDefaultImpl == null) {
        if (param1ITrustedWebActivityCallback != null) {
          Proxy.sDefaultImpl = param1ITrustedWebActivityCallback;
          return true;
        } 
        return false;
      } 
      throw new IllegalStateException("setDefaultImpl() called twice");
    }
</source>
</class>

<class classid="6" nclones="6" nlines="29" similarity="72">
<source file="systems/BreakBottleNeckMasnu/Climb Jump/ITrustedWebActivityService.java" startline="208" endline="234" pcid="131">
      public Bundle areNotificationsEnabled(Bundle param2Bundle) throws RemoteException {
        Parcel parcel1 = Parcel.obtain();
        Parcel parcel2 = Parcel.obtain();
        try {
          parcel1.writeInterfaceToken("android.support.customtabs.trusted.ITrustedWebActivityService");
          if (param2Bundle != null) {
            parcel1.writeInt(1);
            param2Bundle.writeToParcel(parcel1, 0);
          } else {
            parcel1.writeInt(0);
          } 
          if (!this.mRemote.transact(6, parcel1, parcel2, 0) && ITrustedWebActivityService.Stub.getDefaultImpl() != null) {
            param2Bundle = ITrustedWebActivityService.Stub.getDefaultImpl().areNotificationsEnabled(param2Bundle);
            return param2Bundle;
          } 
          parcel2.readException();
          if (parcel2.readInt() != 0) {
            param2Bundle = (Bundle)Bundle.CREATOR.createFromParcel(parcel2);
          } else {
            param2Bundle = null;
          } 
          return param2Bundle;
        } finally {
          parcel2.recycle();
          parcel1.recycle();
        } 
      }
</source>
<source file="systems/BreakBottleNeckMasnu/Climb Jump/ITrustedWebActivityService.java" startline="356" endline="382" pcid="139">
      public Bundle notifyNotificationWithChannel(Bundle param2Bundle) throws RemoteException {
        Parcel parcel1 = Parcel.obtain();
        Parcel parcel2 = Parcel.obtain();
        try {
          parcel1.writeInterfaceToken("android.support.customtabs.trusted.ITrustedWebActivityService");
          if (param2Bundle != null) {
            parcel1.writeInt(1);
            param2Bundle.writeToParcel(parcel1, 0);
          } else {
            parcel1.writeInt(0);
          } 
          if (!this.mRemote.transact(2, parcel1, parcel2, 0) && ITrustedWebActivityService.Stub.getDefaultImpl() != null) {
            param2Bundle = ITrustedWebActivityService.Stub.getDefaultImpl().notifyNotificationWithChannel(param2Bundle);
            return param2Bundle;
          } 
          parcel2.readException();
          if (parcel2.readInt() != 0) {
            param2Bundle = (Bundle)Bundle.CREATOR.createFromParcel(parcel2);
          } else {
            param2Bundle = null;
          } 
          return param2Bundle;
        } finally {
          parcel2.recycle();
          parcel1.recycle();
        } 
      }
</source>
<source file="systems/BreakBottleNeckMasnu/Climb Jump/ITrustedWebActivityService.java" startline="543" endline="569" pcid="149">
    public Bundle notifyNotificationWithChannel(Bundle param1Bundle) throws RemoteException {
      Parcel parcel1 = Parcel.obtain();
      Parcel parcel2 = Parcel.obtain();
      try {
        parcel1.writeInterfaceToken("android.support.customtabs.trusted.ITrustedWebActivityService");
        if (param1Bundle != null) {
          parcel1.writeInt(1);
          param1Bundle.writeToParcel(parcel1, 0);
        } else {
          parcel1.writeInt(0);
        } 
        if (!this.mRemote.transact(2, parcel1, parcel2, 0) && ITrustedWebActivityService.Stub.getDefaultImpl() != null) {
          param1Bundle = ITrustedWebActivityService.Stub.getDefaultImpl().notifyNotificationWithChannel(param1Bundle);
          return param1Bundle;
        } 
        parcel2.readException();
        if (parcel2.readInt() != 0) {
          param1Bundle = (Bundle)Bundle.CREATOR.createFromParcel(parcel2);
        } else {
          param1Bundle = null;
        } 
        return param1Bundle;
      } finally {
        parcel2.recycle();
        parcel1.recycle();
      } 
    }
</source>
<source file="systems/BreakBottleNeckMasnu/Climb Jump/ITrustedWebActivityService.java" startline="395" endline="421" pcid="141">
    public Bundle areNotificationsEnabled(Bundle param1Bundle) throws RemoteException {
      Parcel parcel1 = Parcel.obtain();
      Parcel parcel2 = Parcel.obtain();
      try {
        parcel1.writeInterfaceToken("android.support.customtabs.trusted.ITrustedWebActivityService");
        if (param1Bundle != null) {
          parcel1.writeInt(1);
          param1Bundle.writeToParcel(parcel1, 0);
        } else {
          parcel1.writeInt(0);
        } 
        if (!this.mRemote.transact(6, parcel1, parcel2, 0) && ITrustedWebActivityService.Stub.getDefaultImpl() != null) {
          param1Bundle = ITrustedWebActivityService.Stub.getDefaultImpl().areNotificationsEnabled(param1Bundle);
          return param1Bundle;
        } 
        parcel2.readException();
        if (parcel2.readInt() != 0) {
          param1Bundle = (Bundle)Bundle.CREATOR.createFromParcel(parcel2);
        } else {
          param1Bundle = null;
        } 
        return param1Bundle;
      } finally {
        parcel2.recycle();
        parcel1.recycle();
      } 
    }
</source>
<source file="systems/BreakBottleNeckMasnu/Climb Jump/ITrustedWebActivityService.java" startline="263" endline="289" pcid="134">
      public Bundle extraCommand(String param2String, Bundle param2Bundle, IBinder param2IBinder) throws RemoteException {
        Parcel parcel1 = Parcel.obtain();
        Parcel parcel2 = Parcel.obtain();
        try {
          parcel1.writeInterfaceToken("android.support.customtabs.trusted.ITrustedWebActivityService");
          parcel1.writeString(param2String);
          if (param2Bundle != null) {
            parcel1.writeInt(1);
            param2Bundle.writeToParcel(parcel1, 0);
          } else {
            parcel1.writeInt(0);
          } 
          parcel1.writeStrongBinder(param2IBinder);
          if (!this.mRemote.transact(9, parcel1, parcel2, 0) && ITrustedWebActivityService.Stub.getDefaultImpl() != null)
            return ITrustedWebActivityService.Stub.getDefaultImpl().extraCommand(param2String, param2Bundle, param2IBinder); 
          parcel2.readException();
          if (parcel2.readInt() != 0) {
            Bundle bundle = (Bundle)Bundle.CREATOR.createFromParcel(parcel2);
          } else {
            param2String = null;
          } 
          return (Bundle)param2String;
        } finally {
          parcel2.recycle();
          parcel1.recycle();
        } 
      }
</source>
<source file="systems/BreakBottleNeckMasnu/Climb Jump/ITrustedWebActivityService.java" startline="450" endline="476" pcid="144">
    public Bundle extraCommand(String param1String, Bundle param1Bundle, IBinder param1IBinder) throws RemoteException {
      Parcel parcel1 = Parcel.obtain();
      Parcel parcel2 = Parcel.obtain();
      try {
        parcel1.writeInterfaceToken("android.support.customtabs.trusted.ITrustedWebActivityService");
        parcel1.writeString(param1String);
        if (param1Bundle != null) {
          parcel1.writeInt(1);
          param1Bundle.writeToParcel(parcel1, 0);
        } else {
          parcel1.writeInt(0);
        } 
        parcel1.writeStrongBinder(param1IBinder);
        if (!this.mRemote.transact(9, parcel1, parcel2, 0) && ITrustedWebActivityService.Stub.getDefaultImpl() != null)
          return ITrustedWebActivityService.Stub.getDefaultImpl().extraCommand(param1String, param1Bundle, param1IBinder); 
        parcel2.readException();
        if (parcel2.readInt() != 0) {
          Bundle bundle = (Bundle)Bundle.CREATOR.createFromParcel(parcel2);
        } else {
          param1String = null;
        } 
        return (Bundle)param1String;
      } finally {
        parcel2.recycle();
        parcel1.recycle();
      } 
    }
</source>
</class>

<class classid="7" nclones="4" nlines="23" similarity="84">
<source file="systems/BreakBottleNeckMasnu/Climb Jump/ITrustedWebActivityService.java" startline="240" endline="261" pcid="133">
      public void cancelNotification(Bundle param2Bundle) throws RemoteException {
        Parcel parcel1 = Parcel.obtain();
        Parcel parcel2 = Parcel.obtain();
        try {
          parcel1.writeInterfaceToken("android.support.customtabs.trusted.ITrustedWebActivityService");
          if (param2Bundle != null) {
            parcel1.writeInt(1);
            param2Bundle.writeToParcel(parcel1, 0);
          } else {
            parcel1.writeInt(0);
          } 
          if (!this.mRemote.transact(3, parcel1, parcel2, 0) && ITrustedWebActivityService.Stub.getDefaultImpl() != null) {
            ITrustedWebActivityService.Stub.getDefaultImpl().cancelNotification(param2Bundle);
            return;
          } 
          parcel2.readException();
          return;
        } finally {
          parcel2.recycle();
          parcel1.recycle();
        } 
      }
</source>
<source file="systems/BreakBottleNeckMasnu/Climb Jump/ITrustedWebActivityCallback.java" startline="135" endline="157" pcid="165">
    public void onExtraCallback(String param1String, Bundle param1Bundle) throws RemoteException {
      Parcel parcel1 = Parcel.obtain();
      Parcel parcel2 = Parcel.obtain();
      try {
        parcel1.writeInterfaceToken("android.support.customtabs.trusted.ITrustedWebActivityCallback");
        parcel1.writeString(param1String);
        if (param1Bundle != null) {
          parcel1.writeInt(1);
          param1Bundle.writeToParcel(parcel1, 0);
        } else {
          parcel1.writeInt(0);
        } 
        if (!this.mRemote.transact(2, parcel1, parcel2, 0) && ITrustedWebActivityCallback.Stub.getDefaultImpl() != null) {
          ITrustedWebActivityCallback.Stub.getDefaultImpl().onExtraCallback(param1String, param1Bundle);
          return;
        } 
        parcel2.readException();
        return;
      } finally {
        parcel2.recycle();
        parcel1.recycle();
      } 
    }
</source>
<source file="systems/BreakBottleNeckMasnu/Climb Jump/ITrustedWebActivityCallback.java" startline="92" endline="114" pcid="161">
      public void onExtraCallback(String param2String, Bundle param2Bundle) throws RemoteException {
        Parcel parcel1 = Parcel.obtain();
        Parcel parcel2 = Parcel.obtain();
        try {
          parcel1.writeInterfaceToken("android.support.customtabs.trusted.ITrustedWebActivityCallback");
          parcel1.writeString(param2String);
          if (param2Bundle != null) {
            parcel1.writeInt(1);
            param2Bundle.writeToParcel(parcel1, 0);
          } else {
            parcel1.writeInt(0);
          } 
          if (!this.mRemote.transact(2, parcel1, parcel2, 0) && ITrustedWebActivityCallback.Stub.getDefaultImpl() != null) {
            ITrustedWebActivityCallback.Stub.getDefaultImpl().onExtraCallback(param2String, param2Bundle);
            return;
          } 
          parcel2.readException();
          return;
        } finally {
          parcel2.recycle();
          parcel1.recycle();
        } 
      }
</source>
<source file="systems/BreakBottleNeckMasnu/Climb Jump/ITrustedWebActivityService.java" startline="427" endline="448" pcid="143">
    public void cancelNotification(Bundle param1Bundle) throws RemoteException {
      Parcel parcel1 = Parcel.obtain();
      Parcel parcel2 = Parcel.obtain();
      try {
        parcel1.writeInterfaceToken("android.support.customtabs.trusted.ITrustedWebActivityService");
        if (param1Bundle != null) {
          parcel1.writeInt(1);
          param1Bundle.writeToParcel(parcel1, 0);
        } else {
          parcel1.writeInt(0);
        } 
        if (!this.mRemote.transact(3, parcel1, parcel2, 0) && ITrustedWebActivityService.Stub.getDefaultImpl() != null) {
          ITrustedWebActivityService.Stub.getDefaultImpl().cancelNotification(param1Bundle);
          return;
        } 
        parcel2.readException();
        return;
      } finally {
        parcel2.recycle();
        parcel1.recycle();
      } 
    }
</source>
</class>

<class classid="8" nclones="4" nlines="23" similarity="100">
<source file="systems/BreakBottleNeckMasnu/Climb Jump/ITrustedWebActivityService.java" startline="291" endline="312" pcid="135">
      public Bundle getActiveNotifications() throws RemoteException {
        Parcel parcel1 = Parcel.obtain();
        Parcel parcel2 = Parcel.obtain();
        try {
          Bundle bundle;
          parcel1.writeInterfaceToken("android.support.customtabs.trusted.ITrustedWebActivityService");
          if (!this.mRemote.transact(5, parcel1, parcel2, 0) && ITrustedWebActivityService.Stub.getDefaultImpl() != null) {
            bundle = ITrustedWebActivityService.Stub.getDefaultImpl().getActiveNotifications();
            return bundle;
          } 
          parcel2.readException();
          if (parcel2.readInt() != 0) {
            bundle = (Bundle)Bundle.CREATOR.createFromParcel(parcel2);
          } else {
            bundle = null;
          } 
          return bundle;
        } finally {
          parcel2.recycle();
          parcel1.recycle();
        } 
      }
</source>
<source file="systems/BreakBottleNeckMasnu/Climb Jump/ITrustedWebActivityService.java" startline="505" endline="526" pcid="147">
    public Bundle getSmallIconBitmap() throws RemoteException {
      Parcel parcel1 = Parcel.obtain();
      Parcel parcel2 = Parcel.obtain();
      try {
        Bundle bundle;
        parcel1.writeInterfaceToken("android.support.customtabs.trusted.ITrustedWebActivityService");
        if (!this.mRemote.transact(7, parcel1, parcel2, 0) && ITrustedWebActivityService.Stub.getDefaultImpl() != null) {
          bundle = ITrustedWebActivityService.Stub.getDefaultImpl().getSmallIconBitmap();
          return bundle;
        } 
        parcel2.readException();
        if (parcel2.readInt() != 0) {
          bundle = (Bundle)Bundle.CREATOR.createFromParcel(parcel2);
        } else {
          bundle = null;
        } 
        return bundle;
      } finally {
        parcel2.recycle();
        parcel1.recycle();
      } 
    }
</source>
<source file="systems/BreakBottleNeckMasnu/Climb Jump/ITrustedWebActivityService.java" startline="318" endline="339" pcid="137">
      public Bundle getSmallIconBitmap() throws RemoteException {
        Parcel parcel1 = Parcel.obtain();
        Parcel parcel2 = Parcel.obtain();
        try {
          Bundle bundle;
          parcel1.writeInterfaceToken("android.support.customtabs.trusted.ITrustedWebActivityService");
          if (!this.mRemote.transact(7, parcel1, parcel2, 0) && ITrustedWebActivityService.Stub.getDefaultImpl() != null) {
            bundle = ITrustedWebActivityService.Stub.getDefaultImpl().getSmallIconBitmap();
            return bundle;
          } 
          parcel2.readException();
          if (parcel2.readInt() != 0) {
            bundle = (Bundle)Bundle.CREATOR.createFromParcel(parcel2);
          } else {
            bundle = null;
          } 
          return bundle;
        } finally {
          parcel2.recycle();
          parcel1.recycle();
        } 
      }
</source>
<source file="systems/BreakBottleNeckMasnu/Climb Jump/ITrustedWebActivityService.java" startline="478" endline="499" pcid="145">
    public Bundle getActiveNotifications() throws RemoteException {
      Parcel parcel1 = Parcel.obtain();
      Parcel parcel2 = Parcel.obtain();
      try {
        Bundle bundle;
        parcel1.writeInterfaceToken("android.support.customtabs.trusted.ITrustedWebActivityService");
        if (!this.mRemote.transact(5, parcel1, parcel2, 0) && ITrustedWebActivityService.Stub.getDefaultImpl() != null) {
          bundle = ITrustedWebActivityService.Stub.getDefaultImpl().getActiveNotifications();
          return bundle;
        } 
        parcel2.readException();
        if (parcel2.readInt() != 0) {
          bundle = (Bundle)Bundle.CREATOR.createFromParcel(parcel2);
        } else {
          bundle = null;
        } 
        return bundle;
      } finally {
        parcel2.recycle();
        parcel1.recycle();
      } 
    }
</source>
</class>

</clones>
