<clones>
<systeminfo processor="nicad6" system="BreakBottleNeckMasnu" granularity="functions-blind" threshold="30%" minlines="10" maxlines="2500"/>
<cloneinfo npcs="167" npairs="1661"/>
<runinfo ncompares="3756" cputime="153562"/>
<classinfo nclasses="8"/>

<class classid="1" nclones="34" nlines="18" similarity="70">
<source file="systems/BreakBottleNeckMasnu/com/android/internal/telephony/ISms.java" startline="152" endline="171" pcid="7"></source>
<source file="systems/BreakBottleNeckMasnu/com/android/internal/telephony/ISms.java" startline="303" endline="322" pcid="16"></source>
<source file="systems/BreakBottleNeckMasnu/com/android/internal/telephony/ISms.java" startline="372" endline="389" pcid="20"></source>
<source file="systems/BreakBottleNeckMasnu/com/android/internal/telephony/ISms.java" startline="221" endline="238" pcid="11"></source>
<source file="systems/BreakBottleNeckMasnu/com/android/internal/telephony/ITelephony.java" startline="1086" endline="1103" pcid="66"></source>
<source file="systems/BreakBottleNeckMasnu/com/android/internal/telephony/ITelephony.java" startline="1494" endline="1511" pcid="95"></source>
<source file="systems/BreakBottleNeckMasnu/com/android/internal/telephony/ITelephony.java" startline="855" endline="872" pcid="54"></source>
<source file="systems/BreakBottleNeckMasnu/com/android/internal/telephony/ISms.java" startline="269" endline="288" pcid="13"></source>
<source file="systems/BreakBottleNeckMasnu/com/android/internal/telephony/ITelephony.java" startline="1725" endline="1742" pcid="107"></source>
<source file="systems/BreakBottleNeckMasnu/com/android/internal/telephony/ISms.java" startline="420" endline="439" pcid="22"></source>
<source file="systems/BreakBottleNeckMasnu/com/android/internal/telephony/ITelephony.java" startline="580" endline="596" pcid="35"></source>
<source file="systems/BreakBottleNeckMasnu/com/android/internal/telephony/ITelephony.java" startline="1219" endline="1235" pcid="76"></source>
<source file="systems/BreakBottleNeckMasnu/com/android/internal/telephony/ITelephony.java" startline="627" endline="643" pcid="38"></source>
<source file="systems/BreakBottleNeckMasnu/com/android/internal/telephony/ITelephony.java" startline="659" endline="675" pcid="40"></source>
<source file="systems/BreakBottleNeckMasnu/com/android/internal/telephony/ITelephony.java" startline="1666" endline="1682" pcid="104"></source>
<source file="systems/BreakBottleNeckMasnu/com/android/internal/telephony/ITelephony.java" startline="1621" endline="1637" pcid="102"></source>
<source file="systems/BreakBottleNeckMasnu/com/android/internal/telephony/ITelephony.java" startline="1603" endline="1619" pcid="101"></source>
<source file="systems/BreakBottleNeckMasnu/com/android/internal/telephony/ITelephony.java" startline="1585" endline="1601" pcid="100"></source>
<source file="systems/BreakBottleNeckMasnu/com/android/internal/telephony/ITelephony.java" startline="1567" endline="1583" pcid="99"></source>
<source file="systems/BreakBottleNeckMasnu/com/android/internal/telephony/ITelephony.java" startline="747" endline="763" pcid="46"></source>
<source file="systems/BreakBottleNeckMasnu/com/android/internal/telephony/ITelephony.java" startline="1027" endline="1043" pcid="63"></source>
<source file="systems/BreakBottleNeckMasnu/com/android/internal/telephony/ITelephony.java" startline="1549" endline="1565" pcid="98"></source>
<source file="systems/BreakBottleNeckMasnu/com/android/internal/telephony/ITelephony.java" startline="1531" endline="1547" pcid="97"></source>
<source file="systems/BreakBottleNeckMasnu/com/android/internal/telephony/ITelephony.java" startline="1513" endline="1529" pcid="96"></source>
<source file="systems/BreakBottleNeckMasnu/com/android/internal/telephony/ITelephony.java" startline="1266" endline="1282" pcid="79"></source>
<source file="systems/BreakBottleNeckMasnu/com/android/internal/telephony/ITelephony.java" startline="1386" endline="1402" pcid="87"></source>
<source file="systems/BreakBottleNeckMasnu/com/android/internal/telephony/ITelephony.java" startline="1298" endline="1314" pcid="81"></source>
<source file="systems/BreakBottleNeckMasnu/com/android/internal/telephony/ITelephony.java" startline="982" endline="998" pcid="61"></source>
<source file="systems/BreakBottleNeckMasnu/com/android/internal/telephony/ITelephony.java" startline="874" endline="890" pcid="55"></source>
<source file="systems/BreakBottleNeckMasnu/com/android/internal/telephony/ITelephony.java" startline="892" endline="908" pcid="56"></source>
<source file="systems/BreakBottleNeckMasnu/com/android/internal/telephony/ITelephony.java" startline="910" endline="926" pcid="57"></source>
<source file="systems/BreakBottleNeckMasnu/com/android/internal/telephony/ITelephony.java" startline="928" endline="944" pcid="58"></source>
<source file="systems/BreakBottleNeckMasnu/com/android/internal/telephony/ITelephony.java" startline="946" endline="962" pcid="59"></source>
<source file="systems/BreakBottleNeckMasnu/com/android/internal/telephony/ITelephony.java" startline="964" endline="980" pcid="60"></source>
</class>

<class classid="2" nclones="48" nlines="13" similarity="72">
<source file="systems/BreakBottleNeckMasnu/com/android/internal/telephony/ISms.java" startline="173" endline="185" pcid="8"></source>
<source file="systems/BreakBottleNeckMasnu/com/android/internal/telephony/ITelephony.java" startline="1237" endline="1249" pcid="77"></source>
<source file="systems/BreakBottleNeckMasnu/com/android/internal/telephony/ITelephony.java" startline="536" endline="548" pcid="32"></source>
<source file="systems/BreakBottleNeckMasnu/com/android/internal/telephony/ITelephony.java" startline="1072" endline="1084" pcid="65"></source>
<source file="systems/BreakBottleNeckMasnu/com/android/internal/telephony/ITelephony.java" startline="1105" endline="1117" pcid="67"></source>
<source file="systems/BreakBottleNeckMasnu/com/android/internal/telephony/ITelephony.java" startline="1175" endline="1187" pcid="73"></source>
<source file="systems/BreakBottleNeckMasnu/com/android/internal/telephony/ITelephony.java" startline="1119" endline="1131" pcid="68"></source>
<source file="systems/BreakBottleNeckMasnu/com/android/internal/telephony/ITelephony.java" startline="1142" endline="1154" pcid="70"></source>
<source file="systems/BreakBottleNeckMasnu/com/android/internal/telephony/ITelephony.java" startline="1251" endline="1264" pcid="78"></source>
<source file="systems/BreakBottleNeckMasnu/com/android/internal/telephony/ITelephony.java" startline="1404" endline="1418" pcid="88"></source>
<source file="systems/BreakBottleNeckMasnu/com/android/internal/telephony/ITelephony.java" startline="1160" endline="1173" pcid="72"></source>
<source file="systems/BreakBottleNeckMasnu/com/android/internal/telephony/ITelephony.java" startline="1189" endline="1202" pcid="74"></source>
<source file="systems/BreakBottleNeckMasnu/com/android/internal/telephony/ITelephony.java" startline="1204" endline="1217" pcid="75"></source>
<source file="systems/BreakBottleNeckMasnu/com/android/internal/telephony/ITelephony.java" startline="521" endline="534" pcid="31"></source>
<source file="systems/BreakBottleNeckMasnu/com/android/internal/telephony/ITelephony.java" startline="550" endline="563" pcid="33"></source>
<source file="systems/BreakBottleNeckMasnu/com/android/internal/telephony/ITelephony.java" startline="765" endline="779" pcid="47"></source>
<source file="systems/BreakBottleNeckMasnu/com/android/internal/telephony/ITelephony.java" startline="612" endline="625" pcid="37"></source>
<source file="systems/BreakBottleNeckMasnu/com/android/internal/telephony/ITelephony.java" startline="565" endline="578" pcid="34"></source>
<source file="systems/BreakBottleNeckMasnu/com/android/internal/telephony/ITelephony.java" startline="1758" endline="1770" pcid="109"></source>
<source file="systems/BreakBottleNeckMasnu/Climb Jump/ITrustedWebActivityService.java" startline="528" endline="541" pcid="148"></source>
<source file="systems/BreakBottleNeckMasnu/com/android/internal/telephony/ITelephony.java" startline="1284" endline="1296" pcid="80"></source>
<source file="systems/BreakBottleNeckMasnu/com/android/internal/telephony/ITelephony.java" startline="841" endline="853" pcid="53"></source>
<source file="systems/BreakBottleNeckMasnu/com/android/internal/telephony/ITelephony.java" startline="1316" endline="1328" pcid="82"></source>
<source file="systems/BreakBottleNeckMasnu/com/android/internal/telephony/ITelephony.java" startline="1330" endline="1342" pcid="83"></source>
<source file="systems/BreakBottleNeckMasnu/com/android/internal/telephony/ITelephony.java" startline="1344" endline="1356" pcid="84"></source>
<source file="systems/BreakBottleNeckMasnu/com/android/internal/telephony/ITelephony.java" startline="1358" endline="1370" pcid="85"></source>
<source file="systems/BreakBottleNeckMasnu/com/android/internal/telephony/ITelephony.java" startline="1372" endline="1384" pcid="86"></source>
<source file="systems/BreakBottleNeckMasnu/com/android/internal/telephony/ITelephony.java" startline="827" endline="839" pcid="52"></source>
<source file="systems/BreakBottleNeckMasnu/com/android/internal/telephony/ISms.java" startline="324" endline="336" pcid="17"></source>
<source file="systems/BreakBottleNeckMasnu/com/android/internal/telephony/ITelephony.java" startline="1420" endline="1432" pcid="89"></source>
<source file="systems/BreakBottleNeckMasnu/com/android/internal/telephony/ITelephony.java" startline="1434" endline="1446" pcid="90"></source>
<source file="systems/BreakBottleNeckMasnu/Climb Jump/ITrustedWebActivityService.java" startline="341" endline="354" pcid="138"></source>
<source file="systems/BreakBottleNeckMasnu/com/android/internal/telephony/ITelephony.java" startline="1452" endline="1464" pcid="92"></source>
<source file="systems/BreakBottleNeckMasnu/com/android/internal/telephony/ITelephony.java" startline="1466" endline="1478" pcid="93"></source>
<source file="systems/BreakBottleNeckMasnu/com/android/internal/telephony/ITelephony.java" startline="1480" endline="1492" pcid="94"></source>
<source file="systems/BreakBottleNeckMasnu/com/android/internal/telephony/ITelephony.java" startline="813" endline="825" pcid="51"></source>
<source file="systems/BreakBottleNeckMasnu/com/android/internal/telephony/ITelephony.java" startline="503" endline="515" pcid="29"></source>
<source file="systems/BreakBottleNeckMasnu/com/android/internal/telephony/ITelephony.java" startline="795" endline="807" pcid="49"></source>
<source file="systems/BreakBottleNeckMasnu/com/android/internal/telephony/ITelephony.java" startline="781" endline="793" pcid="48"></source>
<source file="systems/BreakBottleNeckMasnu/com/android/internal/telephony/ITelephony.java" startline="733" endline="745" pcid="45"></source>
<source file="systems/BreakBottleNeckMasnu/com/android/internal/telephony/ITelephony.java" startline="719" endline="731" pcid="44"></source>
<source file="systems/BreakBottleNeckMasnu/com/android/internal/telephony/ITelephony.java" startline="705" endline="717" pcid="43"></source>
<source file="systems/BreakBottleNeckMasnu/com/android/internal/telephony/ITelephony.java" startline="691" endline="703" pcid="42"></source>
<source file="systems/BreakBottleNeckMasnu/com/android/internal/telephony/ITelephony.java" startline="677" endline="689" pcid="41"></source>
<source file="systems/BreakBottleNeckMasnu/com/android/internal/telephony/ITelephony.java" startline="645" endline="657" pcid="39"></source>
<source file="systems/BreakBottleNeckMasnu/com/android/internal/telephony/ITelephony.java" startline="1711" endline="1723" pcid="106"></source>
<source file="systems/BreakBottleNeckMasnu/com/android/internal/telephony/ITelephony.java" startline="598" endline="610" pcid="36"></source>
<source file="systems/BreakBottleNeckMasnu/com/android/internal/telephony/ITelephony.java" startline="1744" endline="1756" pcid="108"></source>
</class>

<class classid="3" nclones="4" nlines="31" similarity="92">
<source file="systems/BreakBottleNeckMasnu/com/android/internal/telephony/ISms.java" startline="191" endline="219" pcid="10"></source>
<source file="systems/BreakBottleNeckMasnu/com/android/internal/telephony/ISms.java" startline="240" endline="267" pcid="12"></source>
<source file="systems/BreakBottleNeckMasnu/com/android/internal/telephony/ISms.java" startline="391" endline="418" pcid="21"></source>
<source file="systems/BreakBottleNeckMasnu/com/android/internal/telephony/ISms.java" startline="342" endline="370" pcid="19"></source>
</class>

<class classid="4" nclones="4" nlines="27" similarity="100">
<source file="systems/BreakBottleNeckMasnu/com/android/internal/telephony/ITelephony.java" startline="1000" endline="1025" pcid="62"></source>
<source file="systems/BreakBottleNeckMasnu/com/android/internal/telephony/ITelephony.java" startline="1045" endline="1070" pcid="64"></source>
<source file="systems/BreakBottleNeckMasnu/com/android/internal/telephony/ITelephony.java" startline="1684" endline="1709" pcid="105"></source>
<source file="systems/BreakBottleNeckMasnu/com/android/internal/telephony/ITelephony.java" startline="1639" endline="1664" pcid="103"></source>
</class>

<class classid="5" nclones="2" nlines="10" similarity="100">
<source file="systems/BreakBottleNeckMasnu/Climb Jump/ITrustedWebActivityService.java" startline="89" endline="98" pcid="127"></source>
<source file="systems/BreakBottleNeckMasnu/Climb Jump/ITrustedWebActivityCallback.java" startline="41" endline="50" pcid="155"></source>
</class>

<class classid="6" nclones="6" nlines="29" similarity="72">
<source file="systems/BreakBottleNeckMasnu/Climb Jump/ITrustedWebActivityService.java" startline="208" endline="234" pcid="131"></source>
<source file="systems/BreakBottleNeckMasnu/Climb Jump/ITrustedWebActivityService.java" startline="356" endline="382" pcid="139"></source>
<source file="systems/BreakBottleNeckMasnu/Climb Jump/ITrustedWebActivityService.java" startline="543" endline="569" pcid="149"></source>
<source file="systems/BreakBottleNeckMasnu/Climb Jump/ITrustedWebActivityService.java" startline="395" endline="421" pcid="141"></source>
<source file="systems/BreakBottleNeckMasnu/Climb Jump/ITrustedWebActivityService.java" startline="263" endline="289" pcid="134"></source>
<source file="systems/BreakBottleNeckMasnu/Climb Jump/ITrustedWebActivityService.java" startline="450" endline="476" pcid="144"></source>
</class>

<class classid="7" nclones="4" nlines="23" similarity="84">
<source file="systems/BreakBottleNeckMasnu/Climb Jump/ITrustedWebActivityService.java" startline="240" endline="261" pcid="133"></source>
<source file="systems/BreakBottleNeckMasnu/Climb Jump/ITrustedWebActivityCallback.java" startline="135" endline="157" pcid="165"></source>
<source file="systems/BreakBottleNeckMasnu/Climb Jump/ITrustedWebActivityCallback.java" startline="92" endline="114" pcid="161"></source>
<source file="systems/BreakBottleNeckMasnu/Climb Jump/ITrustedWebActivityService.java" startline="427" endline="448" pcid="143"></source>
</class>

<class classid="8" nclones="4" nlines="23" similarity="100">
<source file="systems/BreakBottleNeckMasnu/Climb Jump/ITrustedWebActivityService.java" startline="291" endline="312" pcid="135"></source>
<source file="systems/BreakBottleNeckMasnu/Climb Jump/ITrustedWebActivityService.java" startline="505" endline="526" pcid="147"></source>
<source file="systems/BreakBottleNeckMasnu/Climb Jump/ITrustedWebActivityService.java" startline="318" endline="339" pcid="137"></source>
<source file="systems/BreakBottleNeckMasnu/Climb Jump/ITrustedWebActivityService.java" startline="478" endline="499" pcid="145"></source>
</class>

</clones>
