<clones>
<systeminfo processor="nicad6" system="malbus" granularity="functions-blind" threshold="30%" minlines="10" maxlines="2500"/>
<cloneinfo npcs="2236" npairs="184"/>
<runinfo ncompares="40176" cputime="188490"/>

<clone nlines="90" similarity="98">
<source file="systems/malbus/Postermaker/ITrustedWebActivityService.java" startline="103" endline="196" pcid="2150"></source>
<source file="systems/malbus/Newsmax/ITrustedWebActivityService.java" startline="104" endline="197" pcid="2200"></source>
</clone>

<clone nlines="74" similarity="100">
<source file="systems/malbus/malbusssss/com/facebook/ads/internal/view/d/c/b.java" startline="184" endline="250" pcid="1069"></source>
<source file="systems/malbus/malbusssss/com/facebook/ads/internal/view/d/c/a.java" startline="228" endline="294" pcid="1023"></source>
</clone>

<clone nlines="40" similarity="73">
<source file="systems/malbus/malbusssss/com/gc/materialdesign/views/Button.java" startline="122" endline="164" pcid="1979"></source>
<source file="systems/malbus/malbusssss/com/gc/materialdesign/views/LayoutRipple.java" startline="119" endline="152" pcid="1936"></source>
</clone>

<clone nlines="27" similarity="73">
<source file="systems/malbus/malbusssss/com/facebook/ads/internal/i/b/f.java" startline="112" endline="140" pcid="1246"></source>
<source file="systems/malbus/malbusssss/com/facebook/ads/internal/i/b/f.java" startline="290" endline="315" pcid="1260"></source>
</clone>

<clone nlines="29" similarity="95">
<source file="systems/malbus/Postermaker/ITrustedWebActivityService.java" startline="394" endline="420" pcid="2162"></source>
<source file="systems/malbus/Newsmax/ITrustedWebActivityService.java" startline="543" endline="569" pcid="2220"></source>
</clone>

<clone nlines="29" similarity="72">
<source file="systems/malbus/Postermaker/ITrustedWebActivityService.java" startline="449" endline="475" pcid="2165"></source>
<source file="systems/malbus/Newsmax/ITrustedWebActivityService.java" startline="543" endline="569" pcid="2220"></source>
</clone>

<clone nlines="29" similarity="95">
<source file="systems/malbus/Postermaker/ITrustedWebActivityService.java" startline="207" endline="233" pcid="2152"></source>
<source file="systems/malbus/Newsmax/ITrustedWebActivityService.java" startline="543" endline="569" pcid="2220"></source>
</clone>

<clone nlines="29" similarity="95">
<source file="systems/malbus/Postermaker/ITrustedWebActivityService.java" startline="542" endline="568" pcid="2170"></source>
<source file="systems/malbus/Newsmax/ITrustedWebActivityService.java" startline="543" endline="569" pcid="2220"></source>
</clone>

<clone nlines="29" similarity="95">
<source file="systems/malbus/Postermaker/ITrustedWebActivityService.java" startline="355" endline="381" pcid="2160"></source>
<source file="systems/malbus/Newsmax/ITrustedWebActivityService.java" startline="543" endline="569" pcid="2220"></source>
</clone>

<clone nlines="29" similarity="100">
<source file="systems/malbus/Newsmax/ITrustedWebActivityService.java" startline="395" endline="421" pcid="2212"></source>
<source file="systems/malbus/Newsmax/ITrustedWebActivityService.java" startline="543" endline="569" pcid="2220"></source>
</clone>

<clone nlines="29" similarity="100">
<source file="systems/malbus/Newsmax/ITrustedWebActivityService.java" startline="208" endline="234" pcid="2202"></source>
<source file="systems/malbus/Newsmax/ITrustedWebActivityService.java" startline="543" endline="569" pcid="2220"></source>
</clone>

<clone nlines="29" similarity="72">
<source file="systems/malbus/Newsmax/ITrustedWebActivityService.java" startline="450" endline="476" pcid="2215"></source>
<source file="systems/malbus/Newsmax/ITrustedWebActivityService.java" startline="543" endline="569" pcid="2220"></source>
</clone>

<clone nlines="29" similarity="72">
<source file="systems/malbus/Newsmax/ITrustedWebActivityService.java" startline="263" endline="289" pcid="2205"></source>
<source file="systems/malbus/Newsmax/ITrustedWebActivityService.java" startline="543" endline="569" pcid="2220"></source>
</clone>

<clone nlines="29" similarity="72">
<source file="systems/malbus/Postermaker/ITrustedWebActivityService.java" startline="262" endline="288" pcid="2155"></source>
<source file="systems/malbus/Newsmax/ITrustedWebActivityService.java" startline="543" endline="569" pcid="2220"></source>
</clone>

<clone nlines="29" similarity="100">
<source file="systems/malbus/Newsmax/ITrustedWebActivityService.java" startline="356" endline="382" pcid="2210"></source>
<source file="systems/malbus/Newsmax/ITrustedWebActivityService.java" startline="543" endline="569" pcid="2220"></source>
</clone>

<clone nlines="29" similarity="72">
<source file="systems/malbus/Postermaker/ITrustedWebActivityService.java" startline="394" endline="420" pcid="2162"></source>
<source file="systems/malbus/Postermaker/ITrustedWebActivityService.java" startline="449" endline="475" pcid="2165"></source>
</clone>

<clone nlines="29" similarity="100">
<source file="systems/malbus/Postermaker/ITrustedWebActivityService.java" startline="207" endline="233" pcid="2152"></source>
<source file="systems/malbus/Postermaker/ITrustedWebActivityService.java" startline="394" endline="420" pcid="2162"></source>
</clone>

<clone nlines="29" similarity="100">
<source file="systems/malbus/Postermaker/ITrustedWebActivityService.java" startline="394" endline="420" pcid="2162"></source>
<source file="systems/malbus/Postermaker/ITrustedWebActivityService.java" startline="542" endline="568" pcid="2170"></source>
</clone>

<clone nlines="29" similarity="100">
<source file="systems/malbus/Postermaker/ITrustedWebActivityService.java" startline="355" endline="381" pcid="2160"></source>
<source file="systems/malbus/Postermaker/ITrustedWebActivityService.java" startline="394" endline="420" pcid="2162"></source>
</clone>

<clone nlines="29" similarity="95">
<source file="systems/malbus/Postermaker/ITrustedWebActivityService.java" startline="394" endline="420" pcid="2162"></source>
<source file="systems/malbus/Newsmax/ITrustedWebActivityService.java" startline="395" endline="421" pcid="2212"></source>
</clone>

<clone nlines="29" similarity="95">
<source file="systems/malbus/Postermaker/ITrustedWebActivityService.java" startline="394" endline="420" pcid="2162"></source>
<source file="systems/malbus/Newsmax/ITrustedWebActivityService.java" startline="208" endline="234" pcid="2202"></source>
</clone>

<clone nlines="29" similarity="72">
<source file="systems/malbus/Postermaker/ITrustedWebActivityService.java" startline="394" endline="420" pcid="2162"></source>
<source file="systems/malbus/Newsmax/ITrustedWebActivityService.java" startline="450" endline="476" pcid="2215"></source>
</clone>

<clone nlines="29" similarity="72">
<source file="systems/malbus/Postermaker/ITrustedWebActivityService.java" startline="394" endline="420" pcid="2162"></source>
<source file="systems/malbus/Newsmax/ITrustedWebActivityService.java" startline="263" endline="289" pcid="2205"></source>
</clone>

<clone nlines="29" similarity="72">
<source file="systems/malbus/Postermaker/ITrustedWebActivityService.java" startline="262" endline="288" pcid="2155"></source>
<source file="systems/malbus/Postermaker/ITrustedWebActivityService.java" startline="394" endline="420" pcid="2162"></source>
</clone>

<clone nlines="29" similarity="95">
<source file="systems/malbus/Postermaker/ITrustedWebActivityService.java" startline="394" endline="420" pcid="2162"></source>
<source file="systems/malbus/Newsmax/ITrustedWebActivityService.java" startline="356" endline="382" pcid="2210"></source>
</clone>

<clone nlines="29" similarity="72">
<source file="systems/malbus/Postermaker/ITrustedWebActivityService.java" startline="207" endline="233" pcid="2152"></source>
<source file="systems/malbus/Postermaker/ITrustedWebActivityService.java" startline="449" endline="475" pcid="2165"></source>
</clone>

<clone nlines="29" similarity="72">
<source file="systems/malbus/Postermaker/ITrustedWebActivityService.java" startline="449" endline="475" pcid="2165"></source>
<source file="systems/malbus/Postermaker/ITrustedWebActivityService.java" startline="542" endline="568" pcid="2170"></source>
</clone>

<clone nlines="29" similarity="72">
<source file="systems/malbus/Postermaker/ITrustedWebActivityService.java" startline="355" endline="381" pcid="2160"></source>
<source file="systems/malbus/Postermaker/ITrustedWebActivityService.java" startline="449" endline="475" pcid="2165"></source>
</clone>

<clone nlines="29" similarity="72">
<source file="systems/malbus/Postermaker/ITrustedWebActivityService.java" startline="449" endline="475" pcid="2165"></source>
<source file="systems/malbus/Newsmax/ITrustedWebActivityService.java" startline="395" endline="421" pcid="2212"></source>
</clone>

<clone nlines="29" similarity="72">
<source file="systems/malbus/Postermaker/ITrustedWebActivityService.java" startline="449" endline="475" pcid="2165"></source>
<source file="systems/malbus/Newsmax/ITrustedWebActivityService.java" startline="208" endline="234" pcid="2202"></source>
</clone>

<clone nlines="28" similarity="95">
<source file="systems/malbus/Postermaker/ITrustedWebActivityService.java" startline="449" endline="475" pcid="2165"></source>
<source file="systems/malbus/Newsmax/ITrustedWebActivityService.java" startline="450" endline="476" pcid="2215"></source>
</clone>

<clone nlines="28" similarity="95">
<source file="systems/malbus/Postermaker/ITrustedWebActivityService.java" startline="449" endline="475" pcid="2165"></source>
<source file="systems/malbus/Newsmax/ITrustedWebActivityService.java" startline="263" endline="289" pcid="2205"></source>
</clone>

<clone nlines="28" similarity="100">
<source file="systems/malbus/Postermaker/ITrustedWebActivityService.java" startline="262" endline="288" pcid="2155"></source>
<source file="systems/malbus/Postermaker/ITrustedWebActivityService.java" startline="449" endline="475" pcid="2165"></source>
</clone>

<clone nlines="29" similarity="72">
<source file="systems/malbus/Postermaker/ITrustedWebActivityService.java" startline="449" endline="475" pcid="2165"></source>
<source file="systems/malbus/Newsmax/ITrustedWebActivityService.java" startline="356" endline="382" pcid="2210"></source>
</clone>

<clone nlines="29" similarity="100">
<source file="systems/malbus/Postermaker/ITrustedWebActivityService.java" startline="207" endline="233" pcid="2152"></source>
<source file="systems/malbus/Postermaker/ITrustedWebActivityService.java" startline="542" endline="568" pcid="2170"></source>
</clone>

<clone nlines="29" similarity="100">
<source file="systems/malbus/Postermaker/ITrustedWebActivityService.java" startline="207" endline="233" pcid="2152"></source>
<source file="systems/malbus/Postermaker/ITrustedWebActivityService.java" startline="355" endline="381" pcid="2160"></source>
</clone>

<clone nlines="29" similarity="95">
<source file="systems/malbus/Postermaker/ITrustedWebActivityService.java" startline="207" endline="233" pcid="2152"></source>
<source file="systems/malbus/Newsmax/ITrustedWebActivityService.java" startline="395" endline="421" pcid="2212"></source>
</clone>

<clone nlines="29" similarity="95">
<source file="systems/malbus/Postermaker/ITrustedWebActivityService.java" startline="207" endline="233" pcid="2152"></source>
<source file="systems/malbus/Newsmax/ITrustedWebActivityService.java" startline="208" endline="234" pcid="2202"></source>
</clone>

<clone nlines="29" similarity="72">
<source file="systems/malbus/Postermaker/ITrustedWebActivityService.java" startline="207" endline="233" pcid="2152"></source>
<source file="systems/malbus/Newsmax/ITrustedWebActivityService.java" startline="450" endline="476" pcid="2215"></source>
</clone>

<clone nlines="29" similarity="72">
<source file="systems/malbus/Postermaker/ITrustedWebActivityService.java" startline="207" endline="233" pcid="2152"></source>
<source file="systems/malbus/Newsmax/ITrustedWebActivityService.java" startline="263" endline="289" pcid="2205"></source>
</clone>

<clone nlines="29" similarity="72">
<source file="systems/malbus/Postermaker/ITrustedWebActivityService.java" startline="207" endline="233" pcid="2152"></source>
<source file="systems/malbus/Postermaker/ITrustedWebActivityService.java" startline="262" endline="288" pcid="2155"></source>
</clone>

<clone nlines="29" similarity="95">
<source file="systems/malbus/Postermaker/ITrustedWebActivityService.java" startline="207" endline="233" pcid="2152"></source>
<source file="systems/malbus/Newsmax/ITrustedWebActivityService.java" startline="356" endline="382" pcid="2210"></source>
</clone>

<clone nlines="29" similarity="100">
<source file="systems/malbus/Postermaker/ITrustedWebActivityService.java" startline="355" endline="381" pcid="2160"></source>
<source file="systems/malbus/Postermaker/ITrustedWebActivityService.java" startline="542" endline="568" pcid="2170"></source>
</clone>

<clone nlines="29" similarity="95">
<source file="systems/malbus/Postermaker/ITrustedWebActivityService.java" startline="542" endline="568" pcid="2170"></source>
<source file="systems/malbus/Newsmax/ITrustedWebActivityService.java" startline="395" endline="421" pcid="2212"></source>
</clone>

<clone nlines="29" similarity="95">
<source file="systems/malbus/Postermaker/ITrustedWebActivityService.java" startline="542" endline="568" pcid="2170"></source>
<source file="systems/malbus/Newsmax/ITrustedWebActivityService.java" startline="208" endline="234" pcid="2202"></source>
</clone>

<clone nlines="29" similarity="72">
<source file="systems/malbus/Postermaker/ITrustedWebActivityService.java" startline="542" endline="568" pcid="2170"></source>
<source file="systems/malbus/Newsmax/ITrustedWebActivityService.java" startline="450" endline="476" pcid="2215"></source>
</clone>

<clone nlines="29" similarity="72">
<source file="systems/malbus/Postermaker/ITrustedWebActivityService.java" startline="542" endline="568" pcid="2170"></source>
<source file="systems/malbus/Newsmax/ITrustedWebActivityService.java" startline="263" endline="289" pcid="2205"></source>
</clone>

<clone nlines="29" similarity="72">
<source file="systems/malbus/Postermaker/ITrustedWebActivityService.java" startline="262" endline="288" pcid="2155"></source>
<source file="systems/malbus/Postermaker/ITrustedWebActivityService.java" startline="542" endline="568" pcid="2170"></source>
</clone>

<clone nlines="29" similarity="95">
<source file="systems/malbus/Postermaker/ITrustedWebActivityService.java" startline="542" endline="568" pcid="2170"></source>
<source file="systems/malbus/Newsmax/ITrustedWebActivityService.java" startline="356" endline="382" pcid="2210"></source>
</clone>

<clone nlines="29" similarity="95">
<source file="systems/malbus/Postermaker/ITrustedWebActivityService.java" startline="355" endline="381" pcid="2160"></source>
<source file="systems/malbus/Newsmax/ITrustedWebActivityService.java" startline="395" endline="421" pcid="2212"></source>
</clone>

<clone nlines="29" similarity="95">
<source file="systems/malbus/Postermaker/ITrustedWebActivityService.java" startline="355" endline="381" pcid="2160"></source>
<source file="systems/malbus/Newsmax/ITrustedWebActivityService.java" startline="208" endline="234" pcid="2202"></source>
</clone>

<clone nlines="29" similarity="72">
<source file="systems/malbus/Postermaker/ITrustedWebActivityService.java" startline="355" endline="381" pcid="2160"></source>
<source file="systems/malbus/Newsmax/ITrustedWebActivityService.java" startline="450" endline="476" pcid="2215"></source>
</clone>

<clone nlines="29" similarity="72">
<source file="systems/malbus/Postermaker/ITrustedWebActivityService.java" startline="355" endline="381" pcid="2160"></source>
<source file="systems/malbus/Newsmax/ITrustedWebActivityService.java" startline="263" endline="289" pcid="2205"></source>
</clone>

<clone nlines="29" similarity="72">
<source file="systems/malbus/Postermaker/ITrustedWebActivityService.java" startline="262" endline="288" pcid="2155"></source>
<source file="systems/malbus/Postermaker/ITrustedWebActivityService.java" startline="355" endline="381" pcid="2160"></source>
</clone>

<clone nlines="29" similarity="95">
<source file="systems/malbus/Postermaker/ITrustedWebActivityService.java" startline="355" endline="381" pcid="2160"></source>
<source file="systems/malbus/Newsmax/ITrustedWebActivityService.java" startline="356" endline="382" pcid="2210"></source>
</clone>

<clone nlines="29" similarity="100">
<source file="systems/malbus/Newsmax/ITrustedWebActivityService.java" startline="208" endline="234" pcid="2202"></source>
<source file="systems/malbus/Newsmax/ITrustedWebActivityService.java" startline="395" endline="421" pcid="2212"></source>
</clone>

<clone nlines="29" similarity="72">
<source file="systems/malbus/Newsmax/ITrustedWebActivityService.java" startline="395" endline="421" pcid="2212"></source>
<source file="systems/malbus/Newsmax/ITrustedWebActivityService.java" startline="450" endline="476" pcid="2215"></source>
</clone>

<clone nlines="29" similarity="72">
<source file="systems/malbus/Newsmax/ITrustedWebActivityService.java" startline="263" endline="289" pcid="2205"></source>
<source file="systems/malbus/Newsmax/ITrustedWebActivityService.java" startline="395" endline="421" pcid="2212"></source>
</clone>

<clone nlines="29" similarity="72">
<source file="systems/malbus/Postermaker/ITrustedWebActivityService.java" startline="262" endline="288" pcid="2155"></source>
<source file="systems/malbus/Newsmax/ITrustedWebActivityService.java" startline="395" endline="421" pcid="2212"></source>
</clone>

<clone nlines="29" similarity="100">
<source file="systems/malbus/Newsmax/ITrustedWebActivityService.java" startline="356" endline="382" pcid="2210"></source>
<source file="systems/malbus/Newsmax/ITrustedWebActivityService.java" startline="395" endline="421" pcid="2212"></source>
</clone>

<clone nlines="29" similarity="72">
<source file="systems/malbus/Newsmax/ITrustedWebActivityService.java" startline="208" endline="234" pcid="2202"></source>
<source file="systems/malbus/Newsmax/ITrustedWebActivityService.java" startline="450" endline="476" pcid="2215"></source>
</clone>

<clone nlines="29" similarity="72">
<source file="systems/malbus/Newsmax/ITrustedWebActivityService.java" startline="208" endline="234" pcid="2202"></source>
<source file="systems/malbus/Newsmax/ITrustedWebActivityService.java" startline="263" endline="289" pcid="2205"></source>
</clone>

<clone nlines="29" similarity="72">
<source file="systems/malbus/Postermaker/ITrustedWebActivityService.java" startline="262" endline="288" pcid="2155"></source>
<source file="systems/malbus/Newsmax/ITrustedWebActivityService.java" startline="208" endline="234" pcid="2202"></source>
</clone>

<clone nlines="29" similarity="100">
<source file="systems/malbus/Newsmax/ITrustedWebActivityService.java" startline="208" endline="234" pcid="2202"></source>
<source file="systems/malbus/Newsmax/ITrustedWebActivityService.java" startline="356" endline="382" pcid="2210"></source>
</clone>

<clone nlines="28" similarity="100">
<source file="systems/malbus/Newsmax/ITrustedWebActivityService.java" startline="263" endline="289" pcid="2205"></source>
<source file="systems/malbus/Newsmax/ITrustedWebActivityService.java" startline="450" endline="476" pcid="2215"></source>
</clone>

<clone nlines="28" similarity="95">
<source file="systems/malbus/Postermaker/ITrustedWebActivityService.java" startline="262" endline="288" pcid="2155"></source>
<source file="systems/malbus/Newsmax/ITrustedWebActivityService.java" startline="450" endline="476" pcid="2215"></source>
</clone>

<clone nlines="29" similarity="72">
<source file="systems/malbus/Newsmax/ITrustedWebActivityService.java" startline="356" endline="382" pcid="2210"></source>
<source file="systems/malbus/Newsmax/ITrustedWebActivityService.java" startline="450" endline="476" pcid="2215"></source>
</clone>

<clone nlines="28" similarity="95">
<source file="systems/malbus/Postermaker/ITrustedWebActivityService.java" startline="262" endline="288" pcid="2155"></source>
<source file="systems/malbus/Newsmax/ITrustedWebActivityService.java" startline="263" endline="289" pcid="2205"></source>
</clone>

<clone nlines="29" similarity="72">
<source file="systems/malbus/Newsmax/ITrustedWebActivityService.java" startline="263" endline="289" pcid="2205"></source>
<source file="systems/malbus/Newsmax/ITrustedWebActivityService.java" startline="356" endline="382" pcid="2210"></source>
</clone>

<clone nlines="29" similarity="72">
<source file="systems/malbus/Postermaker/ITrustedWebActivityService.java" startline="262" endline="288" pcid="2155"></source>
<source file="systems/malbus/Newsmax/ITrustedWebActivityService.java" startline="356" endline="382" pcid="2210"></source>
</clone>

<clone nlines="25" similarity="71">
<source file="systems/malbus/malbusssss/com/gc/materialdesign/views/Slider.java" startline="200" endline="223" pcid="2000"></source>
<source file="systems/malbus/malbusssss/com/gc/materialdesign/views/CheckBox.java" startline="130" endline="154" pcid="1961"></source>
</clone>

<clone nlines="23" similarity="71">
<source file="systems/malbus/malbusssss/com/gc/materialdesign/views/CheckBox.java" startline="130" endline="154" pcid="1961"></source>
<source file="systems/malbus/malbusssss/com/gc/materialdesign/views/Switch.java" startline="167" endline="186" pcid="2037"></source>
</clone>

<clone nlines="22" similarity="90">
<source file="systems/malbus/malbusssss/com/facebook/ads/internal/e/c.java" startline="37" endline="57" pcid="1412"></source>
<source file="systems/malbus/malbusssss/com/facebook/ads/internal/e/d.java" startline="40" endline="61" pcid="1418"></source>
</clone>

<clone nlines="22" similarity="80">
<source file="systems/malbus/malbusssss/com/gc/materialdesign/views/Slider.java" startline="200" endline="223" pcid="2000"></source>
<source file="systems/malbus/malbusssss/com/gc/materialdesign/views/Switch.java" startline="167" endline="186" pcid="2037"></source>
</clone>

<clone nlines="24" similarity="100">
<source file="systems/malbus/Newsmax/ITrustedWebActivityCallback.java" startline="92" endline="114" pcid="2232"></source>
<source file="systems/malbus/Newsmax/ITrustedWebActivityCallback.java" startline="135" endline="157" pcid="2236"></source>
</clone>

<clone nlines="24" similarity="94">
<source file="systems/malbus/Postermaker/ITrustedWebActivityCallback.java" startline="134" endline="156" pcid="2186"></source>
<source file="systems/malbus/Newsmax/ITrustedWebActivityCallback.java" startline="135" endline="157" pcid="2236"></source>
</clone>

<clone nlines="24" similarity="94">
<source file="systems/malbus/Postermaker/ITrustedWebActivityCallback.java" startline="91" endline="113" pcid="2182"></source>
<source file="systems/malbus/Newsmax/ITrustedWebActivityCallback.java" startline="135" endline="157" pcid="2236"></source>
</clone>

<clone nlines="24" similarity="84">
<source file="systems/malbus/Postermaker/ITrustedWebActivityService.java" startline="239" endline="260" pcid="2154"></source>
<source file="systems/malbus/Newsmax/ITrustedWebActivityCallback.java" startline="135" endline="157" pcid="2236"></source>
</clone>

<clone nlines="24" similarity="84">
<source file="systems/malbus/Postermaker/ITrustedWebActivityService.java" startline="426" endline="447" pcid="2164"></source>
<source file="systems/malbus/Newsmax/ITrustedWebActivityCallback.java" startline="135" endline="157" pcid="2236"></source>
</clone>

<clone nlines="24" similarity="84">
<source file="systems/malbus/Newsmax/ITrustedWebActivityService.java" startline="240" endline="261" pcid="2204"></source>
<source file="systems/malbus/Newsmax/ITrustedWebActivityCallback.java" startline="135" endline="157" pcid="2236"></source>
</clone>

<clone nlines="24" similarity="84">
<source file="systems/malbus/Newsmax/ITrustedWebActivityService.java" startline="427" endline="448" pcid="2214"></source>
<source file="systems/malbus/Newsmax/ITrustedWebActivityCallback.java" startline="135" endline="157" pcid="2236"></source>
</clone>

<clone nlines="24" similarity="94">
<source file="systems/malbus/Postermaker/ITrustedWebActivityCallback.java" startline="134" endline="156" pcid="2186"></source>
<source file="systems/malbus/Newsmax/ITrustedWebActivityCallback.java" startline="92" endline="114" pcid="2232"></source>
</clone>

<clone nlines="24" similarity="94">
<source file="systems/malbus/Postermaker/ITrustedWebActivityCallback.java" startline="91" endline="113" pcid="2182"></source>
<source file="systems/malbus/Newsmax/ITrustedWebActivityCallback.java" startline="92" endline="114" pcid="2232"></source>
</clone>

<clone nlines="24" similarity="84">
<source file="systems/malbus/Postermaker/ITrustedWebActivityService.java" startline="239" endline="260" pcid="2154"></source>
<source file="systems/malbus/Newsmax/ITrustedWebActivityCallback.java" startline="92" endline="114" pcid="2232"></source>
</clone>

<clone nlines="24" similarity="84">
<source file="systems/malbus/Postermaker/ITrustedWebActivityService.java" startline="426" endline="447" pcid="2164"></source>
<source file="systems/malbus/Newsmax/ITrustedWebActivityCallback.java" startline="92" endline="114" pcid="2232"></source>
</clone>

<clone nlines="24" similarity="84">
<source file="systems/malbus/Newsmax/ITrustedWebActivityService.java" startline="240" endline="261" pcid="2204"></source>
<source file="systems/malbus/Newsmax/ITrustedWebActivityCallback.java" startline="92" endline="114" pcid="2232"></source>
</clone>

<clone nlines="24" similarity="84">
<source file="systems/malbus/Newsmax/ITrustedWebActivityService.java" startline="427" endline="448" pcid="2214"></source>
<source file="systems/malbus/Newsmax/ITrustedWebActivityCallback.java" startline="92" endline="114" pcid="2232"></source>
</clone>

<clone nlines="24" similarity="100">
<source file="systems/malbus/Postermaker/ITrustedWebActivityCallback.java" startline="91" endline="113" pcid="2182"></source>
<source file="systems/malbus/Postermaker/ITrustedWebActivityCallback.java" startline="134" endline="156" pcid="2186"></source>
</clone>

<clone nlines="24" similarity="84">
<source file="systems/malbus/Postermaker/ITrustedWebActivityCallback.java" startline="134" endline="156" pcid="2186"></source>
<source file="systems/malbus/Postermaker/ITrustedWebActivityService.java" startline="239" endline="260" pcid="2154"></source>
</clone>

<clone nlines="24" similarity="84">
<source file="systems/malbus/Postermaker/ITrustedWebActivityCallback.java" startline="134" endline="156" pcid="2186"></source>
<source file="systems/malbus/Postermaker/ITrustedWebActivityService.java" startline="426" endline="447" pcid="2164"></source>
</clone>

<clone nlines="24" similarity="84">
<source file="systems/malbus/Postermaker/ITrustedWebActivityCallback.java" startline="134" endline="156" pcid="2186"></source>
<source file="systems/malbus/Newsmax/ITrustedWebActivityService.java" startline="240" endline="261" pcid="2204"></source>
</clone>

<clone nlines="24" similarity="84">
<source file="systems/malbus/Postermaker/ITrustedWebActivityCallback.java" startline="134" endline="156" pcid="2186"></source>
<source file="systems/malbus/Newsmax/ITrustedWebActivityService.java" startline="427" endline="448" pcid="2214"></source>
</clone>

<clone nlines="24" similarity="84">
<source file="systems/malbus/Postermaker/ITrustedWebActivityCallback.java" startline="91" endline="113" pcid="2182"></source>
<source file="systems/malbus/Postermaker/ITrustedWebActivityService.java" startline="239" endline="260" pcid="2154"></source>
</clone>

<clone nlines="24" similarity="84">
<source file="systems/malbus/Postermaker/ITrustedWebActivityCallback.java" startline="91" endline="113" pcid="2182"></source>
<source file="systems/malbus/Postermaker/ITrustedWebActivityService.java" startline="426" endline="447" pcid="2164"></source>
</clone>

<clone nlines="24" similarity="84">
<source file="systems/malbus/Postermaker/ITrustedWebActivityCallback.java" startline="91" endline="113" pcid="2182"></source>
<source file="systems/malbus/Newsmax/ITrustedWebActivityService.java" startline="240" endline="261" pcid="2204"></source>
</clone>

<clone nlines="24" similarity="84">
<source file="systems/malbus/Postermaker/ITrustedWebActivityCallback.java" startline="91" endline="113" pcid="2182"></source>
<source file="systems/malbus/Newsmax/ITrustedWebActivityService.java" startline="427" endline="448" pcid="2214"></source>
</clone>

<clone nlines="23" similarity="100">
<source file="systems/malbus/Postermaker/ITrustedWebActivityService.java" startline="290" endline="311" pcid="2156"></source>
<source file="systems/malbus/Postermaker/ITrustedWebActivityService.java" startline="317" endline="338" pcid="2158"></source>
</clone>

<clone nlines="23" similarity="100">
<source file="systems/malbus/Postermaker/ITrustedWebActivityService.java" startline="290" endline="311" pcid="2156"></source>
<source file="systems/malbus/Postermaker/ITrustedWebActivityService.java" startline="477" endline="498" pcid="2166"></source>
</clone>

<clone nlines="23" similarity="100">
<source file="systems/malbus/Postermaker/ITrustedWebActivityService.java" startline="290" endline="311" pcid="2156"></source>
<source file="systems/malbus/Postermaker/ITrustedWebActivityService.java" startline="504" endline="525" pcid="2168"></source>
</clone>

<clone nlines="23" similarity="94">
<source file="systems/malbus/Postermaker/ITrustedWebActivityService.java" startline="290" endline="311" pcid="2156"></source>
<source file="systems/malbus/Newsmax/ITrustedWebActivityService.java" startline="291" endline="312" pcid="2206"></source>
</clone>

<clone nlines="23" similarity="94">
<source file="systems/malbus/Postermaker/ITrustedWebActivityService.java" startline="290" endline="311" pcid="2156"></source>
<source file="systems/malbus/Newsmax/ITrustedWebActivityService.java" startline="318" endline="339" pcid="2208"></source>
</clone>

<clone nlines="23" similarity="94">
<source file="systems/malbus/Postermaker/ITrustedWebActivityService.java" startline="290" endline="311" pcid="2156"></source>
<source file="systems/malbus/Newsmax/ITrustedWebActivityService.java" startline="478" endline="499" pcid="2216"></source>
</clone>

<clone nlines="23" similarity="94">
<source file="systems/malbus/Postermaker/ITrustedWebActivityService.java" startline="290" endline="311" pcid="2156"></source>
<source file="systems/malbus/Newsmax/ITrustedWebActivityService.java" startline="505" endline="526" pcid="2218"></source>
</clone>

<clone nlines="23" similarity="100">
<source file="systems/malbus/Postermaker/ITrustedWebActivityService.java" startline="239" endline="260" pcid="2154"></source>
<source file="systems/malbus/Postermaker/ITrustedWebActivityService.java" startline="426" endline="447" pcid="2164"></source>
</clone>

<clone nlines="23" similarity="94">
<source file="systems/malbus/Postermaker/ITrustedWebActivityService.java" startline="239" endline="260" pcid="2154"></source>
<source file="systems/malbus/Newsmax/ITrustedWebActivityService.java" startline="240" endline="261" pcid="2204"></source>
</clone>

<clone nlines="23" similarity="94">
<source file="systems/malbus/Postermaker/ITrustedWebActivityService.java" startline="239" endline="260" pcid="2154"></source>
<source file="systems/malbus/Newsmax/ITrustedWebActivityService.java" startline="427" endline="448" pcid="2214"></source>
</clone>

<clone nlines="23" similarity="100">
<source file="systems/malbus/Postermaker/ITrustedWebActivityService.java" startline="317" endline="338" pcid="2158"></source>
<source file="systems/malbus/Postermaker/ITrustedWebActivityService.java" startline="477" endline="498" pcid="2166"></source>
</clone>

<clone nlines="23" similarity="100">
<source file="systems/malbus/Postermaker/ITrustedWebActivityService.java" startline="317" endline="338" pcid="2158"></source>
<source file="systems/malbus/Postermaker/ITrustedWebActivityService.java" startline="504" endline="525" pcid="2168"></source>
</clone>

<clone nlines="23" similarity="94">
<source file="systems/malbus/Postermaker/ITrustedWebActivityService.java" startline="317" endline="338" pcid="2158"></source>
<source file="systems/malbus/Newsmax/ITrustedWebActivityService.java" startline="291" endline="312" pcid="2206"></source>
</clone>

<clone nlines="23" similarity="94">
<source file="systems/malbus/Postermaker/ITrustedWebActivityService.java" startline="317" endline="338" pcid="2158"></source>
<source file="systems/malbus/Newsmax/ITrustedWebActivityService.java" startline="318" endline="339" pcid="2208"></source>
</clone>

<clone nlines="23" similarity="94">
<source file="systems/malbus/Postermaker/ITrustedWebActivityService.java" startline="317" endline="338" pcid="2158"></source>
<source file="systems/malbus/Newsmax/ITrustedWebActivityService.java" startline="478" endline="499" pcid="2216"></source>
</clone>

<clone nlines="23" similarity="94">
<source file="systems/malbus/Postermaker/ITrustedWebActivityService.java" startline="317" endline="338" pcid="2158"></source>
<source file="systems/malbus/Newsmax/ITrustedWebActivityService.java" startline="505" endline="526" pcid="2218"></source>
</clone>

<clone nlines="23" similarity="94">
<source file="systems/malbus/Postermaker/ITrustedWebActivityService.java" startline="426" endline="447" pcid="2164"></source>
<source file="systems/malbus/Newsmax/ITrustedWebActivityService.java" startline="240" endline="261" pcid="2204"></source>
</clone>

<clone nlines="23" similarity="94">
<source file="systems/malbus/Postermaker/ITrustedWebActivityService.java" startline="426" endline="447" pcid="2164"></source>
<source file="systems/malbus/Newsmax/ITrustedWebActivityService.java" startline="427" endline="448" pcid="2214"></source>
</clone>

<clone nlines="23" similarity="100">
<source file="systems/malbus/Postermaker/ITrustedWebActivityService.java" startline="477" endline="498" pcid="2166"></source>
<source file="systems/malbus/Postermaker/ITrustedWebActivityService.java" startline="504" endline="525" pcid="2168"></source>
</clone>

<clone nlines="23" similarity="94">
<source file="systems/malbus/Postermaker/ITrustedWebActivityService.java" startline="477" endline="498" pcid="2166"></source>
<source file="systems/malbus/Newsmax/ITrustedWebActivityService.java" startline="291" endline="312" pcid="2206"></source>
</clone>

<clone nlines="23" similarity="94">
<source file="systems/malbus/Postermaker/ITrustedWebActivityService.java" startline="477" endline="498" pcid="2166"></source>
<source file="systems/malbus/Newsmax/ITrustedWebActivityService.java" startline="318" endline="339" pcid="2208"></source>
</clone>

<clone nlines="23" similarity="94">
<source file="systems/malbus/Postermaker/ITrustedWebActivityService.java" startline="477" endline="498" pcid="2166"></source>
<source file="systems/malbus/Newsmax/ITrustedWebActivityService.java" startline="478" endline="499" pcid="2216"></source>
</clone>

<clone nlines="23" similarity="94">
<source file="systems/malbus/Postermaker/ITrustedWebActivityService.java" startline="477" endline="498" pcid="2166"></source>
<source file="systems/malbus/Newsmax/ITrustedWebActivityService.java" startline="505" endline="526" pcid="2218"></source>
</clone>

<clone nlines="23" similarity="94">
<source file="systems/malbus/Postermaker/ITrustedWebActivityService.java" startline="504" endline="525" pcid="2168"></source>
<source file="systems/malbus/Newsmax/ITrustedWebActivityService.java" startline="291" endline="312" pcid="2206"></source>
</clone>

<clone nlines="23" similarity="94">
<source file="systems/malbus/Postermaker/ITrustedWebActivityService.java" startline="504" endline="525" pcid="2168"></source>
<source file="systems/malbus/Newsmax/ITrustedWebActivityService.java" startline="318" endline="339" pcid="2208"></source>
</clone>

<clone nlines="23" similarity="94">
<source file="systems/malbus/Postermaker/ITrustedWebActivityService.java" startline="504" endline="525" pcid="2168"></source>
<source file="systems/malbus/Newsmax/ITrustedWebActivityService.java" startline="478" endline="499" pcid="2216"></source>
</clone>

<clone nlines="23" similarity="94">
<source file="systems/malbus/Postermaker/ITrustedWebActivityService.java" startline="504" endline="525" pcid="2168"></source>
<source file="systems/malbus/Newsmax/ITrustedWebActivityService.java" startline="505" endline="526" pcid="2218"></source>
</clone>

<clone nlines="23" similarity="100">
<source file="systems/malbus/Newsmax/ITrustedWebActivityService.java" startline="240" endline="261" pcid="2204"></source>
<source file="systems/malbus/Newsmax/ITrustedWebActivityService.java" startline="427" endline="448" pcid="2214"></source>
</clone>

<clone nlines="23" similarity="100">
<source file="systems/malbus/Newsmax/ITrustedWebActivityService.java" startline="291" endline="312" pcid="2206"></source>
<source file="systems/malbus/Newsmax/ITrustedWebActivityService.java" startline="318" endline="339" pcid="2208"></source>
</clone>

<clone nlines="23" similarity="100">
<source file="systems/malbus/Newsmax/ITrustedWebActivityService.java" startline="291" endline="312" pcid="2206"></source>
<source file="systems/malbus/Newsmax/ITrustedWebActivityService.java" startline="478" endline="499" pcid="2216"></source>
</clone>

<clone nlines="23" similarity="100">
<source file="systems/malbus/Newsmax/ITrustedWebActivityService.java" startline="291" endline="312" pcid="2206"></source>
<source file="systems/malbus/Newsmax/ITrustedWebActivityService.java" startline="505" endline="526" pcid="2218"></source>
</clone>

<clone nlines="23" similarity="100">
<source file="systems/malbus/Newsmax/ITrustedWebActivityService.java" startline="318" endline="339" pcid="2208"></source>
<source file="systems/malbus/Newsmax/ITrustedWebActivityService.java" startline="478" endline="499" pcid="2216"></source>
</clone>

<clone nlines="23" similarity="100">
<source file="systems/malbus/Newsmax/ITrustedWebActivityService.java" startline="318" endline="339" pcid="2208"></source>
<source file="systems/malbus/Newsmax/ITrustedWebActivityService.java" startline="505" endline="526" pcid="2218"></source>
</clone>

<clone nlines="23" similarity="100">
<source file="systems/malbus/Newsmax/ITrustedWebActivityService.java" startline="478" endline="499" pcid="2216"></source>
<source file="systems/malbus/Newsmax/ITrustedWebActivityService.java" startline="505" endline="526" pcid="2218"></source>
</clone>

<clone nlines="22" similarity="83">
<source file="systems/malbus/malbusssss/com/facebook/ads/internal/adapters/i.java" startline="223" endline="246" pcid="358"></source>
<source file="systems/malbus/malbusssss/com/facebook/ads/internal/adapters/i.java" startline="248" endline="271" pcid="359"></source>
</clone>

<clone nlines="23" similarity="88">
<source file="systems/malbus/malbusssss/com/gc/materialdesign/views/CheckBox.java" startline="51" endline="71" pcid="1958"></source>
<source file="systems/malbus/malbusssss/com/gc/materialdesign/views/LayoutRipple.java" startline="76" endline="96" pcid="1932"></source>
</clone>

<clone nlines="23" similarity="100">
<source file="systems/malbus/malbusssss/com/gc/materialdesign/views/Button.java" startline="89" endline="109" pcid="1976"></source>
<source file="systems/malbus/malbusssss/com/gc/materialdesign/views/LayoutRipple.java" startline="76" endline="96" pcid="1932"></source>
</clone>

<clone nlines="23" similarity="88">
<source file="systems/malbus/malbusssss/com/gc/materialdesign/views/Slider.java" startline="85" endline="105" pcid="1997"></source>
<source file="systems/malbus/malbusssss/com/gc/materialdesign/views/LayoutRipple.java" startline="76" endline="96" pcid="1932"></source>
</clone>

<clone nlines="23" similarity="88">
<source file="systems/malbus/malbusssss/com/gc/materialdesign/views/LayoutRipple.java" startline="76" endline="96" pcid="1932"></source>
<source file="systems/malbus/malbusssss/com/gc/materialdesign/views/Switch.java" startline="65" endline="85" pcid="2034"></source>
</clone>

<clone nlines="23" similarity="88">
<source file="systems/malbus/malbusssss/com/gc/materialdesign/views/Button.java" startline="89" endline="109" pcid="1976"></source>
<source file="systems/malbus/malbusssss/com/gc/materialdesign/views/CheckBox.java" startline="51" endline="71" pcid="1958"></source>
</clone>

<clone nlines="23" similarity="100">
<source file="systems/malbus/malbusssss/com/gc/materialdesign/views/Slider.java" startline="85" endline="105" pcid="1997"></source>
<source file="systems/malbus/malbusssss/com/gc/materialdesign/views/CheckBox.java" startline="51" endline="71" pcid="1958"></source>
</clone>

<clone nlines="23" similarity="100">
<source file="systems/malbus/malbusssss/com/gc/materialdesign/views/CheckBox.java" startline="51" endline="71" pcid="1958"></source>
<source file="systems/malbus/malbusssss/com/gc/materialdesign/views/Switch.java" startline="65" endline="85" pcid="2034"></source>
</clone>

<clone nlines="23" similarity="88">
<source file="systems/malbus/malbusssss/com/gc/materialdesign/views/Slider.java" startline="85" endline="105" pcid="1997"></source>
<source file="systems/malbus/malbusssss/com/gc/materialdesign/views/Button.java" startline="89" endline="109" pcid="1976"></source>
</clone>

<clone nlines="23" similarity="88">
<source file="systems/malbus/malbusssss/com/gc/materialdesign/views/Button.java" startline="89" endline="109" pcid="1976"></source>
<source file="systems/malbus/malbusssss/com/gc/materialdesign/views/Switch.java" startline="65" endline="85" pcid="2034"></source>
</clone>

<clone nlines="23" similarity="100">
<source file="systems/malbus/malbusssss/com/gc/materialdesign/views/Slider.java" startline="85" endline="105" pcid="1997"></source>
<source file="systems/malbus/malbusssss/com/gc/materialdesign/views/Switch.java" startline="65" endline="85" pcid="2034"></source>
</clone>

<clone nlines="21" similarity="82">
<source file="systems/malbus/malbusssss/com/facebook/ads/internal/view/e.java" startline="67" endline="87" pcid="895"></source>
<source file="systems/malbus/malbusssss/com/facebook/ads/internal/view/e.java" startline="89" endline="109" pcid="896"></source>
</clone>

<clone nlines="18" similarity="92">
<source file="systems/malbus/Postermaker/ITrustedWebActivityCallback.java" startline="55" endline="72" pcid="2178"></source>
<source file="systems/malbus/Newsmax/ITrustedWebActivityCallback.java" startline="56" endline="73" pcid="2228"></source>
</clone>

<clone nlines="21" similarity="100">
<source file="systems/malbus/malbusssss/com/gc/materialdesign/widgets/ProgressDialog.java" startline="40" endline="58" pcid="2125"></source>
<source file="systems/malbus/malbusssss/com/gc/materialdesign/widgets/ColorSelector.java" startline="50" endline="68" pcid="2113"></source>
</clone>

<clone nlines="21" similarity="100">
<source file="systems/malbus/malbusssss/com/gc/materialdesign/widgets/Dialog.java" startline="55" endline="73" pcid="2065"></source>
<source file="systems/malbus/malbusssss/com/gc/materialdesign/widgets/ProgressDialog.java" startline="40" endline="58" pcid="2125"></source>
</clone>

<clone nlines="21" similarity="100">
<source file="systems/malbus/malbusssss/com/gc/materialdesign/widgets/Dialog.java" startline="55" endline="73" pcid="2065"></source>
<source file="systems/malbus/malbusssss/com/gc/materialdesign/widgets/ColorSelector.java" startline="50" endline="68" pcid="2113"></source>
</clone>

<clone nlines="17" similarity="85">
<source file="systems/malbus/malbusssss/com/gc/materialdesign/views/ButtonIcon.java" startline="31" endline="48" pcid="2024"></source>
<source file="systems/malbus/malbusssss/com/gc/materialdesign/views/ButtonFlat.java" startline="34" endline="52" pcid="1910"></source>
</clone>

<clone nlines="17" similarity="92">
<source file="systems/malbus/malbusssss/com/facebook/ads/internal/view/d/c/b.java" startline="297" endline="312" pcid="1073"></source>
<source file="systems/malbus/malbusssss/com/facebook/ads/internal/view/d/c/a.java" startline="359" endline="375" pcid="1029"></source>
</clone>

<clone nlines="19" similarity="84">
<source file="systems/malbus/malbusssss/com/facebook/ads/internal/view/d/c/a.java" startline="409" endline="425" pcid="1037"></source>
<source file="systems/malbus/malbusssss/com/facebook/ads/internal/view/d/c/a.java" startline="427" endline="444" pcid="1039"></source>
</clone>

<clone nlines="18" similarity="76">
<source file="systems/malbus/malbusssss/com/facebook/ads/internal/view/d/c/b.java" startline="349" endline="363" pcid="1079"></source>
<source file="systems/malbus/malbusssss/com/facebook/ads/internal/view/d/c/a.java" startline="409" endline="425" pcid="1037"></source>
</clone>

<clone nlines="13" similarity="76">
<source file="systems/malbus/malbusssss/com/facebook/ads/internal/adapters/i.java" startline="306" endline="319" pcid="362"></source>
<source file="systems/malbus/malbusssss/com/facebook/ads/internal/adapters/c.java" startline="431" endline="442" pcid="144"></source>
</clone>

<clone nlines="15" similarity="100">
<source file="systems/malbus/malbusssss/com/android/volley/toolbox/JsonObjectRequest.java" startline="32" endline="46" pcid="1684"></source>
<source file="systems/malbus/malbusssss/com/android/volley/toolbox/JsonArrayRequest.java" startline="41" endline="55" pcid="1697"></source>
</clone>

<clone nlines="15" similarity="91">
<source file="systems/malbus/malbusssss/com/facebook/ads/InterstitialAd.java" startline="115" endline="129" pcid="1605"></source>
<source file="systems/malbus/malbusssss/com/facebook/ads/RewardedVideoAd.java" startline="129" endline="142" pcid="1584"></source>
</clone>

<clone nlines="13" similarity="75">
<source file="systems/malbus/malbusssss/com/facebook/ads/internal/util/ac.java" startline="169" endline="181" pcid="540"></source>
<source file="systems/malbus/malbusssss/com/facebook/ads/internal/util/ac.java" startline="183" endline="194" pcid="541"></source>
</clone>

<clone nlines="12" similarity="72">
<source file="systems/malbus/malbusssss/com/facebook/ads/NativeAd.java" startline="666" endline="677" pcid="1555"></source>
<source file="systems/malbus/malbusssss/com/facebook/ads/internal/util/l.java" startline="34" endline="45" pcid="596"></source>
</clone>

<clone nlines="13" similarity="81">
<source file="systems/malbus/Postermaker/ITrustedWebActivityService.java" startline="340" endline="353" pcid="2159"></source>
<source file="systems/malbus/malbusssss/com/facebook/ads/internal/f.java" startline="155" endline="167" pcid="1369"></source>
</clone>

<clone nlines="13" similarity="100">
<source file="systems/malbus/Postermaker/ITrustedWebActivityService.java" startline="340" endline="353" pcid="2159"></source>
<source file="systems/malbus/Postermaker/ITrustedWebActivityService.java" startline="527" endline="540" pcid="2169"></source>
</clone>

<clone nlines="13" similarity="90">
<source file="systems/malbus/Postermaker/ITrustedWebActivityService.java" startline="340" endline="353" pcid="2159"></source>
<source file="systems/malbus/Newsmax/ITrustedWebActivityService.java" startline="341" endline="354" pcid="2209"></source>
</clone>

<clone nlines="13" similarity="90">
<source file="systems/malbus/Postermaker/ITrustedWebActivityService.java" startline="340" endline="353" pcid="2159"></source>
<source file="systems/malbus/Newsmax/ITrustedWebActivityService.java" startline="528" endline="541" pcid="2219"></source>
</clone>

<clone nlines="13" similarity="81">
<source file="systems/malbus/Postermaker/ITrustedWebActivityService.java" startline="527" endline="540" pcid="2169"></source>
<source file="systems/malbus/malbusssss/com/facebook/ads/internal/f.java" startline="155" endline="167" pcid="1369"></source>
</clone>

<clone nlines="13" similarity="81">
<source file="systems/malbus/Newsmax/ITrustedWebActivityService.java" startline="341" endline="354" pcid="2209"></source>
<source file="systems/malbus/malbusssss/com/facebook/ads/internal/f.java" startline="155" endline="167" pcid="1369"></source>
</clone>

<clone nlines="13" similarity="81">
<source file="systems/malbus/Newsmax/ITrustedWebActivityService.java" startline="528" endline="541" pcid="2219"></source>
<source file="systems/malbus/malbusssss/com/facebook/ads/internal/f.java" startline="155" endline="167" pcid="1369"></source>
</clone>

<clone nlines="13" similarity="90">
<source file="systems/malbus/Postermaker/ITrustedWebActivityService.java" startline="527" endline="540" pcid="2169"></source>
<source file="systems/malbus/Newsmax/ITrustedWebActivityService.java" startline="341" endline="354" pcid="2209"></source>
</clone>

<clone nlines="13" similarity="90">
<source file="systems/malbus/Postermaker/ITrustedWebActivityService.java" startline="527" endline="540" pcid="2169"></source>
<source file="systems/malbus/Newsmax/ITrustedWebActivityService.java" startline="528" endline="541" pcid="2219"></source>
</clone>

<clone nlines="13" similarity="100">
<source file="systems/malbus/Newsmax/ITrustedWebActivityService.java" startline="341" endline="354" pcid="2209"></source>
<source file="systems/malbus/Newsmax/ITrustedWebActivityService.java" startline="528" endline="541" pcid="2219"></source>
</clone>

<clone nlines="16" similarity="81">
<source file="systems/malbus/malbusssss/com/facebook/ads/internal/view/d/c/b.java" startline="349" endline="363" pcid="1079"></source>
<source file="systems/malbus/malbusssss/com/facebook/ads/internal/view/d/c/b.java" startline="365" endline="380" pcid="1081"></source>
</clone>

<clone nlines="11" similarity="70">
<source file="systems/malbus/malbusssss/com/facebook/ads/internal/adapters/o.java" startline="237" endline="246" pcid="103"></source>
<source file="systems/malbus/malbusssss/com/facebook/ads/internal/adapters/o.java" startline="276" endline="286" pcid="111"></source>
</clone>

<clone nlines="11" similarity="70">
<source file="systems/malbus/malbusssss/com/android/volley/toolbox/DiskBasedCache.java" startline="802" endline="811" pcid="1732"></source>
<source file="systems/malbus/malbusssss/com/android/volley/toolbox/DiskBasedCache.java" startline="829" endline="839" pcid="1734"></source>
</clone>

<clone nlines="12" similarity="70">
<source file="systems/malbus/malbusssss/com/facebook/ads/internal/view/c.java" startline="94" endline="108" pcid="725"></source>
<source file="systems/malbus/malbusssss/com/facebook/ads/AdView.java" startline="114" endline="124" pcid="22"></source>
</clone>

<clone nlines="10" similarity="87">
<source file="systems/malbus/malbusssss/com/facebook/ads/internal/h/a.java" startline="28" endline="37" pcid="1395"></source>
<source file="systems/malbus/malbusssss/com/facebook/ads/internal/util/h.java" startline="402" endline="411" pcid="487"></source>
</clone>

<clone nlines="10" similarity="100">
<source file="systems/malbus/malbusssss/com/facebook/ads/NativeAd.java" startline="161" endline="172" pcid="1484"></source>
<source file="systems/malbus/malbusssss/com/facebook/ads/NativeAd.java" startline="174" endline="185" pcid="1485"></source>
</clone>

<clone nlines="11" similarity="87">
<source file="systems/malbus/malbusssss/com/facebook/ads/internal/h.java" startline="108" endline="118" pcid="87"></source>
<source file="systems/malbus/malbusssss/com/facebook/ads/internal/h.java" startline="158" endline="168" pcid="91"></source>
</clone>

<clone nlines="11" similarity="87">
<source file="systems/malbus/malbusssss/com/facebook/ads/internal/h.java" startline="108" endline="118" pcid="87"></source>
<source file="systems/malbus/malbusssss/com/facebook/ads/internal/h.java" startline="120" endline="130" pcid="88"></source>
</clone>

<clone nlines="10" similarity="87">
<source file="systems/malbus/malbusssss/com/facebook/ads/internal/server/AdPlacementType.java" startline="29" endline="39" pcid="392"></source>
<source file="systems/malbus/malbusssss/com/facebook/ads/internal/adapters/e.java" startline="9" endline="19" pcid="244"></source>
</clone>

<clone nlines="10" similarity="87">
<source file="systems/malbus/malbusssss/com/facebook/ads/internal/util/f.java" startline="9" endline="19" pcid="578"></source>
<source file="systems/malbus/malbusssss/com/facebook/ads/internal/adapters/e.java" startline="9" endline="19" pcid="244"></source>
</clone>

<clone nlines="10" similarity="100">
<source file="systems/malbus/malbusssss/com/facebook/ads/internal/server/AdPlacementType.java" startline="29" endline="39" pcid="392"></source>
<source file="systems/malbus/malbusssss/com/facebook/ads/internal/util/f.java" startline="9" endline="19" pcid="578"></source>
</clone>

<clone nlines="11" similarity="100">
<source file="systems/malbus/malbusssss/com/facebook/ads/internal/c/c.java" startline="24" endline="35" pcid="1342"></source>
<source file="systems/malbus/malbusssss/com/facebook/ads/internal/d/a.java" startline="18" endline="29" pcid="1398"></source>
</clone>

<clone nlines="11" similarity="87">
<source file="systems/malbus/malbusssss/com/facebook/ads/internal/h.java" startline="120" endline="130" pcid="88"></source>
<source file="systems/malbus/malbusssss/com/facebook/ads/internal/h.java" startline="158" endline="168" pcid="91"></source>
</clone>

<clone nlines="10" similarity="100">
<source file="systems/malbus/Newsmax/ITrustedWebActivityService.java" startline="89" endline="98" pcid="2198"></source>
<source file="systems/malbus/Newsmax/ITrustedWebActivityCallback.java" startline="41" endline="50" pcid="2226"></source>
</clone>

<clone nlines="10" similarity="100">
<source file="systems/malbus/Postermaker/ITrustedWebActivityCallback.java" startline="40" endline="49" pcid="2176"></source>
<source file="systems/malbus/Newsmax/ITrustedWebActivityCallback.java" startline="41" endline="50" pcid="2226"></source>
</clone>

<clone nlines="10" similarity="100">
<source file="systems/malbus/Postermaker/ITrustedWebActivityService.java" startline="88" endline="97" pcid="2148"></source>
<source file="systems/malbus/Newsmax/ITrustedWebActivityCallback.java" startline="41" endline="50" pcid="2226"></source>
</clone>

<clone nlines="10" similarity="100">
<source file="systems/malbus/Postermaker/ITrustedWebActivityCallback.java" startline="40" endline="49" pcid="2176"></source>
<source file="systems/malbus/Newsmax/ITrustedWebActivityService.java" startline="89" endline="98" pcid="2198"></source>
</clone>

<clone nlines="10" similarity="100">
<source file="systems/malbus/Postermaker/ITrustedWebActivityService.java" startline="88" endline="97" pcid="2148"></source>
<source file="systems/malbus/Newsmax/ITrustedWebActivityService.java" startline="89" endline="98" pcid="2198"></source>
</clone>

<clone nlines="10" similarity="100">
<source file="systems/malbus/Postermaker/ITrustedWebActivityCallback.java" startline="40" endline="49" pcid="2176"></source>
<source file="systems/malbus/Postermaker/ITrustedWebActivityService.java" startline="88" endline="97" pcid="2148"></source>
</clone>

</clones>
