<clones>
<systeminfo processor="nicad6" system="malbus" granularity="functions-blind" threshold="30%" minlines="10" maxlines="2500"/>
<cloneinfo npcs="2236" npairs="184"/>
<runinfo ncompares="40176" cputime="188490"/>
<classinfo nclasses="32"/>

<class classid="1" nclones="2" nlines="12" similarity="70">
<source file="systems/malbus/malbusssss/com/facebook/ads/AdView.java" startline="114" endline="124" pcid="22">
  protected void onWindowVisibilityChanged(int paramInt) {
    super.onWindowVisibilityChanged(paramInt);
    if (this.e != null) {
      if (paramInt == 0) {
        this.e.f();
        return;
      } 
      if (paramInt == 8)
        this.e.e(); 
    } 
  }
</source>
<source file="systems/malbus/malbusssss/com/facebook/ads/internal/view/c.java" startline="94" endline="108" pcid="725">
  protected void onWindowVisibilityChanged(int paramInt) {
    super.onWindowVisibilityChanged(paramInt);
    if (this.b != null)
      this.b.a(paramInt); 
    if (this.d != null) {
      if (paramInt == 0) {
        this.d.a();
        return;
      } 
    } else {
      return;
    } 
    if (paramInt == 8)
      this.d.b(); 
  }
</source>
</class>

<class classid="2" nclones="3" nlines="11" similarity="87">
<source file="systems/malbus/malbusssss/com/facebook/ads/internal/h.java" startline="108" endline="118" pcid="87">
  public int a(String paramString, int paramInt) {
    paramString = this.b.getString(paramString, String.valueOf(paramInt));
    null = paramInt;
    if (paramString != null) {
      if (paramString.equals("null"))
        return paramInt; 
    } else {
      return null;
    } 
    return Integer.valueOf(paramString).intValue();
  }
</source>
<source file="systems/malbus/malbusssss/com/facebook/ads/internal/h.java" startline="120" endline="130" pcid="88">
  public long a(String paramString, long paramLong) {
    paramString = this.b.getString(paramString, String.valueOf(paramLong));
    null = paramLong;
    if (paramString != null) {
      if (paramString.equals("null"))
        return paramLong; 
    } else {
      return null;
    } 
    return Long.valueOf(paramString).longValue();
  }
</source>
<source file="systems/malbus/malbusssss/com/facebook/ads/internal/h.java" startline="158" endline="168" pcid="91">
  public boolean a(String paramString, boolean paramBoolean) {
    paramString = this.b.getString(paramString, String.valueOf(paramBoolean));
    null = paramBoolean;
    if (paramString != null) {
      if (paramString.equals("null"))
        return paramBoolean; 
    } else {
      return null;
    } 
    return Boolean.valueOf(paramString).booleanValue();
  }
</source>
</class>

<class classid="3" nclones="2" nlines="11" similarity="70">
<source file="systems/malbus/malbusssss/com/facebook/ads/internal/adapters/o.java" startline="237" endline="246" pcid="103">
  public void a(Intent paramIntent) {
    paramIntent.putExtra("markup", h.a(this.a));
    paramIntent.putExtra("activation_command", this.b);
    paramIntent.putExtra("native_impression_report_url", this.c);
    paramIntent.putExtra("request_id", this.h);
    paramIntent.putExtra("viewability_check_initial_delay", this.i);
    paramIntent.putExtra("viewability_check_interval", this.j);
    paramIntent.putExtra("skipAfterSeconds", this.k);
    paramIntent.putExtra("ct", this.l);
  }
</source>
<source file="systems/malbus/malbusssss/com/facebook/ads/internal/adapters/o.java" startline="276" endline="286" pcid="111">
  public Bundle i() {
    Bundle bundle = new Bundle();
    bundle.putString("markup", this.a);
    bundle.putString("native_impression_report_url", this.c);
    bundle.putString("request_id", this.h);
    bundle.putInt("viewability_check_initial_delay", this.i);
    bundle.putInt("viewability_check_interval", this.j);
    bundle.putInt("skip_after_seconds", this.k);
    bundle.putString("ct", this.l);
    return bundle;
  }
</source>
</class>

<class classid="4" nclones="2" nlines="13" similarity="76">
<source file="systems/malbus/malbusssss/com/facebook/ads/internal/adapters/c.java" startline="431" endline="442" pcid="144">
  public void onDestroy() {
    a();
    this.d = null;
    this.c = null;
    this.g = false;
    this.h = null;
    this.i = null;
    this.j = null;
    this.k = null;
    this.l = null;
    this.m = null;
  }
</source>
<source file="systems/malbus/malbusssss/com/facebook/ads/internal/adapters/i.java" startline="306" endline="319" pcid="362">
  public void onDestroy() {
    this.a.g();
    this.i = null;
    this.j = null;
    this.k = null;
    this.l = false;
    this.m = null;
    this.n = null;
    this.o = null;
    this.a = null;
    this.p = null;
    this.b = null;
    this.c = null;
  }
</source>
</class>

<class classid="5" nclones="3" nlines="10" similarity="87">
<source file="systems/malbus/malbusssss/com/facebook/ads/internal/adapters/e.java" startline="9" endline="19" pcid="244">
  public static e a(String paramString) {
    e e1;
    if (TextUtils.isEmpty(paramString))
      return a; 
    try {
      e1 = Enum.<e>valueOf(e.class, paramString.toUpperCase(Locale.getDefault()));
    } catch (Exception exception) {
      e1 = a;
    } 
    return e1;
  }
</source>
<source file="systems/malbus/malbusssss/com/facebook/ads/internal/util/f.java" startline="9" endline="19" pcid="578">
  public static f a(String paramString) {
    f f1;
    if (TextUtils.isEmpty(paramString))
      return a; 
    try {
      f1 = valueOf(paramString.toUpperCase(Locale.US));
    } catch (IllegalArgumentException illegalArgumentException) {
      f1 = a;
    } 
    return f1;
  }
</source>
<source file="systems/malbus/malbusssss/com/facebook/ads/internal/server/AdPlacementType.java" startline="29" endline="39" pcid="392">
  public static AdPlacementType fromString(String paramString) {
    AdPlacementType adPlacementType;
    if (TextUtils.isEmpty(paramString))
      return UNKNOWN; 
    try {
      adPlacementType = valueOf(paramString.toUpperCase(Locale.US));
    } catch (Exception exception) {
      adPlacementType = UNKNOWN;
    } 
    return adPlacementType;
  }
</source>
</class>

<class classid="6" nclones="2" nlines="22" similarity="83">
<source file="systems/malbus/malbusssss/com/facebook/ads/internal/adapters/i.java" startline="223" endline="246" pcid="358">
  protected String b() {
    String str2;
    String str1 = null;
    if (!d && this.b == null)
      throw new AssertionError(); 
    try {
      JSONObject jSONObject = this.b.getJSONObject("capabilities");
      str2 = str1;
      if (jSONObject.has("countdown")) {
        if (jSONObject.isNull("countdown"))
          return str1; 
      } else {
        return str2;
      } 
      jSONObject = jSONObject.getJSONObject("countdown");
      str2 = str1;
      if (jSONObject.has("format"))
        str2 = jSONObject.optString("format"); 
    } catch (Exception exception) {
      Log.w(String.valueOf(i.class), "Invalid JSON", exception);
      str2 = str1;
    } 
    return str2;
  }
</source>
<source file="systems/malbus/malbusssss/com/facebook/ads/internal/adapters/i.java" startline="248" endline="271" pcid="359">
  protected int c() {
    byte b2;
    byte b1 = -1;
    if (!d && this.b == null)
      throw new AssertionError(); 
    try {
      JSONObject jSONObject = this.b.getJSONObject("capabilities");
      b2 = b1;
      if (jSONObject.has("skipButton")) {
        if (jSONObject.isNull("skipButton"))
          return b1; 
      } else {
        return b2;
      } 
      jSONObject = jSONObject.getJSONObject("skipButton");
      b2 = b1;
      if (jSONObject.has("skippableSeconds"))
        b2 = jSONObject.getInt("skippableSeconds"); 
    } catch (Exception exception) {
      Log.w(String.valueOf(i.class), "Invalid JSON", exception);
      b2 = b1;
    } 
    return b2;
  }
</source>
</class>

<class classid="7" nclones="2" nlines="10" similarity="87">
<source file="systems/malbus/malbusssss/com/facebook/ads/internal/util/h.java" startline="402" endline="411" pcid="487">
  public static boolean b(String paramString) {
    boolean bool;
    try {
      Class.forName(paramString);
      bool = true;
    } catch (Throwable throwable) {
      bool = false;
    } 
    return bool;
  }
</source>
<source file="systems/malbus/malbusssss/com/facebook/ads/internal/h/a.java" startline="28" endline="37" pcid="1395">
  private static boolean a(String paramString) {
    boolean bool;
    try {
      Class.forName(paramString);
      bool = true;
    } catch (Throwable throwable) {
      bool = false;
    } 
    return bool;
  }
</source>
</class>

<class classid="8" nclones="2" nlines="13" similarity="75">
<source file="systems/malbus/malbusssss/com/facebook/ads/internal/util/ac.java" startline="169" endline="181" pcid="540">
  public ac(Context paramContext, f paramf, m paramm, String paramString1, String paramString2) {
    super(paramContext, paramf, (ai.a)paramm, paramString1, paramString2);
    this.j = paramm;
    paramm.getEventBus().a((s)this.a);
    paramm.getEventBus().a(this.e);
    paramm.getEventBus().a(this.b);
    paramm.getEventBus().a(this.d);
    paramm.getEventBus().a(this.c);
    paramm.getEventBus().a(this.f);
    paramm.getEventBus().a(this.g);
    paramm.getEventBus().a(this.h);
    paramm.getEventBus().a(this.i);
  }
</source>
<source file="systems/malbus/malbusssss/com/facebook/ads/internal/util/ac.java" startline="183" endline="194" pcid="541">
  public ac(Context paramContext, f paramf, m paramm, String paramString1, String paramString2, @Nullable Bundle paramBundle) {
    super(paramContext, paramf, (ai.a)paramm, paramString1, paramString2, paramBundle);
    this.j = paramm;
    paramm.getEventBus().a((s)this.a);
    paramm.getEventBus().a(this.e);
    paramm.getEventBus().a(this.b);
    paramm.getEventBus().a(this.d);
    paramm.getEventBus().a(this.c);
    paramm.getEventBus().a(this.f);
    paramm.getEventBus().a(this.h);
    paramm.getEventBus().a(this.i);
  }
</source>
</class>

<class classid="9" nclones="2" nlines="12" similarity="72">
<source file="systems/malbus/malbusssss/com/facebook/ads/internal/util/l.java" startline="34" endline="45" pcid="596">
  public Map<String, String> a() {
    HashMap<Object, Object> hashMap = new HashMap<Object, Object>(7);
    hashMap.put("initial_url", this.a);
    hashMap.put("handler_time_ms", String.valueOf(this.b));
    hashMap.put("load_start_ms", String.valueOf(this.c));
    hashMap.put("response_end_ms", String.valueOf(this.d));
    hashMap.put("dom_content_loaded_ms", String.valueOf(this.e));
    hashMap.put("scroll_ready_ms", String.valueOf(this.f));
    hashMap.put("load_finish_ms", String.valueOf(this.g));
    hashMap.put("session_finish_ms", String.valueOf(this.h));
    return (Map)hashMap;
  }
</source>
<source file="systems/malbus/malbusssss/com/facebook/ads/NativeAd.java" startline="666" endline="677" pcid="1555">
    private Map<String, String> a() {
      HashMap<Object, Object> hashMap = new HashMap<Object, Object>();
      hashMap.put("clickX", String.valueOf(this.b));
      hashMap.put("clickY", String.valueOf(this.c));
      hashMap.put("width", String.valueOf(this.d));
      hashMap.put("height", String.valueOf(this.e));
      hashMap.put("adPositionX", String.valueOf(this.f));
      hashMap.put("adPositionY", String.valueOf(this.g));
      hashMap.put("visibleWidth", String.valueOf(this.i));
      hashMap.put("visibleHeight", String.valueOf(this.h));
      return (Map)hashMap;
    }
</source>
</class>

<class classid="10" nclones="2" nlines="21" similarity="82">
<source file="systems/malbus/malbusssss/com/facebook/ads/internal/view/e.java" startline="67" endline="87" pcid="895">
  private void b() {
    this.j = a(this.n);
    this.k = getWidth();
    this.h = (int)Math.ceil(((getHeight() - this.j) / 2.0F));
    if (this.b != null) {
      Matrix matrix = new Matrix();
      matrix.preScale(1.0F, -1.0F);
      this.i = (int)Math.floor(((getHeight() - this.j) / 2.0F));
      float f = this.a.getHeight() / this.j;
      int i = Math.min(Math.round(this.h * f), this.b.getHeight());
      if (i > 0) {
        this.f = Bitmap.createBitmap(this.b, 0, 0, this.b.getWidth(), i, matrix, true);
        this.c.setImageBitmap(this.f);
      } 
      i = Math.min(Math.round(this.i * f), this.b.getHeight());
      if (i > 0) {
        this.g = Bitmap.createBitmap(this.b, 0, this.b.getHeight() - i, this.b.getWidth(), i, matrix, true);
        this.e.setImageBitmap(this.g);
      } 
    } 
  }
</source>
<source file="systems/malbus/malbusssss/com/facebook/ads/internal/view/e.java" startline="89" endline="109" pcid="896">
  private void c() {
    this.k = b(this.n);
    this.j = getHeight();
    this.l = (int)Math.ceil(((getWidth() - this.k) / 2.0F));
    if (this.b != null) {
      Matrix matrix = new Matrix();
      matrix.preScale(-1.0F, 1.0F);
      this.m = (int)Math.floor(((getWidth() - this.k) / 2.0F));
      float f = this.a.getWidth() / this.k;
      int i = Math.min(Math.round(this.l * f), this.b.getWidth());
      if (i > 0) {
        this.f = Bitmap.createBitmap(this.b, 0, 0, i, this.b.getHeight(), matrix, true);
        this.c.setImageBitmap(this.f);
      } 
      i = Math.min(Math.round(this.m * f), this.b.getWidth());
      if (i > 0) {
        this.g = Bitmap.createBitmap(this.b, this.b.getWidth() - i, 0, i, this.b.getHeight(), matrix, true);
        this.e.setImageBitmap(this.g);
      } 
    } 
  }
</source>
</class>

<class classid="11" nclones="2" nlines="74" similarity="100">
<source file="systems/malbus/malbusssss/com/facebook/ads/internal/view/d/c/a.java" startline="228" endline="294" pcid="1023">
  protected void onMeasure(int paramInt1, int paramInt2) {
    int i = getDefaultSize(this.q, paramInt1);
    int j = getDefaultSize(this.r, paramInt2);
    int k = j;
    int m = i;
    if (this.q > 0) {
      k = j;
      m = i;
      if (this.r > 0) {
        j = View.MeasureSpec.getMode(paramInt1);
        paramInt1 = View.MeasureSpec.getSize(paramInt1);
        int n = View.MeasureSpec.getMode(paramInt2);
        i = View.MeasureSpec.getSize(paramInt2);
        if (j == 1073741824 && n == 1073741824) {
          if (this.q * i < this.r * paramInt1) {
            m = this.q * i / this.r;
            k = i;
          } else if (this.q * i > this.r * paramInt1) {
            k = this.r * paramInt1 / this.q;
            m = paramInt1;
          } else {
            k = i;
            m = paramInt1;
          } 
        } else if (j == 1073741824) {
          k = this.r * paramInt1 / this.q;
          if (n == Integer.MIN_VALUE && k > i) {
            k = i;
            m = paramInt1;
          } else {
            m = paramInt1;
          } 
        } else if (n == 1073741824) {
          paramInt2 = this.q * i / this.r;
          k = i;
          m = paramInt2;
          if (j == Integer.MIN_VALUE) {
            k = i;
            m = paramInt2;
            if (paramInt2 > paramInt1) {
              k = i;
              m = paramInt1;
            } 
          } 
        } else {
          paramInt2 = this.q;
          m = this.r;
          if (n == Integer.MIN_VALUE && m > i) {
            paramInt2 = this.q * i / this.r;
          } else {
            i = m;
          } 
          k = i;
          m = paramInt2;
          if (j == Integer.MIN_VALUE) {
            k = i;
            m = paramInt2;
            if (paramInt2 > paramInt1) {
              k = this.r * paramInt1 / this.q;
              m = paramInt1;
            } 
          } 
        } 
      } 
    } 
    setMeasuredDimension(m, k);
  }
</source>
<source file="systems/malbus/malbusssss/com/facebook/ads/internal/view/d/c/b.java" startline="184" endline="250" pcid="1069">
  protected void onMeasure(int paramInt1, int paramInt2) {
    int i = getDefaultSize(this.k, paramInt1);
    int j = getDefaultSize(this.l, paramInt2);
    int k = j;
    int m = i;
    if (this.k > 0) {
      k = j;
      m = i;
      if (this.l > 0) {
        i = View.MeasureSpec.getMode(paramInt1);
        paramInt1 = View.MeasureSpec.getSize(paramInt1);
        int n = View.MeasureSpec.getMode(paramInt2);
        paramInt2 = View.MeasureSpec.getSize(paramInt2);
        if (i == 1073741824 && n == 1073741824) {
          if (this.k * paramInt2 < this.l * paramInt1) {
            m = this.k * paramInt2 / this.l;
            k = paramInt2;
          } else if (this.k * paramInt2 > this.l * paramInt1) {
            k = this.l * paramInt1 / this.k;
            m = paramInt1;
          } else {
            k = paramInt2;
            m = paramInt1;
          } 
        } else if (i == 1073741824) {
          k = this.l * paramInt1 / this.k;
          if (n == Integer.MIN_VALUE && k > paramInt2) {
            k = paramInt2;
            m = paramInt1;
          } else {
            m = paramInt1;
          } 
        } else if (n == 1073741824) {
          j = this.k * paramInt2 / this.l;
          k = paramInt2;
          m = j;
          if (i == Integer.MIN_VALUE) {
            k = paramInt2;
            m = j;
            if (j > paramInt1) {
              k = paramInt2;
              m = paramInt1;
            } 
          } 
        } else {
          j = this.k;
          m = this.l;
          if (n == Integer.MIN_VALUE && m > paramInt2) {
            j = this.k * paramInt2 / this.l;
          } else {
            paramInt2 = m;
          } 
          k = paramInt2;
          m = j;
          if (i == Integer.MIN_VALUE) {
            k = paramInt2;
            m = j;
            if (j > paramInt1) {
              k = this.l * paramInt1 / this.k;
              m = paramInt1;
            } 
          } 
        } 
      } 
    } 
    setMeasuredDimension(m, k);
  }
</source>
</class>

<class classid="12" nclones="2" nlines="17" similarity="92">
<source file="systems/malbus/malbusssss/com/facebook/ads/internal/view/d/c/a.java" startline="359" endline="375" pcid="1029">
  public boolean onSurfaceTextureDestroyed(SurfaceTexture paramSurfaceTexture) {
    if (this.f != null) {
      this.f.release();
      this.f = null;
      this.g.setVideoSurface(null);
    } 
    if (this.m) {
      d d2 = d.d;
      this.j = d2;
      pause();
      return true;
    } 
    d d1 = this.i;
    this.j = d1;
    pause();
    return true;
  }
</source>
<source file="systems/malbus/malbusssss/com/facebook/ads/internal/view/d/c/b.java" startline="297" endline="312" pcid="1073">
  public boolean onSurfaceTextureDestroyed(SurfaceTexture paramSurfaceTexture) {
    if (this.c != null) {
      this.c.release();
      this.c = null;
    } 
    if (this.n) {
      d d2 = d.d;
      this.g = d2;
      pause();
      return true;
    } 
    d d1 = this.f;
    this.g = d1;
    pause();
    return true;
  }
</source>
</class>

<class classid="13" nclones="4" nlines="17" similarity="76">
<source file="systems/malbus/malbusssss/com/facebook/ads/internal/view/d/c/a.java" startline="409" endline="425" pcid="1037">
  public void setControlsAnchorView(View paramView) {
    this.k = paramView;
    paramView.setOnTouchListener(new View.OnTouchListener(this) {
          public boolean onTouch(View param1View, MotionEvent param1MotionEvent) {
            if (a.b(this.a) != null && param1MotionEvent.getAction() == 1) {
              if (a.b(this.a).isShowing()) {
                a.b(this.a).hide();
                return true;
              } 
            } else {
              return true;
            } 
            a.b(this.a).show();
            return true;
          }
        });
  }
</source>
<source file="systems/malbus/malbusssss/com/facebook/ads/internal/view/d/c/b.java" startline="349" endline="363" pcid="1079">
  public void setControlsAnchorView(View paramView) {
    this.h = paramView;
    paramView.setOnTouchListener(new View.OnTouchListener(this) {
          public boolean onTouch(View param1View, MotionEvent param1MotionEvent) {
            if (!b.a(this.a) && b.b(this.a) != null && param1MotionEvent.getAction() == 1) {
              if (b.b(this.a).isShowing()) {
                b.b(this.a).hide();
                return true;
              } 
              b.b(this.a).show();
            } 
            return true;
          }
        });
  }
</source>
<source file="systems/malbus/malbusssss/com/facebook/ads/internal/view/d/c/a.java" startline="427" endline="444" pcid="1039">
  public void setFullScreen(boolean paramBoolean) {
    this.m = paramBoolean;
    if (paramBoolean)
      setOnTouchListener(new View.OnTouchListener(this) {
            public boolean onTouch(View param1View, MotionEvent param1MotionEvent) {
              if (a.b(this.a) != null && param1MotionEvent.getAction() == 1) {
                if (a.b(this.a).isShowing()) {
                  a.b(this.a).hide();
                  return true;
                } 
              } else {
                return true;
              } 
              a.b(this.a).show();
              return true;
            }
          }); 
  }
</source>
<source file="systems/malbus/malbusssss/com/facebook/ads/internal/view/d/c/b.java" startline="365" endline="380" pcid="1081">
  public void setFullScreen(boolean paramBoolean) {
    this.n = paramBoolean;
    if (this.n)
      setOnTouchListener(new View.OnTouchListener(this) {
            public boolean onTouch(View param1View, MotionEvent param1MotionEvent) {
              if (!b.a(this.a) && b.b(this.a) != null && param1MotionEvent.getAction() == 1) {
                if (b.b(this.a).isShowing()) {
                  b.b(this.a).hide();
                  return true;
                } 
                b.b(this.a).show();
              } 
              return true;
            }
          }); 
  }
</source>
</class>

<class classid="14" nclones="2" nlines="27" similarity="73">
<source file="systems/malbus/malbusssss/com/facebook/ads/internal/i/b/f.java" startline="112" endline="140" pcid="1246">
  private void b() {
    int i = 300;
    for (byte b = 0;; b++) {
      if (b < 3) {
        try {
          ExecutorService executorService = this.b;
          b b1 = new b();
          this(this);
          this.h = ((Boolean)executorService.<Boolean>submit(b1).get(i, TimeUnit.MILLISECONDS)).booleanValue();
          if (this.h)
            return; 
          SystemClock.sleep(i);
          i *= 2;
          b++;
          continue;
        } catch (InterruptedException interruptedException) {
        
        } catch (ExecutionException executionException) {
        
        } catch (TimeoutException timeoutException) {}
        Log.e("ProxyCache", "Error pinging server [attempt: " + b + ", timeout: " + i + "]. ", timeoutException);
      } else {
        Log.e("ProxyCache", "Shutdown server... Error pinging server [attempts: " + b + ", max timeout: " + (i / 2) + "].");
        a();
        return;
      } 
      i *= 2;
    } 
  }
</source>
<source file="systems/malbus/malbusssss/com/facebook/ads/internal/i/b/f.java" startline="290" endline="315" pcid="1260">
  public void a(String paramString) {
    int i = 300;
    for (byte b = 0;; b++) {
      if (b < 3) {
        try {
          ExecutorService executorService = this.b;
          c c1 = new c();
          this(this, paramString);
          if (((Boolean)executorService.<Boolean>submit(c1).get()).booleanValue())
            return; 
          SystemClock.sleep(i);
          i *= 2;
          b++;
          continue;
        } catch (InterruptedException interruptedException) {
        
        } catch (ExecutionException executionException) {}
        Log.e("ProxyCache", "Error precaching url [attempt: " + b + ", url: " + paramString + "]. ", executionException);
      } else {
        Log.e("ProxyCache", "Shutdown server... Error precaching url [attempts: " + b + ", url: " + paramString + "].");
        a();
        return;
      } 
      i *= 2;
    } 
  }
</source>
</class>

<class classid="15" nclones="2" nlines="11" similarity="100">
<source file="systems/malbus/malbusssss/com/facebook/ads/internal/c/c.java" startline="24" endline="35" pcid="1342">
  public static c a(Context paramContext) {
    if (b == null)
      synchronized (paramContext.getApplicationContext()) {
        if (b == null) {
          c c1 = new c();
          this(paramContext);
          b = c1;
        } 
        return b;
      }  
    return b;
  }
</source>
<source file="systems/malbus/malbusssss/com/facebook/ads/internal/d/a.java" startline="18" endline="29" pcid="1398">
  public static a a(Context paramContext) {
    if (b == null)
      synchronized (paramContext.getApplicationContext()) {
        if (b == null) {
          a a1 = new a();
          this(paramContext);
          b = a1;
        } 
        return b;
      }  
    return b;
  }
</source>
</class>

<class classid="16" nclones="5" nlines="13" similarity="81">
<source file="systems/malbus/malbusssss/com/facebook/ads/internal/f.java" startline="155" endline="167" pcid="1369">
    public String a() {
      Parcel parcel1 = Parcel.obtain();
      Parcel parcel2 = Parcel.obtain();
      try {
        parcel1.writeInterfaceToken("com.google.android.gms.ads.identifier.internal.IAdvertisingIdService");
        this.a.transact(1, parcel1, parcel2, 0);
        parcel2.readException();
        return parcel2.readString();
      } finally {
        parcel2.recycle();
        parcel1.recycle();
      } 
    }
</source>
<source file="systems/malbus/Postermaker/ITrustedWebActivityService.java" startline="340" endline="353" pcid="2159">
      public int getSmallIconId() {
        Parcel parcel1 = Parcel.obtain();
        Parcel parcel2 = Parcel.obtain();
        try {
          parcel1.writeInterfaceToken("android.support.customtabs.trusted.ITrustedWebActivityService");
          if (!this.mRemote.transact(4, parcel1, parcel2, 0) && ITrustedWebActivityService.Stub.getDefaultImpl() != null)
            return ITrustedWebActivityService.Stub.getDefaultImpl().getSmallIconId(); 
          parcel2.readException();
          return parcel2.readInt();
        } finally {
          parcel2.recycle();
          parcel1.recycle();
        } 
      }
</source>
<source file="systems/malbus/Postermaker/ITrustedWebActivityService.java" startline="527" endline="540" pcid="2169">
    public int getSmallIconId() {
      Parcel parcel1 = Parcel.obtain();
      Parcel parcel2 = Parcel.obtain();
      try {
        parcel1.writeInterfaceToken("android.support.customtabs.trusted.ITrustedWebActivityService");
        if (!this.mRemote.transact(4, parcel1, parcel2, 0) && ITrustedWebActivityService.Stub.getDefaultImpl() != null)
          return ITrustedWebActivityService.Stub.getDefaultImpl().getSmallIconId(); 
        parcel2.readException();
        return parcel2.readInt();
      } finally {
        parcel2.recycle();
        parcel1.recycle();
      } 
    }
</source>
<source file="systems/malbus/Newsmax/ITrustedWebActivityService.java" startline="341" endline="354" pcid="2209">
      public int getSmallIconId() throws RemoteException {
        Parcel parcel1 = Parcel.obtain();
        Parcel parcel2 = Parcel.obtain();
        try {
          parcel1.writeInterfaceToken("android.support.customtabs.trusted.ITrustedWebActivityService");
          if (!this.mRemote.transact(4, parcel1, parcel2, 0) && ITrustedWebActivityService.Stub.getDefaultImpl() != null)
            return ITrustedWebActivityService.Stub.getDefaultImpl().getSmallIconId(); 
          parcel2.readException();
          return parcel2.readInt();
        } finally {
          parcel2.recycle();
          parcel1.recycle();
        } 
      }
</source>
<source file="systems/malbus/Newsmax/ITrustedWebActivityService.java" startline="528" endline="541" pcid="2219">
    public int getSmallIconId() throws RemoteException {
      Parcel parcel1 = Parcel.obtain();
      Parcel parcel2 = Parcel.obtain();
      try {
        parcel1.writeInterfaceToken("android.support.customtabs.trusted.ITrustedWebActivityService");
        if (!this.mRemote.transact(4, parcel1, parcel2, 0) && ITrustedWebActivityService.Stub.getDefaultImpl() != null)
          return ITrustedWebActivityService.Stub.getDefaultImpl().getSmallIconId(); 
        parcel2.readException();
        return parcel2.readInt();
      } finally {
        parcel2.recycle();
        parcel1.recycle();
      } 
    }
</source>
</class>

<class classid="17" nclones="2" nlines="22" similarity="90">
<source file="systems/malbus/malbusssss/com/facebook/ads/internal/e/c.java" startline="37" endline="57" pcid="1412">
  String a(int paramInt, String paramString1, double paramDouble1, double paramDouble2, String paramString2, Map<String, String> paramMap) {
    String str = UUID.randomUUID().toString();
    ContentValues contentValues = new ContentValues(7);
    contentValues.put(a.b, str);
    contentValues.put(b.b, Integer.valueOf(paramInt));
    contentValues.put(c.b, paramString1);
    contentValues.put(d.b, Double.valueOf(paramDouble1));
    contentValues.put(e.b, Double.valueOf(paramDouble2));
    contentValues.put(f.b, paramString2);
    paramString2 = g.b;
    if (paramMap != null) {
      paramString1 = (new JSONObject(paramMap)).toString();
      contentValues.put(paramString2, paramString1);
      e().insertOrThrow("crashes", null, contentValues);
      return str;
    } 
    paramString1 = null;
    contentValues.put(paramString2, paramString1);
    e().insertOrThrow("crashes", null, contentValues);
    return str;
  }
</source>
<source file="systems/malbus/malbusssss/com/facebook/ads/internal/e/d.java" startline="40" endline="61" pcid="1418">
  String a(String paramString1, int paramInt, String paramString2, double paramDouble1, double paramDouble2, String paramString3, Map<String, String> paramMap) {
    String str = UUID.randomUUID().toString();
    ContentValues contentValues = new ContentValues(7);
    contentValues.put(a.b, str);
    contentValues.put(b.b, paramString1);
    contentValues.put(c.b, Integer.valueOf(paramInt));
    contentValues.put(d.b, paramString2);
    contentValues.put(e.b, Double.valueOf(paramDouble1));
    contentValues.put(f.b, Double.valueOf(paramDouble2));
    contentValues.put(g.b, paramString3);
    paramString2 = h.b;
    if (paramMap != null) {
      paramString1 = (new JSONObject(paramMap)).toString();
      contentValues.put(paramString2, paramString1);
      e().insertOrThrow("events", null, contentValues);
      return str;
    } 
    paramString1 = null;
    contentValues.put(paramString2, paramString1);
    e().insertOrThrow("events", null, contentValues);
    return str;
  }
</source>
</class>

<class classid="18" nclones="2" nlines="10" similarity="100">
<source file="systems/malbus/malbusssss/com/facebook/ads/NativeAd.java" startline="161" endline="172" pcid="1484">
  private int getMinViewabilityPercentage() {
    byte b1 = 1;
    if (this.m != null)
      return this.m.e(); 
    int i = b1;
    if (this.k != null) {
      i = b1;
      if (this.k.a() != null)
        i = this.k.a().e(); 
    } 
    return i;
  }
</source>
<source file="systems/malbus/malbusssss/com/facebook/ads/NativeAd.java" startline="174" endline="185" pcid="1485">
  private int i() {
    byte b1 = 0;
    if (this.m != null)
      return this.m.f(); 
    int i = b1;
    if (this.k != null) {
      i = b1;
      if (this.k.a() != null)
        i = this.k.a().f(); 
    } 
    return i;
  }
</source>
</class>

<class classid="19" nclones="2" nlines="15" similarity="91">
<source file="systems/malbus/malbusssss/com/facebook/ads/RewardedVideoAd.java" startline="129" endline="142" pcid="1584">
  public boolean show() {
    boolean bool = false;
    if (!this.e) {
      boolean bool1 = bool;
      if (this.f != null) {
        this.f.onError(this, AdError.INTERNAL_ERROR);
        bool1 = bool;
      } 
      return bool1;
    } 
    this.d.c();
    this.e = false;
    return true;
  }
</source>
<source file="systems/malbus/malbusssss/com/facebook/ads/InterstitialAd.java" startline="115" endline="129" pcid="1605">
  public boolean show() {
    boolean bool = false;
    if (!this.e) {
      boolean bool1 = bool;
      if (this.g != null) {
        this.g.onError(this, AdError.INTERNAL_ERROR);
        bool1 = bool;
      } 
      return bool1;
    } 
    this.d.c();
    this.f = true;
    this.e = false;
    return true;
  }
</source>
</class>

<class classid="20" nclones="2" nlines="15" similarity="100">
<source file="systems/malbus/malbusssss/com/android/volley/toolbox/JsonObjectRequest.java" startline="32" endline="46" pcid="1684">
  protected Response<JSONObject> parseNetworkResponse(NetworkResponse paramNetworkResponse) {
    Response<JSONObject> response;
    try {
      String str = new String();
      this(paramNetworkResponse.data, HttpHeaderParser.parseCharset(paramNetworkResponse.headers, "utf-8"));
      JSONObject jSONObject = new JSONObject();
      this(str);
      response = Response.success(jSONObject, HttpHeaderParser.parseCacheHeaders(paramNetworkResponse));
    } catch (UnsupportedEncodingException unsupportedEncodingException) {
      response = Response.error((VolleyError)new ParseError(unsupportedEncodingException));
    } catch (JSONException jSONException) {
      response = Response.error((VolleyError)new ParseError((Throwable)jSONException));
    } 
    return response;
  }
</source>
<source file="systems/malbus/malbusssss/com/android/volley/toolbox/JsonArrayRequest.java" startline="41" endline="55" pcid="1697">
  protected Response<JSONArray> parseNetworkResponse(NetworkResponse paramNetworkResponse) {
    Response<JSONArray> response;
    try {
      String str = new String();
      this(paramNetworkResponse.data, HttpHeaderParser.parseCharset(paramNetworkResponse.headers, "utf-8"));
      JSONArray jSONArray = new JSONArray();
      this(str);
      response = Response.success(jSONArray, HttpHeaderParser.parseCacheHeaders(paramNetworkResponse));
    } catch (UnsupportedEncodingException unsupportedEncodingException) {
      response = Response.error((VolleyError)new ParseError(unsupportedEncodingException));
    } catch (JSONException jSONException) {
      response = Response.error((VolleyError)new ParseError((Throwable)jSONException));
    } 
    return response;
  }
</source>
</class>

<class classid="21" nclones="2" nlines="11" similarity="70">
<source file="systems/malbus/malbusssss/com/android/volley/toolbox/DiskBasedCache.java" startline="802" endline="811" pcid="1732">
    public CacheHeader(String param1String, Cache.Entry param1Entry) {
      this.key = param1String;
      this.size = param1Entry.data.length;
      this.etag = param1Entry.etag;
      this.serverDate = param1Entry.serverDate;
      this.lastModified = param1Entry.lastModified;
      this.ttl = param1Entry.ttl;
      this.softTtl = param1Entry.softTtl;
      this.responseHeaders = param1Entry.responseHeaders;
    }
</source>
<source file="systems/malbus/malbusssss/com/android/volley/toolbox/DiskBasedCache.java" startline="829" endline="839" pcid="1734">
    public Cache.Entry toCacheEntry(byte[] param1ArrayOfbyte) {
      Cache.Entry entry = new Cache.Entry();
      entry.data = param1ArrayOfbyte;
      entry.etag = this.etag;
      entry.serverDate = this.serverDate;
      entry.lastModified = this.lastModified;
      entry.ttl = this.ttl;
      entry.softTtl = this.softTtl;
      entry.responseHeaders = this.responseHeaders;
      return entry;
    }
</source>
</class>

<class classid="22" nclones="2" nlines="17" similarity="85">
<source file="systems/malbus/malbusssss/com/gc/materialdesign/views/ButtonFlat.java" startline="34" endline="52" pcid="1910">
  protected void onDraw(Canvas paramCanvas) {
    super.onDraw(paramCanvas);
    if (this.x != -1.0F) {
      Paint paint = new Paint();
      paint.setAntiAlias(true);
      paint.setColor(makePressColor());
      paramCanvas.drawCircle(this.x, this.y, this.radius, paint);
      if (this.radius > (getHeight() / this.rippleSize))
        this.radius += this.rippleSpeed; 
      if (this.radius >= getWidth()) {
        this.x = -1.0F;
        this.y = -1.0F;
        this.radius = (getHeight() / this.rippleSize);
        if (this.onClickListener != null && this.clickAfterRipple)
          this.onClickListener.onClick((View)this); 
      } 
      invalidate();
    } 
  }
</source>
<source file="systems/malbus/malbusssss/com/gc/materialdesign/views/ButtonIcon.java" startline="31" endline="48" pcid="2024">
  protected void onDraw(Canvas paramCanvas) {
    if (this.x != -1.0F) {
      Paint paint = new Paint();
      paint.setAntiAlias(true);
      paint.setColor(makePressColor());
      paramCanvas.drawCircle(this.x, this.y, this.radius, paint);
      if (this.radius > (getHeight() / this.rippleSize))
        this.radius += this.rippleSpeed; 
      if (this.radius >= (getWidth() / 2) - this.rippleSpeed) {
        this.x = -1.0F;
        this.y = -1.0F;
        this.radius = (getHeight() / this.rippleSize);
        if (this.onClickListener != null && this.clickAfterRipple)
          this.onClickListener.onClick((View)this); 
      } 
      invalidate();
    } 
  }
</source>
</class>

<class classid="23" nclones="5" nlines="23" similarity="88">
<source file="systems/malbus/malbusssss/com/gc/materialdesign/views/LayoutRipple.java" startline="76" endline="96" pcid="1932">
  protected int makePressColor() {
    int i = this.backgroundColor >> 16 & 0xFF;
    int j = this.backgroundColor >> 8 & 0xFF;
    int k = this.backgroundColor >> 0 & 0xFF;
    if (i - 30 < 0) {
      i = 0;
    } else {
      i -= 30;
    } 
    if (j - 30 < 0) {
      j = 0;
    } else {
      j -= 30;
    } 
    if (k - 30 < 0) {
      k = 0;
      return Color.rgb(i, j, k);
    } 
    k -= 30;
    return Color.rgb(i, j, k);
  }
</source>
<source file="systems/malbus/malbusssss/com/gc/materialdesign/views/Switch.java" startline="65" endline="85" pcid="2034">
  protected int makePressColor() {
    int i = this.backgroundColor >> 16 & 0xFF;
    int j = this.backgroundColor >> 8 & 0xFF;
    int k = this.backgroundColor >> 0 & 0xFF;
    if (i - 30 < 0) {
      i = 0;
    } else {
      i -= 30;
    } 
    if (j - 30 < 0) {
      j = 0;
    } else {
      j -= 30;
    } 
    if (k - 30 < 0) {
      k = 0;
      return Color.argb(70, i, j, k);
    } 
    k -= 30;
    return Color.argb(70, i, j, k);
  }
</source>
<source file="systems/malbus/malbusssss/com/gc/materialdesign/views/Button.java" startline="89" endline="109" pcid="1976">
  protected int makePressColor() {
    int i = this.backgroundColor >> 16 & 0xFF;
    int j = this.backgroundColor >> 8 & 0xFF;
    int k = this.backgroundColor >> 0 & 0xFF;
    if (i - 30 < 0) {
      i = 0;
    } else {
      i -= 30;
    } 
    if (j - 30 < 0) {
      j = 0;
    } else {
      j -= 30;
    } 
    if (k - 30 < 0) {
      k = 0;
      return Color.rgb(i, j, k);
    } 
    k -= 30;
    return Color.rgb(i, j, k);
  }
</source>
<source file="systems/malbus/malbusssss/com/gc/materialdesign/views/CheckBox.java" startline="51" endline="71" pcid="1958">
  protected int makePressColor() {
    int i = this.backgroundColor >> 16 & 0xFF;
    int j = this.backgroundColor >> 8 & 0xFF;
    int k = this.backgroundColor >> 0 & 0xFF;
    if (i - 30 < 0) {
      i = 0;
    } else {
      i -= 30;
    } 
    if (j - 30 < 0) {
      j = 0;
    } else {
      j -= 30;
    } 
    if (k - 30 < 0) {
      k = 0;
      return Color.argb(70, i, j, k);
    } 
    k -= 30;
    return Color.argb(70, i, j, k);
  }
</source>
<source file="systems/malbus/malbusssss/com/gc/materialdesign/views/Slider.java" startline="85" endline="105" pcid="1997">
  protected int makePressColor() {
    int i = this.backgroundColor >> 16 & 0xFF;
    int j = this.backgroundColor >> 8 & 0xFF;
    int k = this.backgroundColor >> 0 & 0xFF;
    if (i - 30 < 0) {
      i = 0;
    } else {
      i -= 30;
    } 
    if (j - 30 < 0) {
      j = 0;
    } else {
      j -= 30;
    } 
    if (k - 30 < 0) {
      k = 0;
      return Color.argb(70, i, j, k);
    } 
    k -= 30;
    return Color.argb(70, i, j, k);
  }
</source>
</class>

<class classid="24" nclones="2" nlines="40" similarity="73">
<source file="systems/malbus/malbusssss/com/gc/materialdesign/views/LayoutRipple.java" startline="119" endline="152" pcid="1936">
  public boolean onTouchEvent(MotionEvent paramMotionEvent) {
    invalidate();
    if (isEnabled()) {
      this.isLastTouch = true;
      if (paramMotionEvent.getAction() == 0) {
        this.radius = (getHeight() / this.rippleSize);
        this.x = paramMotionEvent.getX();
        this.y = paramMotionEvent.getY();
      } else if (paramMotionEvent.getAction() == 2) {
        this.radius = (getHeight() / this.rippleSize);
        this.x = paramMotionEvent.getX();
        this.y = paramMotionEvent.getY();
        if (paramMotionEvent.getX() > getWidth() || paramMotionEvent.getX() < 0.0F || paramMotionEvent.getY() > getHeight() || paramMotionEvent.getY() < 0.0F) {
          this.isLastTouch = false;
          this.x = -1.0F;
          this.y = -1.0F;
        } 
      } else if (paramMotionEvent.getAction() == 1) {
        if (paramMotionEvent.getX() <= getWidth() && paramMotionEvent.getX() >= 0.0F && paramMotionEvent.getY() <= getHeight() && paramMotionEvent.getY() >= 0.0F) {
          this.radius++;
        } else {
          this.isLastTouch = false;
          this.x = -1.0F;
          this.y = -1.0F;
        } 
      } 
      if (paramMotionEvent.getAction() == 3) {
        this.isLastTouch = false;
        this.x = -1.0F;
        this.y = -1.0F;
      } 
    } 
    return true;
  }
</source>
<source file="systems/malbus/malbusssss/com/gc/materialdesign/views/Button.java" startline="122" endline="164" pcid="1979">
  public boolean onTouchEvent(MotionEvent paramMotionEvent) {
    invalidate();
    if (isEnabled()) {
      this.isLastTouch = true;
      if (paramMotionEvent.getAction() == 0) {
        this.radius = (getHeight() / this.rippleSize);
        this.x = paramMotionEvent.getX();
        this.y = paramMotionEvent.getY();
        return true;
      } 
    } else {
      return true;
    } 
    if (paramMotionEvent.getAction() == 2) {
      this.radius = (getHeight() / this.rippleSize);
      this.x = paramMotionEvent.getX();
      this.y = paramMotionEvent.getY();
      if (paramMotionEvent.getX() > getWidth() || paramMotionEvent.getX() < 0.0F || paramMotionEvent.getY() > getHeight() || paramMotionEvent.getY() < 0.0F) {
        this.isLastTouch = false;
        this.x = -1.0F;
        this.y = -1.0F;
      } 
      return true;
    } 
    if (paramMotionEvent.getAction() == 1) {
      if (paramMotionEvent.getX() <= getWidth() && paramMotionEvent.getX() >= 0.0F && paramMotionEvent.getY() <= getHeight() && paramMotionEvent.getY() >= 0.0F) {
        this.radius++;
        if (!this.clickAfterRipple && this.onClickListener != null)
          this.onClickListener.onClick((View)this); 
        return true;
      } 
      this.isLastTouch = false;
      this.x = -1.0F;
      this.y = -1.0F;
      return true;
    } 
    if (paramMotionEvent.getAction() == 3) {
      this.isLastTouch = false;
      this.x = -1.0F;
      this.y = -1.0F;
    } 
    return true;
  }
</source>
</class>

<class classid="25" nclones="3" nlines="24" similarity="71">
<source file="systems/malbus/malbusssss/com/gc/materialdesign/views/CheckBox.java" startline="130" endline="154" pcid="1961">
  protected void setAttributes(AttributeSet paramAttributeSet) {
    setBackgroundResource(R.drawable.background_checkbox);
    setMinimumHeight(Utils.dpToPx(48.0F, getResources()));
    setMinimumWidth(Utils.dpToPx(48.0F, getResources()));
    int i = paramAttributeSet.getAttributeResourceValue("http://schemas.android.com/apk/res/android", "background", -1);
    if (i != -1) {
      setBackgroundColor(getResources().getColor(i));
    } else {
      i = paramAttributeSet.getAttributeIntValue("http://schemas.android.com/apk/res/android", "background", -1);
      if (i != -1)
        setBackgroundColor(i); 
    } 
    post(new Runnable() {
          public void run() {
            CheckBox.this.setChecked(check);
            CheckBox.this.setPressed(false);
            CheckBox.this.changeBackgroundColor(CheckBox.this.getResources().getColor(17170445));
          }
        });
    this.checkView = new Check(getContext());
    RelativeLayout.LayoutParams layoutParams = new RelativeLayout.LayoutParams(Utils.dpToPx(20.0F, getResources()), Utils.dpToPx(20.0F, getResources()));
    layoutParams.addRule(13, -1);
    this.checkView.setLayoutParams((ViewGroup.LayoutParams)layoutParams);
    addView(this.checkView);
  }
</source>
<source file="systems/malbus/malbusssss/com/gc/materialdesign/views/Slider.java" startline="200" endline="223" pcid="2000">
  protected void setAttributes(AttributeSet paramAttributeSet) {
    setBackgroundResource(R.drawable.background_transparent);
    setMinimumHeight(Utils.dpToPx(48.0F, getResources()));
    setMinimumWidth(Utils.dpToPx(80.0F, getResources()));
    int i = paramAttributeSet.getAttributeResourceValue("http://schemas.android.com/apk/res/android", "background", -1);
    if (i != -1) {
      setBackgroundColor(getResources().getColor(i));
    } else {
      i = paramAttributeSet.getAttributeIntValue("http://schemas.android.com/apk/res/android", "background", -1);
      if (i != -1)
        setBackgroundColor(i); 
    } 
    this.showNumberIndicator = paramAttributeSet.getAttributeBooleanValue("http://schemas.android.com/apk/res-auto", "showNumberIndicator", false);
    this.min = paramAttributeSet.getAttributeIntValue("http://schemas.android.com/apk/res-auto", "min", 0);
    this.max = paramAttributeSet.getAttributeIntValue("http://schemas.android.com/apk/res-auto", "max", 0);
    this.value = paramAttributeSet.getAttributeIntValue("http://schemas.android.com/apk/res-auto", "value", this.min);
    this.ball = new Ball(getContext());
    RelativeLayout.LayoutParams layoutParams = new RelativeLayout.LayoutParams(Utils.dpToPx(20.0F, getResources()), Utils.dpToPx(20.0F, getResources()));
    layoutParams.addRule(15, -1);
    this.ball.setLayoutParams((ViewGroup.LayoutParams)layoutParams);
    addView(this.ball);
    if (this.showNumberIndicator)
      this.numberIndicator = new NumberIndicator(getContext()); 
  }
</source>
<source file="systems/malbus/malbusssss/com/gc/materialdesign/views/Switch.java" startline="167" endline="186" pcid="2037">
  protected void setAttributes(AttributeSet paramAttributeSet) {
    setBackgroundResource(R.drawable.background_transparent);
    setMinimumHeight(Utils.dpToPx(48.0F, getResources()));
    setMinimumWidth(Utils.dpToPx(80.0F, getResources()));
    int i = paramAttributeSet.getAttributeResourceValue("http://schemas.android.com/apk/res/android", "background", -1);
    if (i != -1) {
      setBackgroundColor(getResources().getColor(i));
    } else {
      i = paramAttributeSet.getAttributeIntValue("http://schemas.android.com/apk/res/android", "background", -1);
      if (i != -1)
        setBackgroundColor(i); 
    } 
    this.check = paramAttributeSet.getAttributeBooleanValue("http://schemas.android.com/apk/res-auto", "check", false);
    this.eventCheck = this.check;
    this.ball = new Ball(getContext());
    RelativeLayout.LayoutParams layoutParams = new RelativeLayout.LayoutParams(Utils.dpToPx(20.0F, getResources()), Utils.dpToPx(20.0F, getResources()));
    layoutParams.addRule(15, -1);
    this.ball.setLayoutParams((ViewGroup.LayoutParams)layoutParams);
    addView(this.ball);
  }
</source>
</class>

<class classid="26" nclones="3" nlines="21" similarity="100">
<source file="systems/malbus/malbusssss/com/gc/materialdesign/widgets/Dialog.java" startline="55" endline="73" pcid="2065">
  public void dismiss() {
    Animation animation1 = AnimationUtils.loadAnimation(this.context, R.anim.dialog_main_hide_amination);
    animation1.setAnimationListener(new Animation.AnimationListener() {
          public void onAnimationEnd(Animation param1Animation) {
            Dialog.this.view.post(new Runnable() {
                  public void run() {
                    Dialog.this.dismiss();
                  }
                });
          }
          
          public void onAnimationRepeat(Animation param1Animation) {}
          
          public void onAnimationStart(Animation param1Animation) {}
        });
    Animation animation2 = AnimationUtils.loadAnimation(this.context, R.anim.dialog_root_hide_amin);
    this.view.startAnimation(animation1);
    this.backView.startAnimation(animation2);
  }
</source>
<source file="systems/malbus/malbusssss/com/gc/materialdesign/widgets/ColorSelector.java" startline="50" endline="68" pcid="2113">
  public void dismiss() {
    Animation animation1 = AnimationUtils.loadAnimation(this.context, R.anim.dialog_main_hide_amination);
    animation1.setAnimationListener(new Animation.AnimationListener() {
          public void onAnimationEnd(Animation param1Animation) {
            ColorSelector.this.view.post(new Runnable() {
                  public void run() {
                    ColorSelector.this.dismiss();
                  }
                });
          }
          
          public void onAnimationRepeat(Animation param1Animation) {}
          
          public void onAnimationStart(Animation param1Animation) {}
        });
    Animation animation2 = AnimationUtils.loadAnimation(this.context, R.anim.dialog_root_hide_amin);
    this.view.startAnimation(animation1);
    this.backView.startAnimation(animation2);
  }
</source>
<source file="systems/malbus/malbusssss/com/gc/materialdesign/widgets/ProgressDialog.java" startline="40" endline="58" pcid="2125">
  public void dismiss() {
    Animation animation1 = AnimationUtils.loadAnimation(this.context, R.anim.dialog_main_hide_amination);
    animation1.setAnimationListener(new Animation.AnimationListener() {
          public void onAnimationEnd(Animation param1Animation) {
            ProgressDialog.this.view.post(new Runnable() {
                  public void run() {
                    ProgressDialog.this.dismiss();
                  }
                });
          }
          
          public void onAnimationRepeat(Animation param1Animation) {}
          
          public void onAnimationStart(Animation param1Animation) {}
        });
    Animation animation2 = AnimationUtils.loadAnimation(this.context, R.anim.dialog_root_hide_amin);
    this.view.startAnimation(animation1);
    this.backView.startAnimation(animation2);
  }
</source>
</class>

<class classid="27" nclones="4" nlines="10" similarity="100">
<source file="systems/malbus/Postermaker/ITrustedWebActivityService.java" startline="88" endline="97" pcid="2148">
    public static boolean setDefaultImpl(ITrustedWebActivityService param1ITrustedWebActivityService) {
      if (Proxy.sDefaultImpl == null) {
        if (param1ITrustedWebActivityService != null) {
          Proxy.sDefaultImpl = param1ITrustedWebActivityService;
          return true;
        } 
        return false;
      } 
      throw new IllegalStateException("setDefaultImpl() called twice");
    }
</source>
<source file="systems/malbus/Newsmax/ITrustedWebActivityCallback.java" startline="41" endline="50" pcid="2226">
    public static boolean setDefaultImpl(ITrustedWebActivityCallback param1ITrustedWebActivityCallback) {
      if (Proxy.sDefaultImpl == null) {
        if (param1ITrustedWebActivityCallback != null) {
          Proxy.sDefaultImpl = param1ITrustedWebActivityCallback;
          return true;
        } 
        return false;
      } 
      throw new IllegalStateException("setDefaultImpl() called twice");
    }
</source>
<source file="systems/malbus/Newsmax/ITrustedWebActivityService.java" startline="89" endline="98" pcid="2198">
    public static boolean setDefaultImpl(ITrustedWebActivityService param1ITrustedWebActivityService) {
      if (Proxy.sDefaultImpl == null) {
        if (param1ITrustedWebActivityService != null) {
          Proxy.sDefaultImpl = param1ITrustedWebActivityService;
          return true;
        } 
        return false;
      } 
      throw new IllegalStateException("setDefaultImpl() called twice");
    }
</source>
<source file="systems/malbus/Postermaker/ITrustedWebActivityCallback.java" startline="40" endline="49" pcid="2176">
    public static boolean setDefaultImpl(ITrustedWebActivityCallback param1ITrustedWebActivityCallback) {
      if (Proxy.sDefaultImpl == null) {
        if (param1ITrustedWebActivityCallback != null) {
          Proxy.sDefaultImpl = param1ITrustedWebActivityCallback;
          return true;
        } 
        return false;
      } 
      throw new IllegalStateException("setDefaultImpl() called twice");
    }
</source>
</class>

<class classid="28" nclones="2" nlines="90" similarity="98">
<source file="systems/malbus/Postermaker/ITrustedWebActivityService.java" startline="103" endline="196" pcid="2150">
    public boolean onTransact(int param1Int1, Parcel param1Parcel1, Parcel param1Parcel2, int param1Int2) {
      Bundle bundle4 = null;
      Bundle bundle5 = null;
      Bundle bundle2 = null;
      Bundle bundle3 = null;
      if (param1Int1 != 9) {
        if (param1Int1 != 1598968902) {
          switch (param1Int1) {
            default:
              return super.onTransact(param1Int1, param1Parcel1, param1Parcel2, param1Int2);
            case 7:
              param1Parcel1.enforceInterface("android.support.customtabs.trusted.ITrustedWebActivityService");
              bundle1 = getSmallIconBitmap();
              param1Parcel2.writeNoException();
              if (bundle1 != null) {
                param1Parcel2.writeInt(1);
                bundle1.writeToParcel(param1Parcel2, 1);
                return true;
              } 
              param1Parcel2.writeInt(0);
              return true;
            case 6:
              bundle1.enforceInterface("android.support.customtabs.trusted.ITrustedWebActivityService");
              bundle2 = bundle3;
              if (bundle1.readInt() != 0)
                bundle2 = (Bundle)Bundle.CREATOR.createFromParcel((Parcel)bundle1); 
              bundle1 = areNotificationsEnabled(bundle2);
              param1Parcel2.writeNoException();
              if (bundle1 != null) {
                param1Parcel2.writeInt(1);
                bundle1.writeToParcel(param1Parcel2, 1);
                return true;
              } 
              param1Parcel2.writeInt(0);
              return true;
            case 5:
              bundle1.enforceInterface("android.support.customtabs.trusted.ITrustedWebActivityService");
              bundle1 = getActiveNotifications();
              param1Parcel2.writeNoException();
              if (bundle1 != null) {
                param1Parcel2.writeInt(1);
                bundle1.writeToParcel(param1Parcel2, 1);
                return true;
              } 
              param1Parcel2.writeInt(0);
              return true;
            case 4:
              bundle1.enforceInterface("android.support.customtabs.trusted.ITrustedWebActivityService");
              param1Int1 = getSmallIconId();
              param1Parcel2.writeNoException();
              param1Parcel2.writeInt(param1Int1);
              return true;
            case 3:
              bundle1.enforceInterface("android.support.customtabs.trusted.ITrustedWebActivityService");
              bundle2 = bundle4;
              if (bundle1.readInt() != 0)
                bundle2 = (Bundle)Bundle.CREATOR.createFromParcel((Parcel)bundle1); 
              cancelNotification(bundle2);
              param1Parcel2.writeNoException();
              return true;
            case 2:
              break;
          } 
          bundle1.enforceInterface("android.support.customtabs.trusted.ITrustedWebActivityService");
          bundle2 = bundle5;
          if (bundle1.readInt() != 0)
            bundle2 = (Bundle)Bundle.CREATOR.createFromParcel((Parcel)bundle1); 
          bundle1 = notifyNotificationWithChannel(bundle2);
          param1Parcel2.writeNoException();
          if (bundle1 != null) {
            param1Parcel2.writeInt(1);
            bundle1.writeToParcel(param1Parcel2, 1);
            return true;
          } 
          param1Parcel2.writeInt(0);
          return true;
        } 
        param1Parcel2.writeString("android.support.customtabs.trusted.ITrustedWebActivityService");
        return true;
      } 
      bundle1.enforceInterface("android.support.customtabs.trusted.ITrustedWebActivityService");
      String str = bundle1.readString();
      if (bundle1.readInt() != 0)
        bundle2 = (Bundle)Bundle.CREATOR.createFromParcel((Parcel)bundle1); 
      Bundle bundle1 = extraCommand(str, bundle2, bundle1.readStrongBinder());
      param1Parcel2.writeNoException();
      if (bundle1 != null) {
        param1Parcel2.writeInt(1);
        bundle1.writeToParcel(param1Parcel2, 1);
        return true;
      } 
      param1Parcel2.writeInt(0);
      return true;
    }
</source>
<source file="systems/malbus/Newsmax/ITrustedWebActivityService.java" startline="104" endline="197" pcid="2200">
    public boolean onTransact(int param1Int1, Parcel param1Parcel1, Parcel param1Parcel2, int param1Int2) throws RemoteException {
      Bundle bundle4 = null;
      Bundle bundle5 = null;
      Bundle bundle2 = null;
      Bundle bundle3 = null;
      if (param1Int1 != 9) {
        if (param1Int1 != 1598968902) {
          switch (param1Int1) {
            default:
              return super.onTransact(param1Int1, param1Parcel1, param1Parcel2, param1Int2);
            case 7:
              param1Parcel1.enforceInterface("android.support.customtabs.trusted.ITrustedWebActivityService");
              bundle1 = getSmallIconBitmap();
              param1Parcel2.writeNoException();
              if (bundle1 != null) {
                param1Parcel2.writeInt(1);
                bundle1.writeToParcel(param1Parcel2, 1);
                return true;
              } 
              param1Parcel2.writeInt(0);
              return true;
            case 6:
              bundle1.enforceInterface("android.support.customtabs.trusted.ITrustedWebActivityService");
              bundle2 = bundle3;
              if (bundle1.readInt() != 0)
                bundle2 = (Bundle)Bundle.CREATOR.createFromParcel((Parcel)bundle1); 
              bundle1 = areNotificationsEnabled(bundle2);
              param1Parcel2.writeNoException();
              if (bundle1 != null) {
                param1Parcel2.writeInt(1);
                bundle1.writeToParcel(param1Parcel2, 1);
                return true;
              } 
              param1Parcel2.writeInt(0);
              return true;
            case 5:
              bundle1.enforceInterface("android.support.customtabs.trusted.ITrustedWebActivityService");
              bundle1 = getActiveNotifications();
              param1Parcel2.writeNoException();
              if (bundle1 != null) {
                param1Parcel2.writeInt(1);
                bundle1.writeToParcel(param1Parcel2, 1);
                return true;
              } 
              param1Parcel2.writeInt(0);
              return true;
            case 4:
              bundle1.enforceInterface("android.support.customtabs.trusted.ITrustedWebActivityService");
              param1Int1 = getSmallIconId();
              param1Parcel2.writeNoException();
              param1Parcel2.writeInt(param1Int1);
              return true;
            case 3:
              bundle1.enforceInterface("android.support.customtabs.trusted.ITrustedWebActivityService");
              bundle2 = bundle4;
              if (bundle1.readInt() != 0)
                bundle2 = (Bundle)Bundle.CREATOR.createFromParcel((Parcel)bundle1); 
              cancelNotification(bundle2);
              param1Parcel2.writeNoException();
              return true;
            case 2:
              break;
          } 
          bundle1.enforceInterface("android.support.customtabs.trusted.ITrustedWebActivityService");
          bundle2 = bundle5;
          if (bundle1.readInt() != 0)
            bundle2 = (Bundle)Bundle.CREATOR.createFromParcel((Parcel)bundle1); 
          bundle1 = notifyNotificationWithChannel(bundle2);
          param1Parcel2.writeNoException();
          if (bundle1 != null) {
            param1Parcel2.writeInt(1);
            bundle1.writeToParcel(param1Parcel2, 1);
            return true;
          } 
          param1Parcel2.writeInt(0);
          return true;
        } 
        param1Parcel2.writeString("android.support.customtabs.trusted.ITrustedWebActivityService");
        return true;
      } 
      bundle1.enforceInterface("android.support.customtabs.trusted.ITrustedWebActivityService");
      String str = bundle1.readString();
      if (bundle1.readInt() != 0)
        bundle2 = (Bundle)Bundle.CREATOR.createFromParcel((Parcel)bundle1); 
      Bundle bundle1 = extraCommand(str, bundle2, bundle1.readStrongBinder());
      param1Parcel2.writeNoException();
      if (bundle1 != null) {
        param1Parcel2.writeInt(1);
        bundle1.writeToParcel(param1Parcel2, 1);
        return true;
      } 
      param1Parcel2.writeInt(0);
      return true;
    }
</source>
</class>

<class classid="29" nclones="12" nlines="29" similarity="72">
<source file="systems/malbus/Postermaker/ITrustedWebActivityService.java" startline="207" endline="233" pcid="2152">
      public Bundle areNotificationsEnabled(Bundle param2Bundle) {
        Parcel parcel1 = Parcel.obtain();
        Parcel parcel2 = Parcel.obtain();
        try {
          parcel1.writeInterfaceToken("android.support.customtabs.trusted.ITrustedWebActivityService");
          if (param2Bundle != null) {
            parcel1.writeInt(1);
            param2Bundle.writeToParcel(parcel1, 0);
          } else {
            parcel1.writeInt(0);
          } 
          if (!this.mRemote.transact(6, parcel1, parcel2, 0) && ITrustedWebActivityService.Stub.getDefaultImpl() != null) {
            param2Bundle = ITrustedWebActivityService.Stub.getDefaultImpl().areNotificationsEnabled(param2Bundle);
            return param2Bundle;
          } 
          parcel2.readException();
          if (parcel2.readInt() != 0) {
            param2Bundle = (Bundle)Bundle.CREATOR.createFromParcel(parcel2);
          } else {
            param2Bundle = null;
          } 
          return param2Bundle;
        } finally {
          parcel2.recycle();
          parcel1.recycle();
        } 
      }
</source>
<source file="systems/malbus/Postermaker/ITrustedWebActivityService.java" startline="394" endline="420" pcid="2162">
    public Bundle areNotificationsEnabled(Bundle param1Bundle) {
      Parcel parcel1 = Parcel.obtain();
      Parcel parcel2 = Parcel.obtain();
      try {
        parcel1.writeInterfaceToken("android.support.customtabs.trusted.ITrustedWebActivityService");
        if (param1Bundle != null) {
          parcel1.writeInt(1);
          param1Bundle.writeToParcel(parcel1, 0);
        } else {
          parcel1.writeInt(0);
        } 
        if (!this.mRemote.transact(6, parcel1, parcel2, 0) && ITrustedWebActivityService.Stub.getDefaultImpl() != null) {
          param1Bundle = ITrustedWebActivityService.Stub.getDefaultImpl().areNotificationsEnabled(param1Bundle);
          return param1Bundle;
        } 
        parcel2.readException();
        if (parcel2.readInt() != 0) {
          param1Bundle = (Bundle)Bundle.CREATOR.createFromParcel(parcel2);
        } else {
          param1Bundle = null;
        } 
        return param1Bundle;
      } finally {
        parcel2.recycle();
        parcel1.recycle();
      } 
    }
</source>
<source file="systems/malbus/Newsmax/ITrustedWebActivityService.java" startline="356" endline="382" pcid="2210">
      public Bundle notifyNotificationWithChannel(Bundle param2Bundle) throws RemoteException {
        Parcel parcel1 = Parcel.obtain();
        Parcel parcel2 = Parcel.obtain();
        try {
          parcel1.writeInterfaceToken("android.support.customtabs.trusted.ITrustedWebActivityService");
          if (param2Bundle != null) {
            parcel1.writeInt(1);
            param2Bundle.writeToParcel(parcel1, 0);
          } else {
            parcel1.writeInt(0);
          } 
          if (!this.mRemote.transact(2, parcel1, parcel2, 0) && ITrustedWebActivityService.Stub.getDefaultImpl() != null) {
            param2Bundle = ITrustedWebActivityService.Stub.getDefaultImpl().notifyNotificationWithChannel(param2Bundle);
            return param2Bundle;
          } 
          parcel2.readException();
          if (parcel2.readInt() != 0) {
            param2Bundle = (Bundle)Bundle.CREATOR.createFromParcel(parcel2);
          } else {
            param2Bundle = null;
          } 
          return param2Bundle;
        } finally {
          parcel2.recycle();
          parcel1.recycle();
        } 
      }
</source>
<source file="systems/malbus/Postermaker/ITrustedWebActivityService.java" startline="262" endline="288" pcid="2155">
      public Bundle extraCommand(String param2String, Bundle param2Bundle, IBinder param2IBinder) {
        Parcel parcel1 = Parcel.obtain();
        Parcel parcel2 = Parcel.obtain();
        try {
          parcel1.writeInterfaceToken("android.support.customtabs.trusted.ITrustedWebActivityService");
          parcel1.writeString(param2String);
          if (param2Bundle != null) {
            parcel1.writeInt(1);
            param2Bundle.writeToParcel(parcel1, 0);
          } else {
            parcel1.writeInt(0);
          } 
          parcel1.writeStrongBinder(param2IBinder);
          if (!this.mRemote.transact(9, parcel1, parcel2, 0) && ITrustedWebActivityService.Stub.getDefaultImpl() != null)
            return ITrustedWebActivityService.Stub.getDefaultImpl().extraCommand(param2String, param2Bundle, param2IBinder); 
          parcel2.readException();
          if (parcel2.readInt() != 0) {
            Bundle bundle = (Bundle)Bundle.CREATOR.createFromParcel(parcel2);
          } else {
            param2String = null;
          } 
          return (Bundle)param2String;
        } finally {
          parcel2.recycle();
          parcel1.recycle();
        } 
      }
</source>
<source file="systems/malbus/Newsmax/ITrustedWebActivityService.java" startline="263" endline="289" pcid="2205">
      public Bundle extraCommand(String param2String, Bundle param2Bundle, IBinder param2IBinder) throws RemoteException {
        Parcel parcel1 = Parcel.obtain();
        Parcel parcel2 = Parcel.obtain();
        try {
          parcel1.writeInterfaceToken("android.support.customtabs.trusted.ITrustedWebActivityService");
          parcel1.writeString(param2String);
          if (param2Bundle != null) {
            parcel1.writeInt(1);
            param2Bundle.writeToParcel(parcel1, 0);
          } else {
            parcel1.writeInt(0);
          } 
          parcel1.writeStrongBinder(param2IBinder);
          if (!this.mRemote.transact(9, parcel1, parcel2, 0) && ITrustedWebActivityService.Stub.getDefaultImpl() != null)
            return ITrustedWebActivityService.Stub.getDefaultImpl().extraCommand(param2String, param2Bundle, param2IBinder); 
          parcel2.readException();
          if (parcel2.readInt() != 0) {
            Bundle bundle = (Bundle)Bundle.CREATOR.createFromParcel(parcel2);
          } else {
            param2String = null;
          } 
          return (Bundle)param2String;
        } finally {
          parcel2.recycle();
          parcel1.recycle();
        } 
      }
</source>
<source file="systems/malbus/Newsmax/ITrustedWebActivityService.java" startline="450" endline="476" pcid="2215">
    public Bundle extraCommand(String param1String, Bundle param1Bundle, IBinder param1IBinder) throws RemoteException {
      Parcel parcel1 = Parcel.obtain();
      Parcel parcel2 = Parcel.obtain();
      try {
        parcel1.writeInterfaceToken("android.support.customtabs.trusted.ITrustedWebActivityService");
        parcel1.writeString(param1String);
        if (param1Bundle != null) {
          parcel1.writeInt(1);
          param1Bundle.writeToParcel(parcel1, 0);
        } else {
          parcel1.writeInt(0);
        } 
        parcel1.writeStrongBinder(param1IBinder);
        if (!this.mRemote.transact(9, parcel1, parcel2, 0) && ITrustedWebActivityService.Stub.getDefaultImpl() != null)
          return ITrustedWebActivityService.Stub.getDefaultImpl().extraCommand(param1String, param1Bundle, param1IBinder); 
        parcel2.readException();
        if (parcel2.readInt() != 0) {
          Bundle bundle = (Bundle)Bundle.CREATOR.createFromParcel(parcel2);
        } else {
          param1String = null;
        } 
        return (Bundle)param1String;
      } finally {
        parcel2.recycle();
        parcel1.recycle();
      } 
    }
</source>
<source file="systems/malbus/Newsmax/ITrustedWebActivityService.java" startline="543" endline="569" pcid="2220">
    public Bundle notifyNotificationWithChannel(Bundle param1Bundle) throws RemoteException {
      Parcel parcel1 = Parcel.obtain();
      Parcel parcel2 = Parcel.obtain();
      try {
        parcel1.writeInterfaceToken("android.support.customtabs.trusted.ITrustedWebActivityService");
        if (param1Bundle != null) {
          parcel1.writeInt(1);
          param1Bundle.writeToParcel(parcel1, 0);
        } else {
          parcel1.writeInt(0);
        } 
        if (!this.mRemote.transact(2, parcel1, parcel2, 0) && ITrustedWebActivityService.Stub.getDefaultImpl() != null) {
          param1Bundle = ITrustedWebActivityService.Stub.getDefaultImpl().notifyNotificationWithChannel(param1Bundle);
          return param1Bundle;
        } 
        parcel2.readException();
        if (parcel2.readInt() != 0) {
          param1Bundle = (Bundle)Bundle.CREATOR.createFromParcel(parcel2);
        } else {
          param1Bundle = null;
        } 
        return param1Bundle;
      } finally {
        parcel2.recycle();
        parcel1.recycle();
      } 
    }
</source>
<source file="systems/malbus/Newsmax/ITrustedWebActivityService.java" startline="208" endline="234" pcid="2202">
      public Bundle areNotificationsEnabled(Bundle param2Bundle) throws RemoteException {
        Parcel parcel1 = Parcel.obtain();
        Parcel parcel2 = Parcel.obtain();
        try {
          parcel1.writeInterfaceToken("android.support.customtabs.trusted.ITrustedWebActivityService");
          if (param2Bundle != null) {
            parcel1.writeInt(1);
            param2Bundle.writeToParcel(parcel1, 0);
          } else {
            parcel1.writeInt(0);
          } 
          if (!this.mRemote.transact(6, parcel1, parcel2, 0) && ITrustedWebActivityService.Stub.getDefaultImpl() != null) {
            param2Bundle = ITrustedWebActivityService.Stub.getDefaultImpl().areNotificationsEnabled(param2Bundle);
            return param2Bundle;
          } 
          parcel2.readException();
          if (parcel2.readInt() != 0) {
            param2Bundle = (Bundle)Bundle.CREATOR.createFromParcel(parcel2);
          } else {
            param2Bundle = null;
          } 
          return param2Bundle;
        } finally {
          parcel2.recycle();
          parcel1.recycle();
        } 
      }
</source>
<source file="systems/malbus/Newsmax/ITrustedWebActivityService.java" startline="395" endline="421" pcid="2212">
    public Bundle areNotificationsEnabled(Bundle param1Bundle) throws RemoteException {
      Parcel parcel1 = Parcel.obtain();
      Parcel parcel2 = Parcel.obtain();
      try {
        parcel1.writeInterfaceToken("android.support.customtabs.trusted.ITrustedWebActivityService");
        if (param1Bundle != null) {
          parcel1.writeInt(1);
          param1Bundle.writeToParcel(parcel1, 0);
        } else {
          parcel1.writeInt(0);
        } 
        if (!this.mRemote.transact(6, parcel1, parcel2, 0) && ITrustedWebActivityService.Stub.getDefaultImpl() != null) {
          param1Bundle = ITrustedWebActivityService.Stub.getDefaultImpl().areNotificationsEnabled(param1Bundle);
          return param1Bundle;
        } 
        parcel2.readException();
        if (parcel2.readInt() != 0) {
          param1Bundle = (Bundle)Bundle.CREATOR.createFromParcel(parcel2);
        } else {
          param1Bundle = null;
        } 
        return param1Bundle;
      } finally {
        parcel2.recycle();
        parcel1.recycle();
      } 
    }
</source>
<source file="systems/malbus/Postermaker/ITrustedWebActivityService.java" startline="355" endline="381" pcid="2160">
      public Bundle notifyNotificationWithChannel(Bundle param2Bundle) {
        Parcel parcel1 = Parcel.obtain();
        Parcel parcel2 = Parcel.obtain();
        try {
          parcel1.writeInterfaceToken("android.support.customtabs.trusted.ITrustedWebActivityService");
          if (param2Bundle != null) {
            parcel1.writeInt(1);
            param2Bundle.writeToParcel(parcel1, 0);
          } else {
            parcel1.writeInt(0);
          } 
          if (!this.mRemote.transact(2, parcel1, parcel2, 0) && ITrustedWebActivityService.Stub.getDefaultImpl() != null) {
            param2Bundle = ITrustedWebActivityService.Stub.getDefaultImpl().notifyNotificationWithChannel(param2Bundle);
            return param2Bundle;
          } 
          parcel2.readException();
          if (parcel2.readInt() != 0) {
            param2Bundle = (Bundle)Bundle.CREATOR.createFromParcel(parcel2);
          } else {
            param2Bundle = null;
          } 
          return param2Bundle;
        } finally {
          parcel2.recycle();
          parcel1.recycle();
        } 
      }
</source>
<source file="systems/malbus/Postermaker/ITrustedWebActivityService.java" startline="542" endline="568" pcid="2170">
    public Bundle notifyNotificationWithChannel(Bundle param1Bundle) {
      Parcel parcel1 = Parcel.obtain();
      Parcel parcel2 = Parcel.obtain();
      try {
        parcel1.writeInterfaceToken("android.support.customtabs.trusted.ITrustedWebActivityService");
        if (param1Bundle != null) {
          parcel1.writeInt(1);
          param1Bundle.writeToParcel(parcel1, 0);
        } else {
          parcel1.writeInt(0);
        } 
        if (!this.mRemote.transact(2, parcel1, parcel2, 0) && ITrustedWebActivityService.Stub.getDefaultImpl() != null) {
          param1Bundle = ITrustedWebActivityService.Stub.getDefaultImpl().notifyNotificationWithChannel(param1Bundle);
          return param1Bundle;
        } 
        parcel2.readException();
        if (parcel2.readInt() != 0) {
          param1Bundle = (Bundle)Bundle.CREATOR.createFromParcel(parcel2);
        } else {
          param1Bundle = null;
        } 
        return param1Bundle;
      } finally {
        parcel2.recycle();
        parcel1.recycle();
      } 
    }
</source>
<source file="systems/malbus/Postermaker/ITrustedWebActivityService.java" startline="449" endline="475" pcid="2165">
    public Bundle extraCommand(String param1String, Bundle param1Bundle, IBinder param1IBinder) {
      Parcel parcel1 = Parcel.obtain();
      Parcel parcel2 = Parcel.obtain();
      try {
        parcel1.writeInterfaceToken("android.support.customtabs.trusted.ITrustedWebActivityService");
        parcel1.writeString(param1String);
        if (param1Bundle != null) {
          parcel1.writeInt(1);
          param1Bundle.writeToParcel(parcel1, 0);
        } else {
          parcel1.writeInt(0);
        } 
        parcel1.writeStrongBinder(param1IBinder);
        if (!this.mRemote.transact(9, parcel1, parcel2, 0) && ITrustedWebActivityService.Stub.getDefaultImpl() != null)
          return ITrustedWebActivityService.Stub.getDefaultImpl().extraCommand(param1String, param1Bundle, param1IBinder); 
        parcel2.readException();
        if (parcel2.readInt() != 0) {
          Bundle bundle = (Bundle)Bundle.CREATOR.createFromParcel(parcel2);
        } else {
          param1String = null;
        } 
        return (Bundle)param1String;
      } finally {
        parcel2.recycle();
        parcel1.recycle();
      } 
    }
</source>
</class>

<class classid="30" nclones="8" nlines="23" similarity="84">
<source file="systems/malbus/Postermaker/ITrustedWebActivityService.java" startline="239" endline="260" pcid="2154">
      public void cancelNotification(Bundle param2Bundle) {
        Parcel parcel1 = Parcel.obtain();
        Parcel parcel2 = Parcel.obtain();
        try {
          parcel1.writeInterfaceToken("android.support.customtabs.trusted.ITrustedWebActivityService");
          if (param2Bundle != null) {
            parcel1.writeInt(1);
            param2Bundle.writeToParcel(parcel1, 0);
          } else {
            parcel1.writeInt(0);
          } 
          if (!this.mRemote.transact(3, parcel1, parcel2, 0) && ITrustedWebActivityService.Stub.getDefaultImpl() != null) {
            ITrustedWebActivityService.Stub.getDefaultImpl().cancelNotification(param2Bundle);
            return;
          } 
          parcel2.readException();
          return;
        } finally {
          parcel2.recycle();
          parcel1.recycle();
        } 
      }
</source>
<source file="systems/malbus/Postermaker/ITrustedWebActivityService.java" startline="426" endline="447" pcid="2164">
    public void cancelNotification(Bundle param1Bundle) {
      Parcel parcel1 = Parcel.obtain();
      Parcel parcel2 = Parcel.obtain();
      try {
        parcel1.writeInterfaceToken("android.support.customtabs.trusted.ITrustedWebActivityService");
        if (param1Bundle != null) {
          parcel1.writeInt(1);
          param1Bundle.writeToParcel(parcel1, 0);
        } else {
          parcel1.writeInt(0);
        } 
        if (!this.mRemote.transact(3, parcel1, parcel2, 0) && ITrustedWebActivityService.Stub.getDefaultImpl() != null) {
          ITrustedWebActivityService.Stub.getDefaultImpl().cancelNotification(param1Bundle);
          return;
        } 
        parcel2.readException();
        return;
      } finally {
        parcel2.recycle();
        parcel1.recycle();
      } 
    }
</source>
<source file="systems/malbus/Newsmax/ITrustedWebActivityService.java" startline="427" endline="448" pcid="2214">
    public void cancelNotification(Bundle param1Bundle) throws RemoteException {
      Parcel parcel1 = Parcel.obtain();
      Parcel parcel2 = Parcel.obtain();
      try {
        parcel1.writeInterfaceToken("android.support.customtabs.trusted.ITrustedWebActivityService");
        if (param1Bundle != null) {
          parcel1.writeInt(1);
          param1Bundle.writeToParcel(parcel1, 0);
        } else {
          parcel1.writeInt(0);
        } 
        if (!this.mRemote.transact(3, parcel1, parcel2, 0) && ITrustedWebActivityService.Stub.getDefaultImpl() != null) {
          ITrustedWebActivityService.Stub.getDefaultImpl().cancelNotification(param1Bundle);
          return;
        } 
        parcel2.readException();
        return;
      } finally {
        parcel2.recycle();
        parcel1.recycle();
      } 
    }
</source>
<source file="systems/malbus/Newsmax/ITrustedWebActivityCallback.java" startline="135" endline="157" pcid="2236">
    public void onExtraCallback(String param1String, Bundle param1Bundle) throws RemoteException {
      Parcel parcel1 = Parcel.obtain();
      Parcel parcel2 = Parcel.obtain();
      try {
        parcel1.writeInterfaceToken("android.support.customtabs.trusted.ITrustedWebActivityCallback");
        parcel1.writeString(param1String);
        if (param1Bundle != null) {
          parcel1.writeInt(1);
          param1Bundle.writeToParcel(parcel1, 0);
        } else {
          parcel1.writeInt(0);
        } 
        if (!this.mRemote.transact(2, parcel1, parcel2, 0) && ITrustedWebActivityCallback.Stub.getDefaultImpl() != null) {
          ITrustedWebActivityCallback.Stub.getDefaultImpl().onExtraCallback(param1String, param1Bundle);
          return;
        } 
        parcel2.readException();
        return;
      } finally {
        parcel2.recycle();
        parcel1.recycle();
      } 
    }
</source>
<source file="systems/malbus/Newsmax/ITrustedWebActivityCallback.java" startline="92" endline="114" pcid="2232">
      public void onExtraCallback(String param2String, Bundle param2Bundle) throws RemoteException {
        Parcel parcel1 = Parcel.obtain();
        Parcel parcel2 = Parcel.obtain();
        try {
          parcel1.writeInterfaceToken("android.support.customtabs.trusted.ITrustedWebActivityCallback");
          parcel1.writeString(param2String);
          if (param2Bundle != null) {
            parcel1.writeInt(1);
            param2Bundle.writeToParcel(parcel1, 0);
          } else {
            parcel1.writeInt(0);
          } 
          if (!this.mRemote.transact(2, parcel1, parcel2, 0) && ITrustedWebActivityCallback.Stub.getDefaultImpl() != null) {
            ITrustedWebActivityCallback.Stub.getDefaultImpl().onExtraCallback(param2String, param2Bundle);
            return;
          } 
          parcel2.readException();
          return;
        } finally {
          parcel2.recycle();
          parcel1.recycle();
        } 
      }
</source>
<source file="systems/malbus/Postermaker/ITrustedWebActivityCallback.java" startline="134" endline="156" pcid="2186">
    public void onExtraCallback(String param1String, Bundle param1Bundle) {
      Parcel parcel1 = Parcel.obtain();
      Parcel parcel2 = Parcel.obtain();
      try {
        parcel1.writeInterfaceToken("android.support.customtabs.trusted.ITrustedWebActivityCallback");
        parcel1.writeString(param1String);
        if (param1Bundle != null) {
          parcel1.writeInt(1);
          param1Bundle.writeToParcel(parcel1, 0);
        } else {
          parcel1.writeInt(0);
        } 
        if (!this.mRemote.transact(2, parcel1, parcel2, 0) && ITrustedWebActivityCallback.Stub.getDefaultImpl() != null) {
          ITrustedWebActivityCallback.Stub.getDefaultImpl().onExtraCallback(param1String, param1Bundle);
          return;
        } 
        parcel2.readException();
        return;
      } finally {
        parcel2.recycle();
        parcel1.recycle();
      } 
    }
</source>
<source file="systems/malbus/Newsmax/ITrustedWebActivityService.java" startline="240" endline="261" pcid="2204">
      public void cancelNotification(Bundle param2Bundle) throws RemoteException {
        Parcel parcel1 = Parcel.obtain();
        Parcel parcel2 = Parcel.obtain();
        try {
          parcel1.writeInterfaceToken("android.support.customtabs.trusted.ITrustedWebActivityService");
          if (param2Bundle != null) {
            parcel1.writeInt(1);
            param2Bundle.writeToParcel(parcel1, 0);
          } else {
            parcel1.writeInt(0);
          } 
          if (!this.mRemote.transact(3, parcel1, parcel2, 0) && ITrustedWebActivityService.Stub.getDefaultImpl() != null) {
            ITrustedWebActivityService.Stub.getDefaultImpl().cancelNotification(param2Bundle);
            return;
          } 
          parcel2.readException();
          return;
        } finally {
          parcel2.recycle();
          parcel1.recycle();
        } 
      }
</source>
<source file="systems/malbus/Postermaker/ITrustedWebActivityCallback.java" startline="91" endline="113" pcid="2182">
      public void onExtraCallback(String param2String, Bundle param2Bundle) {
        Parcel parcel1 = Parcel.obtain();
        Parcel parcel2 = Parcel.obtain();
        try {
          parcel1.writeInterfaceToken("android.support.customtabs.trusted.ITrustedWebActivityCallback");
          parcel1.writeString(param2String);
          if (param2Bundle != null) {
            parcel1.writeInt(1);
            param2Bundle.writeToParcel(parcel1, 0);
          } else {
            parcel1.writeInt(0);
          } 
          if (!this.mRemote.transact(2, parcel1, parcel2, 0) && ITrustedWebActivityCallback.Stub.getDefaultImpl() != null) {
            ITrustedWebActivityCallback.Stub.getDefaultImpl().onExtraCallback(param2String, param2Bundle);
            return;
          } 
          parcel2.readException();
          return;
        } finally {
          parcel2.recycle();
          parcel1.recycle();
        } 
      }
</source>
</class>

<class classid="31" nclones="8" nlines="23" similarity="94">
<source file="systems/malbus/Postermaker/ITrustedWebActivityService.java" startline="290" endline="311" pcid="2156">
      public Bundle getActiveNotifications() {
        Parcel parcel1 = Parcel.obtain();
        Parcel parcel2 = Parcel.obtain();
        try {
          Bundle bundle;
          parcel1.writeInterfaceToken("android.support.customtabs.trusted.ITrustedWebActivityService");
          if (!this.mRemote.transact(5, parcel1, parcel2, 0) && ITrustedWebActivityService.Stub.getDefaultImpl() != null) {
            bundle = ITrustedWebActivityService.Stub.getDefaultImpl().getActiveNotifications();
            return bundle;
          } 
          parcel2.readException();
          if (parcel2.readInt() != 0) {
            bundle = (Bundle)Bundle.CREATOR.createFromParcel(parcel2);
          } else {
            bundle = null;
          } 
          return bundle;
        } finally {
          parcel2.recycle();
          parcel1.recycle();
        } 
      }
</source>
<source file="systems/malbus/Postermaker/ITrustedWebActivityService.java" startline="317" endline="338" pcid="2158">
      public Bundle getSmallIconBitmap() {
        Parcel parcel1 = Parcel.obtain();
        Parcel parcel2 = Parcel.obtain();
        try {
          Bundle bundle;
          parcel1.writeInterfaceToken("android.support.customtabs.trusted.ITrustedWebActivityService");
          if (!this.mRemote.transact(7, parcel1, parcel2, 0) && ITrustedWebActivityService.Stub.getDefaultImpl() != null) {
            bundle = ITrustedWebActivityService.Stub.getDefaultImpl().getSmallIconBitmap();
            return bundle;
          } 
          parcel2.readException();
          if (parcel2.readInt() != 0) {
            bundle = (Bundle)Bundle.CREATOR.createFromParcel(parcel2);
          } else {
            bundle = null;
          } 
          return bundle;
        } finally {
          parcel2.recycle();
          parcel1.recycle();
        } 
      }
</source>
<source file="systems/malbus/Postermaker/ITrustedWebActivityService.java" startline="477" endline="498" pcid="2166">
    public Bundle getActiveNotifications() {
      Parcel parcel1 = Parcel.obtain();
      Parcel parcel2 = Parcel.obtain();
      try {
        Bundle bundle;
        parcel1.writeInterfaceToken("android.support.customtabs.trusted.ITrustedWebActivityService");
        if (!this.mRemote.transact(5, parcel1, parcel2, 0) && ITrustedWebActivityService.Stub.getDefaultImpl() != null) {
          bundle = ITrustedWebActivityService.Stub.getDefaultImpl().getActiveNotifications();
          return bundle;
        } 
        parcel2.readException();
        if (parcel2.readInt() != 0) {
          bundle = (Bundle)Bundle.CREATOR.createFromParcel(parcel2);
        } else {
          bundle = null;
        } 
        return bundle;
      } finally {
        parcel2.recycle();
        parcel1.recycle();
      } 
    }
</source>
<source file="systems/malbus/Postermaker/ITrustedWebActivityService.java" startline="504" endline="525" pcid="2168">
    public Bundle getSmallIconBitmap() {
      Parcel parcel1 = Parcel.obtain();
      Parcel parcel2 = Parcel.obtain();
      try {
        Bundle bundle;
        parcel1.writeInterfaceToken("android.support.customtabs.trusted.ITrustedWebActivityService");
        if (!this.mRemote.transact(7, parcel1, parcel2, 0) && ITrustedWebActivityService.Stub.getDefaultImpl() != null) {
          bundle = ITrustedWebActivityService.Stub.getDefaultImpl().getSmallIconBitmap();
          return bundle;
        } 
        parcel2.readException();
        if (parcel2.readInt() != 0) {
          bundle = (Bundle)Bundle.CREATOR.createFromParcel(parcel2);
        } else {
          bundle = null;
        } 
        return bundle;
      } finally {
        parcel2.recycle();
        parcel1.recycle();
      } 
    }
</source>
<source file="systems/malbus/Newsmax/ITrustedWebActivityService.java" startline="291" endline="312" pcid="2206">
      public Bundle getActiveNotifications() throws RemoteException {
        Parcel parcel1 = Parcel.obtain();
        Parcel parcel2 = Parcel.obtain();
        try {
          Bundle bundle;
          parcel1.writeInterfaceToken("android.support.customtabs.trusted.ITrustedWebActivityService");
          if (!this.mRemote.transact(5, parcel1, parcel2, 0) && ITrustedWebActivityService.Stub.getDefaultImpl() != null) {
            bundle = ITrustedWebActivityService.Stub.getDefaultImpl().getActiveNotifications();
            return bundle;
          } 
          parcel2.readException();
          if (parcel2.readInt() != 0) {
            bundle = (Bundle)Bundle.CREATOR.createFromParcel(parcel2);
          } else {
            bundle = null;
          } 
          return bundle;
        } finally {
          parcel2.recycle();
          parcel1.recycle();
        } 
      }
</source>
<source file="systems/malbus/Newsmax/ITrustedWebActivityService.java" startline="478" endline="499" pcid="2216">
    public Bundle getActiveNotifications() throws RemoteException {
      Parcel parcel1 = Parcel.obtain();
      Parcel parcel2 = Parcel.obtain();
      try {
        Bundle bundle;
        parcel1.writeInterfaceToken("android.support.customtabs.trusted.ITrustedWebActivityService");
        if (!this.mRemote.transact(5, parcel1, parcel2, 0) && ITrustedWebActivityService.Stub.getDefaultImpl() != null) {
          bundle = ITrustedWebActivityService.Stub.getDefaultImpl().getActiveNotifications();
          return bundle;
        } 
        parcel2.readException();
        if (parcel2.readInt() != 0) {
          bundle = (Bundle)Bundle.CREATOR.createFromParcel(parcel2);
        } else {
          bundle = null;
        } 
        return bundle;
      } finally {
        parcel2.recycle();
        parcel1.recycle();
      } 
    }
</source>
<source file="systems/malbus/Newsmax/ITrustedWebActivityService.java" startline="505" endline="526" pcid="2218">
    public Bundle getSmallIconBitmap() throws RemoteException {
      Parcel parcel1 = Parcel.obtain();
      Parcel parcel2 = Parcel.obtain();
      try {
        Bundle bundle;
        parcel1.writeInterfaceToken("android.support.customtabs.trusted.ITrustedWebActivityService");
        if (!this.mRemote.transact(7, parcel1, parcel2, 0) && ITrustedWebActivityService.Stub.getDefaultImpl() != null) {
          bundle = ITrustedWebActivityService.Stub.getDefaultImpl().getSmallIconBitmap();
          return bundle;
        } 
        parcel2.readException();
        if (parcel2.readInt() != 0) {
          bundle = (Bundle)Bundle.CREATOR.createFromParcel(parcel2);
        } else {
          bundle = null;
        } 
        return bundle;
      } finally {
        parcel2.recycle();
        parcel1.recycle();
      } 
    }
</source>
<source file="systems/malbus/Newsmax/ITrustedWebActivityService.java" startline="318" endline="339" pcid="2208">
      public Bundle getSmallIconBitmap() throws RemoteException {
        Parcel parcel1 = Parcel.obtain();
        Parcel parcel2 = Parcel.obtain();
        try {
          Bundle bundle;
          parcel1.writeInterfaceToken("android.support.customtabs.trusted.ITrustedWebActivityService");
          if (!this.mRemote.transact(7, parcel1, parcel2, 0) && ITrustedWebActivityService.Stub.getDefaultImpl() != null) {
            bundle = ITrustedWebActivityService.Stub.getDefaultImpl().getSmallIconBitmap();
            return bundle;
          } 
          parcel2.readException();
          if (parcel2.readInt() != 0) {
            bundle = (Bundle)Bundle.CREATOR.createFromParcel(parcel2);
          } else {
            bundle = null;
          } 
          return bundle;
        } finally {
          parcel2.recycle();
          parcel1.recycle();
        } 
      }
</source>
</class>

<class classid="32" nclones="2" nlines="18" similarity="92">
<source file="systems/malbus/Postermaker/ITrustedWebActivityCallback.java" startline="55" endline="72" pcid="2178">
    public boolean onTransact(int param1Int1, Parcel param1Parcel1, Parcel param1Parcel2, int param1Int2) {
      if (param1Int1 != 2) {
        if (param1Int1 != 1598968902)
          return super.onTransact(param1Int1, param1Parcel1, param1Parcel2, param1Int2); 
        param1Parcel2.writeString("android.support.customtabs.trusted.ITrustedWebActivityCallback");
        return true;
      } 
      param1Parcel1.enforceInterface("android.support.customtabs.trusted.ITrustedWebActivityCallback");
      String str = param1Parcel1.readString();
      if (param1Parcel1.readInt() != 0) {
        Bundle bundle = (Bundle)Bundle.CREATOR.createFromParcel(param1Parcel1);
      } else {
        param1Parcel1 = null;
      } 
      onExtraCallback(str, (Bundle)param1Parcel1);
      param1Parcel2.writeNoException();
      return true;
    }
</source>
<source file="systems/malbus/Newsmax/ITrustedWebActivityCallback.java" startline="56" endline="73" pcid="2228">
    public boolean onTransact(int param1Int1, Parcel param1Parcel1, Parcel param1Parcel2, int param1Int2) throws RemoteException {
      if (param1Int1 != 2) {
        if (param1Int1 != 1598968902)
          return super.onTransact(param1Int1, param1Parcel1, param1Parcel2, param1Int2); 
        param1Parcel2.writeString("android.support.customtabs.trusted.ITrustedWebActivityCallback");
        return true;
      } 
      param1Parcel1.enforceInterface("android.support.customtabs.trusted.ITrustedWebActivityCallback");
      String str = param1Parcel1.readString();
      if (param1Parcel1.readInt() != 0) {
        Bundle bundle = (Bundle)Bundle.CREATOR.createFromParcel(param1Parcel1);
      } else {
        param1Parcel1 = null;
      } 
      onExtraCallback(str, (Bundle)param1Parcel1);
      param1Parcel2.writeNoException();
      return true;
    }
</source>
</class>

</clones>
