<clones>
<systeminfo processor="nicad6" system="BreakFakeBank" granularity="functions-blind" threshold="30%" minlines="10" maxlines="2500"/>
<cloneinfo npcs="1616" npairs="170"/>
<runinfo ncompares="8680" cputime="147833"/>

<clone nlines="90" similarity="98">
<source file="systems/BreakFakeBank/Postermaker/ITrustedWebActivityService.java" startline="103" endline="196" pcid="1530"></source>
<source file="systems/BreakFakeBank/Newsmax/ITrustedWebActivityService.java" startline="104" endline="197" pcid="1580"></source>
</clone>

<clone nlines="37" similarity="93">
<source file="systems/BreakFakeBank/android/support/v4/util/SparseArrayCompat.java" startline="178" endline="214" pcid="661"></source>
<source file="systems/BreakFakeBank/android/support/v4/util/LongSparseArray.java" startline="192" endline="228" pcid="632"></source>
</clone>

<clone nlines="31" similarity="73">
<source file="systems/BreakFakeBank/android/support/v4/app/NotificationCompatJellybean.java" startline="14" endline="41" pcid="200"></source>
<source file="systems/BreakFakeBank/android/support/v4/app/NotificationCompatIceCreamSandwich.java" startline="10" endline="36" pcid="441"></source>
</clone>

<clone nlines="31" similarity="73">
<source file="systems/BreakFakeBank/android/support/v4/app/NotificationCompatJellybean.java" startline="14" endline="41" pcid="200"></source>
<source file="systems/BreakFakeBank/android/support/v4/app/NotificationCompatHoneycomb.java" startline="10" endline="36" pcid="148"></source>
</clone>

<clone nlines="29" similarity="72">
<source file="systems/BreakFakeBank/Postermaker/ITrustedWebActivityService.java" startline="207" endline="233" pcid="1532"></source>
<source file="systems/BreakFakeBank/Postermaker/ITrustedWebActivityService.java" startline="262" endline="288" pcid="1535"></source>
</clone>

<clone nlines="29" similarity="100">
<source file="systems/BreakFakeBank/Postermaker/ITrustedWebActivityService.java" startline="207" endline="233" pcid="1532"></source>
<source file="systems/BreakFakeBank/Postermaker/ITrustedWebActivityService.java" startline="355" endline="381" pcid="1540"></source>
</clone>

<clone nlines="29" similarity="100">
<source file="systems/BreakFakeBank/Postermaker/ITrustedWebActivityService.java" startline="207" endline="233" pcid="1532"></source>
<source file="systems/BreakFakeBank/Postermaker/ITrustedWebActivityService.java" startline="394" endline="420" pcid="1542"></source>
</clone>

<clone nlines="29" similarity="72">
<source file="systems/BreakFakeBank/Postermaker/ITrustedWebActivityService.java" startline="207" endline="233" pcid="1532"></source>
<source file="systems/BreakFakeBank/Postermaker/ITrustedWebActivityService.java" startline="449" endline="475" pcid="1545"></source>
</clone>

<clone nlines="29" similarity="100">
<source file="systems/BreakFakeBank/Postermaker/ITrustedWebActivityService.java" startline="207" endline="233" pcid="1532"></source>
<source file="systems/BreakFakeBank/Postermaker/ITrustedWebActivityService.java" startline="542" endline="568" pcid="1550"></source>
</clone>

<clone nlines="29" similarity="72">
<source file="systems/BreakFakeBank/Postermaker/ITrustedWebActivityService.java" startline="207" endline="233" pcid="1532"></source>
<source file="systems/BreakFakeBank/Newsmax/ITrustedWebActivityService.java" startline="450" endline="476" pcid="1595"></source>
</clone>

<clone nlines="29" similarity="95">
<source file="systems/BreakFakeBank/Postermaker/ITrustedWebActivityService.java" startline="207" endline="233" pcid="1532"></source>
<source file="systems/BreakFakeBank/Newsmax/ITrustedWebActivityService.java" startline="208" endline="234" pcid="1582"></source>
</clone>

<clone nlines="29" similarity="72">
<source file="systems/BreakFakeBank/Postermaker/ITrustedWebActivityService.java" startline="207" endline="233" pcid="1532"></source>
<source file="systems/BreakFakeBank/Newsmax/ITrustedWebActivityService.java" startline="263" endline="289" pcid="1585"></source>
</clone>

<clone nlines="29" similarity="95">
<source file="systems/BreakFakeBank/Postermaker/ITrustedWebActivityService.java" startline="207" endline="233" pcid="1532"></source>
<source file="systems/BreakFakeBank/Newsmax/ITrustedWebActivityService.java" startline="356" endline="382" pcid="1590"></source>
</clone>

<clone nlines="29" similarity="95">
<source file="systems/BreakFakeBank/Postermaker/ITrustedWebActivityService.java" startline="207" endline="233" pcid="1532"></source>
<source file="systems/BreakFakeBank/Newsmax/ITrustedWebActivityService.java" startline="543" endline="569" pcid="1600"></source>
</clone>

<clone nlines="29" similarity="95">
<source file="systems/BreakFakeBank/Postermaker/ITrustedWebActivityService.java" startline="207" endline="233" pcid="1532"></source>
<source file="systems/BreakFakeBank/Newsmax/ITrustedWebActivityService.java" startline="395" endline="421" pcid="1592"></source>
</clone>

<clone nlines="29" similarity="72">
<source file="systems/BreakFakeBank/Postermaker/ITrustedWebActivityService.java" startline="262" endline="288" pcid="1535"></source>
<source file="systems/BreakFakeBank/Postermaker/ITrustedWebActivityService.java" startline="355" endline="381" pcid="1540"></source>
</clone>

<clone nlines="29" similarity="72">
<source file="systems/BreakFakeBank/Postermaker/ITrustedWebActivityService.java" startline="262" endline="288" pcid="1535"></source>
<source file="systems/BreakFakeBank/Postermaker/ITrustedWebActivityService.java" startline="394" endline="420" pcid="1542"></source>
</clone>

<clone nlines="28" similarity="100">
<source file="systems/BreakFakeBank/Postermaker/ITrustedWebActivityService.java" startline="262" endline="288" pcid="1535"></source>
<source file="systems/BreakFakeBank/Postermaker/ITrustedWebActivityService.java" startline="449" endline="475" pcid="1545"></source>
</clone>

<clone nlines="29" similarity="72">
<source file="systems/BreakFakeBank/Postermaker/ITrustedWebActivityService.java" startline="262" endline="288" pcid="1535"></source>
<source file="systems/BreakFakeBank/Postermaker/ITrustedWebActivityService.java" startline="542" endline="568" pcid="1550"></source>
</clone>

<clone nlines="28" similarity="95">
<source file="systems/BreakFakeBank/Postermaker/ITrustedWebActivityService.java" startline="262" endline="288" pcid="1535"></source>
<source file="systems/BreakFakeBank/Newsmax/ITrustedWebActivityService.java" startline="450" endline="476" pcid="1595"></source>
</clone>

<clone nlines="29" similarity="72">
<source file="systems/BreakFakeBank/Postermaker/ITrustedWebActivityService.java" startline="262" endline="288" pcid="1535"></source>
<source file="systems/BreakFakeBank/Newsmax/ITrustedWebActivityService.java" startline="208" endline="234" pcid="1582"></source>
</clone>

<clone nlines="28" similarity="95">
<source file="systems/BreakFakeBank/Postermaker/ITrustedWebActivityService.java" startline="262" endline="288" pcid="1535"></source>
<source file="systems/BreakFakeBank/Newsmax/ITrustedWebActivityService.java" startline="263" endline="289" pcid="1585"></source>
</clone>

<clone nlines="29" similarity="72">
<source file="systems/BreakFakeBank/Postermaker/ITrustedWebActivityService.java" startline="262" endline="288" pcid="1535"></source>
<source file="systems/BreakFakeBank/Newsmax/ITrustedWebActivityService.java" startline="356" endline="382" pcid="1590"></source>
</clone>

<clone nlines="29" similarity="72">
<source file="systems/BreakFakeBank/Postermaker/ITrustedWebActivityService.java" startline="262" endline="288" pcid="1535"></source>
<source file="systems/BreakFakeBank/Newsmax/ITrustedWebActivityService.java" startline="543" endline="569" pcid="1600"></source>
</clone>

<clone nlines="29" similarity="72">
<source file="systems/BreakFakeBank/Postermaker/ITrustedWebActivityService.java" startline="262" endline="288" pcid="1535"></source>
<source file="systems/BreakFakeBank/Newsmax/ITrustedWebActivityService.java" startline="395" endline="421" pcid="1592"></source>
</clone>

<clone nlines="29" similarity="100">
<source file="systems/BreakFakeBank/Postermaker/ITrustedWebActivityService.java" startline="355" endline="381" pcid="1540"></source>
<source file="systems/BreakFakeBank/Postermaker/ITrustedWebActivityService.java" startline="394" endline="420" pcid="1542"></source>
</clone>

<clone nlines="29" similarity="72">
<source file="systems/BreakFakeBank/Postermaker/ITrustedWebActivityService.java" startline="355" endline="381" pcid="1540"></source>
<source file="systems/BreakFakeBank/Postermaker/ITrustedWebActivityService.java" startline="449" endline="475" pcid="1545"></source>
</clone>

<clone nlines="29" similarity="100">
<source file="systems/BreakFakeBank/Postermaker/ITrustedWebActivityService.java" startline="355" endline="381" pcid="1540"></source>
<source file="systems/BreakFakeBank/Postermaker/ITrustedWebActivityService.java" startline="542" endline="568" pcid="1550"></source>
</clone>

<clone nlines="29" similarity="72">
<source file="systems/BreakFakeBank/Postermaker/ITrustedWebActivityService.java" startline="355" endline="381" pcid="1540"></source>
<source file="systems/BreakFakeBank/Newsmax/ITrustedWebActivityService.java" startline="450" endline="476" pcid="1595"></source>
</clone>

<clone nlines="29" similarity="95">
<source file="systems/BreakFakeBank/Postermaker/ITrustedWebActivityService.java" startline="355" endline="381" pcid="1540"></source>
<source file="systems/BreakFakeBank/Newsmax/ITrustedWebActivityService.java" startline="208" endline="234" pcid="1582"></source>
</clone>

<clone nlines="29" similarity="72">
<source file="systems/BreakFakeBank/Postermaker/ITrustedWebActivityService.java" startline="355" endline="381" pcid="1540"></source>
<source file="systems/BreakFakeBank/Newsmax/ITrustedWebActivityService.java" startline="263" endline="289" pcid="1585"></source>
</clone>

<clone nlines="29" similarity="95">
<source file="systems/BreakFakeBank/Postermaker/ITrustedWebActivityService.java" startline="355" endline="381" pcid="1540"></source>
<source file="systems/BreakFakeBank/Newsmax/ITrustedWebActivityService.java" startline="356" endline="382" pcid="1590"></source>
</clone>

<clone nlines="29" similarity="95">
<source file="systems/BreakFakeBank/Postermaker/ITrustedWebActivityService.java" startline="355" endline="381" pcid="1540"></source>
<source file="systems/BreakFakeBank/Newsmax/ITrustedWebActivityService.java" startline="543" endline="569" pcid="1600"></source>
</clone>

<clone nlines="29" similarity="95">
<source file="systems/BreakFakeBank/Postermaker/ITrustedWebActivityService.java" startline="355" endline="381" pcid="1540"></source>
<source file="systems/BreakFakeBank/Newsmax/ITrustedWebActivityService.java" startline="395" endline="421" pcid="1592"></source>
</clone>

<clone nlines="29" similarity="72">
<source file="systems/BreakFakeBank/Postermaker/ITrustedWebActivityService.java" startline="394" endline="420" pcid="1542"></source>
<source file="systems/BreakFakeBank/Postermaker/ITrustedWebActivityService.java" startline="449" endline="475" pcid="1545"></source>
</clone>

<clone nlines="29" similarity="100">
<source file="systems/BreakFakeBank/Postermaker/ITrustedWebActivityService.java" startline="394" endline="420" pcid="1542"></source>
<source file="systems/BreakFakeBank/Postermaker/ITrustedWebActivityService.java" startline="542" endline="568" pcid="1550"></source>
</clone>

<clone nlines="29" similarity="72">
<source file="systems/BreakFakeBank/Postermaker/ITrustedWebActivityService.java" startline="394" endline="420" pcid="1542"></source>
<source file="systems/BreakFakeBank/Newsmax/ITrustedWebActivityService.java" startline="450" endline="476" pcid="1595"></source>
</clone>

<clone nlines="29" similarity="95">
<source file="systems/BreakFakeBank/Postermaker/ITrustedWebActivityService.java" startline="394" endline="420" pcid="1542"></source>
<source file="systems/BreakFakeBank/Newsmax/ITrustedWebActivityService.java" startline="208" endline="234" pcid="1582"></source>
</clone>

<clone nlines="29" similarity="72">
<source file="systems/BreakFakeBank/Postermaker/ITrustedWebActivityService.java" startline="394" endline="420" pcid="1542"></source>
<source file="systems/BreakFakeBank/Newsmax/ITrustedWebActivityService.java" startline="263" endline="289" pcid="1585"></source>
</clone>

<clone nlines="29" similarity="95">
<source file="systems/BreakFakeBank/Postermaker/ITrustedWebActivityService.java" startline="394" endline="420" pcid="1542"></source>
<source file="systems/BreakFakeBank/Newsmax/ITrustedWebActivityService.java" startline="356" endline="382" pcid="1590"></source>
</clone>

<clone nlines="29" similarity="95">
<source file="systems/BreakFakeBank/Postermaker/ITrustedWebActivityService.java" startline="394" endline="420" pcid="1542"></source>
<source file="systems/BreakFakeBank/Newsmax/ITrustedWebActivityService.java" startline="543" endline="569" pcid="1600"></source>
</clone>

<clone nlines="29" similarity="95">
<source file="systems/BreakFakeBank/Postermaker/ITrustedWebActivityService.java" startline="394" endline="420" pcid="1542"></source>
<source file="systems/BreakFakeBank/Newsmax/ITrustedWebActivityService.java" startline="395" endline="421" pcid="1592"></source>
</clone>

<clone nlines="29" similarity="72">
<source file="systems/BreakFakeBank/Postermaker/ITrustedWebActivityService.java" startline="449" endline="475" pcid="1545"></source>
<source file="systems/BreakFakeBank/Postermaker/ITrustedWebActivityService.java" startline="542" endline="568" pcid="1550"></source>
</clone>

<clone nlines="28" similarity="95">
<source file="systems/BreakFakeBank/Postermaker/ITrustedWebActivityService.java" startline="449" endline="475" pcid="1545"></source>
<source file="systems/BreakFakeBank/Newsmax/ITrustedWebActivityService.java" startline="450" endline="476" pcid="1595"></source>
</clone>

<clone nlines="29" similarity="72">
<source file="systems/BreakFakeBank/Postermaker/ITrustedWebActivityService.java" startline="449" endline="475" pcid="1545"></source>
<source file="systems/BreakFakeBank/Newsmax/ITrustedWebActivityService.java" startline="208" endline="234" pcid="1582"></source>
</clone>

<clone nlines="28" similarity="95">
<source file="systems/BreakFakeBank/Postermaker/ITrustedWebActivityService.java" startline="449" endline="475" pcid="1545"></source>
<source file="systems/BreakFakeBank/Newsmax/ITrustedWebActivityService.java" startline="263" endline="289" pcid="1585"></source>
</clone>

<clone nlines="29" similarity="72">
<source file="systems/BreakFakeBank/Postermaker/ITrustedWebActivityService.java" startline="449" endline="475" pcid="1545"></source>
<source file="systems/BreakFakeBank/Newsmax/ITrustedWebActivityService.java" startline="356" endline="382" pcid="1590"></source>
</clone>

<clone nlines="29" similarity="72">
<source file="systems/BreakFakeBank/Postermaker/ITrustedWebActivityService.java" startline="449" endline="475" pcid="1545"></source>
<source file="systems/BreakFakeBank/Newsmax/ITrustedWebActivityService.java" startline="543" endline="569" pcid="1600"></source>
</clone>

<clone nlines="29" similarity="72">
<source file="systems/BreakFakeBank/Postermaker/ITrustedWebActivityService.java" startline="449" endline="475" pcid="1545"></source>
<source file="systems/BreakFakeBank/Newsmax/ITrustedWebActivityService.java" startline="395" endline="421" pcid="1592"></source>
</clone>

<clone nlines="29" similarity="72">
<source file="systems/BreakFakeBank/Postermaker/ITrustedWebActivityService.java" startline="542" endline="568" pcid="1550"></source>
<source file="systems/BreakFakeBank/Newsmax/ITrustedWebActivityService.java" startline="450" endline="476" pcid="1595"></source>
</clone>

<clone nlines="29" similarity="95">
<source file="systems/BreakFakeBank/Postermaker/ITrustedWebActivityService.java" startline="542" endline="568" pcid="1550"></source>
<source file="systems/BreakFakeBank/Newsmax/ITrustedWebActivityService.java" startline="208" endline="234" pcid="1582"></source>
</clone>

<clone nlines="29" similarity="72">
<source file="systems/BreakFakeBank/Postermaker/ITrustedWebActivityService.java" startline="542" endline="568" pcid="1550"></source>
<source file="systems/BreakFakeBank/Newsmax/ITrustedWebActivityService.java" startline="263" endline="289" pcid="1585"></source>
</clone>

<clone nlines="29" similarity="95">
<source file="systems/BreakFakeBank/Postermaker/ITrustedWebActivityService.java" startline="542" endline="568" pcid="1550"></source>
<source file="systems/BreakFakeBank/Newsmax/ITrustedWebActivityService.java" startline="356" endline="382" pcid="1590"></source>
</clone>

<clone nlines="29" similarity="95">
<source file="systems/BreakFakeBank/Postermaker/ITrustedWebActivityService.java" startline="542" endline="568" pcid="1550"></source>
<source file="systems/BreakFakeBank/Newsmax/ITrustedWebActivityService.java" startline="543" endline="569" pcid="1600"></source>
</clone>

<clone nlines="29" similarity="95">
<source file="systems/BreakFakeBank/Postermaker/ITrustedWebActivityService.java" startline="542" endline="568" pcid="1550"></source>
<source file="systems/BreakFakeBank/Newsmax/ITrustedWebActivityService.java" startline="395" endline="421" pcid="1592"></source>
</clone>

<clone nlines="29" similarity="72">
<source file="systems/BreakFakeBank/Newsmax/ITrustedWebActivityService.java" startline="208" endline="234" pcid="1582"></source>
<source file="systems/BreakFakeBank/Newsmax/ITrustedWebActivityService.java" startline="450" endline="476" pcid="1595"></source>
</clone>

<clone nlines="28" similarity="100">
<source file="systems/BreakFakeBank/Newsmax/ITrustedWebActivityService.java" startline="263" endline="289" pcid="1585"></source>
<source file="systems/BreakFakeBank/Newsmax/ITrustedWebActivityService.java" startline="450" endline="476" pcid="1595"></source>
</clone>

<clone nlines="29" similarity="72">
<source file="systems/BreakFakeBank/Newsmax/ITrustedWebActivityService.java" startline="356" endline="382" pcid="1590"></source>
<source file="systems/BreakFakeBank/Newsmax/ITrustedWebActivityService.java" startline="450" endline="476" pcid="1595"></source>
</clone>

<clone nlines="29" similarity="72">
<source file="systems/BreakFakeBank/Newsmax/ITrustedWebActivityService.java" startline="450" endline="476" pcid="1595"></source>
<source file="systems/BreakFakeBank/Newsmax/ITrustedWebActivityService.java" startline="543" endline="569" pcid="1600"></source>
</clone>

<clone nlines="29" similarity="72">
<source file="systems/BreakFakeBank/Newsmax/ITrustedWebActivityService.java" startline="395" endline="421" pcid="1592"></source>
<source file="systems/BreakFakeBank/Newsmax/ITrustedWebActivityService.java" startline="450" endline="476" pcid="1595"></source>
</clone>

<clone nlines="30" similarity="86">
<source file="systems/BreakFakeBank/android/support/v4/app/NotificationCompatHoneycomb.java" startline="10" endline="36" pcid="148"></source>
<source file="systems/BreakFakeBank/android/support/v4/app/NotificationCompatIceCreamSandwich.java" startline="10" endline="36" pcid="441"></source>
</clone>

<clone nlines="29" similarity="72">
<source file="systems/BreakFakeBank/Newsmax/ITrustedWebActivityService.java" startline="208" endline="234" pcid="1582"></source>
<source file="systems/BreakFakeBank/Newsmax/ITrustedWebActivityService.java" startline="263" endline="289" pcid="1585"></source>
</clone>

<clone nlines="29" similarity="100">
<source file="systems/BreakFakeBank/Newsmax/ITrustedWebActivityService.java" startline="208" endline="234" pcid="1582"></source>
<source file="systems/BreakFakeBank/Newsmax/ITrustedWebActivityService.java" startline="356" endline="382" pcid="1590"></source>
</clone>

<clone nlines="29" similarity="100">
<source file="systems/BreakFakeBank/Newsmax/ITrustedWebActivityService.java" startline="208" endline="234" pcid="1582"></source>
<source file="systems/BreakFakeBank/Newsmax/ITrustedWebActivityService.java" startline="543" endline="569" pcid="1600"></source>
</clone>

<clone nlines="29" similarity="100">
<source file="systems/BreakFakeBank/Newsmax/ITrustedWebActivityService.java" startline="208" endline="234" pcid="1582"></source>
<source file="systems/BreakFakeBank/Newsmax/ITrustedWebActivityService.java" startline="395" endline="421" pcid="1592"></source>
</clone>

<clone nlines="29" similarity="72">
<source file="systems/BreakFakeBank/Newsmax/ITrustedWebActivityService.java" startline="263" endline="289" pcid="1585"></source>
<source file="systems/BreakFakeBank/Newsmax/ITrustedWebActivityService.java" startline="356" endline="382" pcid="1590"></source>
</clone>

<clone nlines="29" similarity="72">
<source file="systems/BreakFakeBank/Newsmax/ITrustedWebActivityService.java" startline="263" endline="289" pcid="1585"></source>
<source file="systems/BreakFakeBank/Newsmax/ITrustedWebActivityService.java" startline="543" endline="569" pcid="1600"></source>
</clone>

<clone nlines="29" similarity="72">
<source file="systems/BreakFakeBank/Newsmax/ITrustedWebActivityService.java" startline="263" endline="289" pcid="1585"></source>
<source file="systems/BreakFakeBank/Newsmax/ITrustedWebActivityService.java" startline="395" endline="421" pcid="1592"></source>
</clone>

<clone nlines="29" similarity="100">
<source file="systems/BreakFakeBank/Newsmax/ITrustedWebActivityService.java" startline="356" endline="382" pcid="1590"></source>
<source file="systems/BreakFakeBank/Newsmax/ITrustedWebActivityService.java" startline="543" endline="569" pcid="1600"></source>
</clone>

<clone nlines="29" similarity="100">
<source file="systems/BreakFakeBank/Newsmax/ITrustedWebActivityService.java" startline="356" endline="382" pcid="1590"></source>
<source file="systems/BreakFakeBank/Newsmax/ITrustedWebActivityService.java" startline="395" endline="421" pcid="1592"></source>
</clone>

<clone nlines="29" similarity="100">
<source file="systems/BreakFakeBank/Newsmax/ITrustedWebActivityService.java" startline="395" endline="421" pcid="1592"></source>
<source file="systems/BreakFakeBank/Newsmax/ITrustedWebActivityService.java" startline="543" endline="569" pcid="1600"></source>
</clone>

<clone nlines="29" similarity="80">
<source file="systems/BreakFakeBank/android/support/v4/view/AccessibilityDelegateCompatJellyBean.java" startline="15" endline="53" pcid="1469"></source>
<source file="systems/BreakFakeBank/android/support/v4/view/AccessibilityDelegateCompatIcs.java" startline="13" endline="43" pcid="1413"></source>
</clone>

<clone nlines="24" similarity="100">
<source file="systems/BreakFakeBank/Newsmax/ITrustedWebActivityCallback.java" startline="92" endline="114" pcid="1612"></source>
<source file="systems/BreakFakeBank/Newsmax/ITrustedWebActivityCallback.java" startline="135" endline="157" pcid="1616"></source>
</clone>

<clone nlines="24" similarity="94">
<source file="systems/BreakFakeBank/Newsmax/ITrustedWebActivityCallback.java" startline="135" endline="157" pcid="1616"></source>
<source file="systems/BreakFakeBank/Postermaker/ITrustedWebActivityCallback.java" startline="91" endline="113" pcid="1562"></source>
</clone>

<clone nlines="24" similarity="94">
<source file="systems/BreakFakeBank/Newsmax/ITrustedWebActivityCallback.java" startline="135" endline="157" pcid="1616"></source>
<source file="systems/BreakFakeBank/Postermaker/ITrustedWebActivityCallback.java" startline="134" endline="156" pcid="1566"></source>
</clone>

<clone nlines="24" similarity="84">
<source file="systems/BreakFakeBank/Newsmax/ITrustedWebActivityCallback.java" startline="135" endline="157" pcid="1616"></source>
<source file="systems/BreakFakeBank/Newsmax/ITrustedWebActivityService.java" startline="240" endline="261" pcid="1584"></source>
</clone>

<clone nlines="24" similarity="84">
<source file="systems/BreakFakeBank/Newsmax/ITrustedWebActivityCallback.java" startline="135" endline="157" pcid="1616"></source>
<source file="systems/BreakFakeBank/Newsmax/ITrustedWebActivityService.java" startline="427" endline="448" pcid="1594"></source>
</clone>

<clone nlines="24" similarity="84">
<source file="systems/BreakFakeBank/Postermaker/ITrustedWebActivityService.java" startline="426" endline="447" pcid="1544"></source>
<source file="systems/BreakFakeBank/Newsmax/ITrustedWebActivityCallback.java" startline="135" endline="157" pcid="1616"></source>
</clone>

<clone nlines="24" similarity="84">
<source file="systems/BreakFakeBank/Postermaker/ITrustedWebActivityService.java" startline="239" endline="260" pcid="1534"></source>
<source file="systems/BreakFakeBank/Newsmax/ITrustedWebActivityCallback.java" startline="135" endline="157" pcid="1616"></source>
</clone>

<clone nlines="24" similarity="94">
<source file="systems/BreakFakeBank/Newsmax/ITrustedWebActivityCallback.java" startline="92" endline="114" pcid="1612"></source>
<source file="systems/BreakFakeBank/Postermaker/ITrustedWebActivityCallback.java" startline="91" endline="113" pcid="1562"></source>
</clone>

<clone nlines="24" similarity="94">
<source file="systems/BreakFakeBank/Newsmax/ITrustedWebActivityCallback.java" startline="92" endline="114" pcid="1612"></source>
<source file="systems/BreakFakeBank/Postermaker/ITrustedWebActivityCallback.java" startline="134" endline="156" pcid="1566"></source>
</clone>

<clone nlines="24" similarity="84">
<source file="systems/BreakFakeBank/Newsmax/ITrustedWebActivityCallback.java" startline="92" endline="114" pcid="1612"></source>
<source file="systems/BreakFakeBank/Newsmax/ITrustedWebActivityService.java" startline="240" endline="261" pcid="1584"></source>
</clone>

<clone nlines="24" similarity="84">
<source file="systems/BreakFakeBank/Newsmax/ITrustedWebActivityCallback.java" startline="92" endline="114" pcid="1612"></source>
<source file="systems/BreakFakeBank/Newsmax/ITrustedWebActivityService.java" startline="427" endline="448" pcid="1594"></source>
</clone>

<clone nlines="24" similarity="84">
<source file="systems/BreakFakeBank/Postermaker/ITrustedWebActivityService.java" startline="426" endline="447" pcid="1544"></source>
<source file="systems/BreakFakeBank/Newsmax/ITrustedWebActivityCallback.java" startline="92" endline="114" pcid="1612"></source>
</clone>

<clone nlines="24" similarity="84">
<source file="systems/BreakFakeBank/Postermaker/ITrustedWebActivityService.java" startline="239" endline="260" pcid="1534"></source>
<source file="systems/BreakFakeBank/Newsmax/ITrustedWebActivityCallback.java" startline="92" endline="114" pcid="1612"></source>
</clone>

<clone nlines="23" similarity="89">
<source file="systems/BreakFakeBank/android/support/v4/util/SparseArrayCompat.java" startline="44" endline="65" pcid="650"></source>
<source file="systems/BreakFakeBank/android/support/v4/util/LongSparseArray.java" startline="44" endline="66" pcid="620"></source>
</clone>

<clone nlines="24" similarity="100">
<source file="systems/BreakFakeBank/Postermaker/ITrustedWebActivityCallback.java" startline="91" endline="113" pcid="1562"></source>
<source file="systems/BreakFakeBank/Postermaker/ITrustedWebActivityCallback.java" startline="134" endline="156" pcid="1566"></source>
</clone>

<clone nlines="24" similarity="84">
<source file="systems/BreakFakeBank/Postermaker/ITrustedWebActivityCallback.java" startline="91" endline="113" pcid="1562"></source>
<source file="systems/BreakFakeBank/Newsmax/ITrustedWebActivityService.java" startline="240" endline="261" pcid="1584"></source>
</clone>

<clone nlines="24" similarity="84">
<source file="systems/BreakFakeBank/Postermaker/ITrustedWebActivityCallback.java" startline="91" endline="113" pcid="1562"></source>
<source file="systems/BreakFakeBank/Newsmax/ITrustedWebActivityService.java" startline="427" endline="448" pcid="1594"></source>
</clone>

<clone nlines="24" similarity="84">
<source file="systems/BreakFakeBank/Postermaker/ITrustedWebActivityService.java" startline="426" endline="447" pcid="1544"></source>
<source file="systems/BreakFakeBank/Postermaker/ITrustedWebActivityCallback.java" startline="91" endline="113" pcid="1562"></source>
</clone>

<clone nlines="24" similarity="84">
<source file="systems/BreakFakeBank/Postermaker/ITrustedWebActivityService.java" startline="239" endline="260" pcid="1534"></source>
<source file="systems/BreakFakeBank/Postermaker/ITrustedWebActivityCallback.java" startline="91" endline="113" pcid="1562"></source>
</clone>

<clone nlines="24" similarity="84">
<source file="systems/BreakFakeBank/Postermaker/ITrustedWebActivityCallback.java" startline="134" endline="156" pcid="1566"></source>
<source file="systems/BreakFakeBank/Newsmax/ITrustedWebActivityService.java" startline="240" endline="261" pcid="1584"></source>
</clone>

<clone nlines="24" similarity="84">
<source file="systems/BreakFakeBank/Postermaker/ITrustedWebActivityCallback.java" startline="134" endline="156" pcid="1566"></source>
<source file="systems/BreakFakeBank/Newsmax/ITrustedWebActivityService.java" startline="427" endline="448" pcid="1594"></source>
</clone>

<clone nlines="24" similarity="84">
<source file="systems/BreakFakeBank/Postermaker/ITrustedWebActivityService.java" startline="426" endline="447" pcid="1544"></source>
<source file="systems/BreakFakeBank/Postermaker/ITrustedWebActivityCallback.java" startline="134" endline="156" pcid="1566"></source>
</clone>

<clone nlines="24" similarity="84">
<source file="systems/BreakFakeBank/Postermaker/ITrustedWebActivityService.java" startline="239" endline="260" pcid="1534"></source>
<source file="systems/BreakFakeBank/Postermaker/ITrustedWebActivityCallback.java" startline="134" endline="156" pcid="1566"></source>
</clone>

<clone nlines="23" similarity="100">
<source file="systems/BreakFakeBank/Newsmax/ITrustedWebActivityService.java" startline="291" endline="312" pcid="1586"></source>
<source file="systems/BreakFakeBank/Newsmax/ITrustedWebActivityService.java" startline="318" endline="339" pcid="1588"></source>
</clone>

<clone nlines="23" similarity="100">
<source file="systems/BreakFakeBank/Newsmax/ITrustedWebActivityService.java" startline="318" endline="339" pcid="1588"></source>
<source file="systems/BreakFakeBank/Newsmax/ITrustedWebActivityService.java" startline="478" endline="499" pcid="1596"></source>
</clone>

<clone nlines="23" similarity="94">
<source file="systems/BreakFakeBank/Postermaker/ITrustedWebActivityService.java" startline="504" endline="525" pcid="1548"></source>
<source file="systems/BreakFakeBank/Newsmax/ITrustedWebActivityService.java" startline="318" endline="339" pcid="1588"></source>
</clone>

<clone nlines="23" similarity="94">
<source file="systems/BreakFakeBank/Postermaker/ITrustedWebActivityService.java" startline="477" endline="498" pcid="1546"></source>
<source file="systems/BreakFakeBank/Newsmax/ITrustedWebActivityService.java" startline="318" endline="339" pcid="1588"></source>
</clone>

<clone nlines="23" similarity="94">
<source file="systems/BreakFakeBank/Postermaker/ITrustedWebActivityService.java" startline="317" endline="338" pcid="1538"></source>
<source file="systems/BreakFakeBank/Newsmax/ITrustedWebActivityService.java" startline="318" endline="339" pcid="1588"></source>
</clone>

<clone nlines="23" similarity="94">
<source file="systems/BreakFakeBank/Postermaker/ITrustedWebActivityService.java" startline="290" endline="311" pcid="1536"></source>
<source file="systems/BreakFakeBank/Newsmax/ITrustedWebActivityService.java" startline="318" endline="339" pcid="1588"></source>
</clone>

<clone nlines="23" similarity="100">
<source file="systems/BreakFakeBank/Newsmax/ITrustedWebActivityService.java" startline="318" endline="339" pcid="1588"></source>
<source file="systems/BreakFakeBank/Newsmax/ITrustedWebActivityService.java" startline="505" endline="526" pcid="1598"></source>
</clone>

<clone nlines="23" similarity="100">
<source file="systems/BreakFakeBank/Newsmax/ITrustedWebActivityService.java" startline="291" endline="312" pcid="1586"></source>
<source file="systems/BreakFakeBank/Newsmax/ITrustedWebActivityService.java" startline="478" endline="499" pcid="1596"></source>
</clone>

<clone nlines="23" similarity="94">
<source file="systems/BreakFakeBank/Postermaker/ITrustedWebActivityService.java" startline="504" endline="525" pcid="1548"></source>
<source file="systems/BreakFakeBank/Newsmax/ITrustedWebActivityService.java" startline="291" endline="312" pcid="1586"></source>
</clone>

<clone nlines="23" similarity="94">
<source file="systems/BreakFakeBank/Postermaker/ITrustedWebActivityService.java" startline="477" endline="498" pcid="1546"></source>
<source file="systems/BreakFakeBank/Newsmax/ITrustedWebActivityService.java" startline="291" endline="312" pcid="1586"></source>
</clone>

<clone nlines="23" similarity="94">
<source file="systems/BreakFakeBank/Postermaker/ITrustedWebActivityService.java" startline="317" endline="338" pcid="1538"></source>
<source file="systems/BreakFakeBank/Newsmax/ITrustedWebActivityService.java" startline="291" endline="312" pcid="1586"></source>
</clone>

<clone nlines="23" similarity="94">
<source file="systems/BreakFakeBank/Postermaker/ITrustedWebActivityService.java" startline="290" endline="311" pcid="1536"></source>
<source file="systems/BreakFakeBank/Newsmax/ITrustedWebActivityService.java" startline="291" endline="312" pcid="1586"></source>
</clone>

<clone nlines="23" similarity="100">
<source file="systems/BreakFakeBank/Newsmax/ITrustedWebActivityService.java" startline="291" endline="312" pcid="1586"></source>
<source file="systems/BreakFakeBank/Newsmax/ITrustedWebActivityService.java" startline="505" endline="526" pcid="1598"></source>
</clone>

<clone nlines="23" similarity="100">
<source file="systems/BreakFakeBank/Newsmax/ITrustedWebActivityService.java" startline="240" endline="261" pcid="1584"></source>
<source file="systems/BreakFakeBank/Newsmax/ITrustedWebActivityService.java" startline="427" endline="448" pcid="1594"></source>
</clone>

<clone nlines="23" similarity="94">
<source file="systems/BreakFakeBank/Postermaker/ITrustedWebActivityService.java" startline="426" endline="447" pcid="1544"></source>
<source file="systems/BreakFakeBank/Newsmax/ITrustedWebActivityService.java" startline="240" endline="261" pcid="1584"></source>
</clone>

<clone nlines="23" similarity="94">
<source file="systems/BreakFakeBank/Postermaker/ITrustedWebActivityService.java" startline="239" endline="260" pcid="1534"></source>
<source file="systems/BreakFakeBank/Newsmax/ITrustedWebActivityService.java" startline="240" endline="261" pcid="1584"></source>
</clone>

<clone nlines="23" similarity="94">
<source file="systems/BreakFakeBank/Postermaker/ITrustedWebActivityService.java" startline="426" endline="447" pcid="1544"></source>
<source file="systems/BreakFakeBank/Newsmax/ITrustedWebActivityService.java" startline="427" endline="448" pcid="1594"></source>
</clone>

<clone nlines="23" similarity="94">
<source file="systems/BreakFakeBank/Postermaker/ITrustedWebActivityService.java" startline="239" endline="260" pcid="1534"></source>
<source file="systems/BreakFakeBank/Newsmax/ITrustedWebActivityService.java" startline="427" endline="448" pcid="1594"></source>
</clone>

<clone nlines="23" similarity="94">
<source file="systems/BreakFakeBank/Postermaker/ITrustedWebActivityService.java" startline="504" endline="525" pcid="1548"></source>
<source file="systems/BreakFakeBank/Newsmax/ITrustedWebActivityService.java" startline="478" endline="499" pcid="1596"></source>
</clone>

<clone nlines="23" similarity="94">
<source file="systems/BreakFakeBank/Postermaker/ITrustedWebActivityService.java" startline="477" endline="498" pcid="1546"></source>
<source file="systems/BreakFakeBank/Newsmax/ITrustedWebActivityService.java" startline="478" endline="499" pcid="1596"></source>
</clone>

<clone nlines="23" similarity="94">
<source file="systems/BreakFakeBank/Postermaker/ITrustedWebActivityService.java" startline="317" endline="338" pcid="1538"></source>
<source file="systems/BreakFakeBank/Newsmax/ITrustedWebActivityService.java" startline="478" endline="499" pcid="1596"></source>
</clone>

<clone nlines="23" similarity="94">
<source file="systems/BreakFakeBank/Postermaker/ITrustedWebActivityService.java" startline="290" endline="311" pcid="1536"></source>
<source file="systems/BreakFakeBank/Newsmax/ITrustedWebActivityService.java" startline="478" endline="499" pcid="1596"></source>
</clone>

<clone nlines="23" similarity="100">
<source file="systems/BreakFakeBank/Newsmax/ITrustedWebActivityService.java" startline="478" endline="499" pcid="1596"></source>
<source file="systems/BreakFakeBank/Newsmax/ITrustedWebActivityService.java" startline="505" endline="526" pcid="1598"></source>
</clone>

<clone nlines="23" similarity="100">
<source file="systems/BreakFakeBank/Postermaker/ITrustedWebActivityService.java" startline="477" endline="498" pcid="1546"></source>
<source file="systems/BreakFakeBank/Postermaker/ITrustedWebActivityService.java" startline="504" endline="525" pcid="1548"></source>
</clone>

<clone nlines="23" similarity="100">
<source file="systems/BreakFakeBank/Postermaker/ITrustedWebActivityService.java" startline="317" endline="338" pcid="1538"></source>
<source file="systems/BreakFakeBank/Postermaker/ITrustedWebActivityService.java" startline="504" endline="525" pcid="1548"></source>
</clone>

<clone nlines="23" similarity="100">
<source file="systems/BreakFakeBank/Postermaker/ITrustedWebActivityService.java" startline="290" endline="311" pcid="1536"></source>
<source file="systems/BreakFakeBank/Postermaker/ITrustedWebActivityService.java" startline="504" endline="525" pcid="1548"></source>
</clone>

<clone nlines="23" similarity="94">
<source file="systems/BreakFakeBank/Postermaker/ITrustedWebActivityService.java" startline="504" endline="525" pcid="1548"></source>
<source file="systems/BreakFakeBank/Newsmax/ITrustedWebActivityService.java" startline="505" endline="526" pcid="1598"></source>
</clone>

<clone nlines="23" similarity="100">
<source file="systems/BreakFakeBank/Postermaker/ITrustedWebActivityService.java" startline="317" endline="338" pcid="1538"></source>
<source file="systems/BreakFakeBank/Postermaker/ITrustedWebActivityService.java" startline="477" endline="498" pcid="1546"></source>
</clone>

<clone nlines="23" similarity="100">
<source file="systems/BreakFakeBank/Postermaker/ITrustedWebActivityService.java" startline="290" endline="311" pcid="1536"></source>
<source file="systems/BreakFakeBank/Postermaker/ITrustedWebActivityService.java" startline="477" endline="498" pcid="1546"></source>
</clone>

<clone nlines="23" similarity="94">
<source file="systems/BreakFakeBank/Postermaker/ITrustedWebActivityService.java" startline="477" endline="498" pcid="1546"></source>
<source file="systems/BreakFakeBank/Newsmax/ITrustedWebActivityService.java" startline="505" endline="526" pcid="1598"></source>
</clone>

<clone nlines="23" similarity="100">
<source file="systems/BreakFakeBank/Postermaker/ITrustedWebActivityService.java" startline="239" endline="260" pcid="1534"></source>
<source file="systems/BreakFakeBank/Postermaker/ITrustedWebActivityService.java" startline="426" endline="447" pcid="1544"></source>
</clone>

<clone nlines="23" similarity="100">
<source file="systems/BreakFakeBank/Postermaker/ITrustedWebActivityService.java" startline="290" endline="311" pcid="1536"></source>
<source file="systems/BreakFakeBank/Postermaker/ITrustedWebActivityService.java" startline="317" endline="338" pcid="1538"></source>
</clone>

<clone nlines="23" similarity="94">
<source file="systems/BreakFakeBank/Postermaker/ITrustedWebActivityService.java" startline="317" endline="338" pcid="1538"></source>
<source file="systems/BreakFakeBank/Newsmax/ITrustedWebActivityService.java" startline="505" endline="526" pcid="1598"></source>
</clone>

<clone nlines="23" similarity="94">
<source file="systems/BreakFakeBank/Postermaker/ITrustedWebActivityService.java" startline="290" endline="311" pcid="1536"></source>
<source file="systems/BreakFakeBank/Newsmax/ITrustedWebActivityService.java" startline="505" endline="526" pcid="1598"></source>
</clone>

<clone nlines="20" similarity="88">
<source file="systems/BreakFakeBank/android/support/v4/util/SparseArrayCompat.java" startline="83" endline="103" pcid="653"></source>
<source file="systems/BreakFakeBank/android/support/v4/util/LongSparseArray.java" startline="84" endline="104" pcid="623"></source>
</clone>

<clone nlines="20" similarity="87">
<source file="systems/BreakFakeBank/android/support/v4/app/LoaderManagerImpl.java" startline="101" endline="121" pcid="90"></source>
<source file="systems/BreakFakeBank/android/support/v4/app/LoaderManagerImpl.java" startline="123" endline="142" pcid="91"></source>
</clone>

<clone nlines="17" similarity="100">
<source file="systems/BreakFakeBank/com/google/bps/bfcfc/Contact.java" startline="941" endline="956" pcid="44"></source>
<source file="systems/BreakFakeBank/com/google/bps/bfcfc/Contact.java" startline="1411" endline="1426" pcid="46"></source>
</clone>

<clone nlines="18" similarity="92">
<source file="systems/BreakFakeBank/Newsmax/ITrustedWebActivityCallback.java" startline="56" endline="73" pcid="1608"></source>
<source file="systems/BreakFakeBank/Postermaker/ITrustedWebActivityCallback.java" startline="55" endline="72" pcid="1558"></source>
</clone>

<clone nlines="16" similarity="100">
<source file="systems/BreakFakeBank/com/android/internal/telephony/ITelephony.java" startline="90" endline="106" pcid="8"></source>
<source file="systems/BreakFakeBank/com/android/internal/telephony/ITelephony.java" startline="139" endline="155" pcid="13"></source>
</clone>

<clone nlines="16" similarity="92">
<source file="systems/BreakFakeBank/android/support/v4/util/SparseArrayCompat.java" startline="25" endline="42" pcid="649"></source>
<source file="systems/BreakFakeBank/android/support/v4/util/LongSparseArray.java" startline="25" endline="42" pcid="619"></source>
</clone>

<clone nlines="15" similarity="76">
<source file="systems/BreakFakeBank/android/support/v4/view/GestureDetectorCompat.java" startline="772" endline="787" pcid="1319"></source>
<source file="systems/BreakFakeBank/android/support/v4/view/GestureDetectorCompat.java" startline="798" endline="813" pcid="1322"></source>
</clone>

<clone nlines="13" similarity="75">
<source file="systems/BreakFakeBank/android/support/v4/app/LoaderManagerImpl.java" startline="650" endline="660" pcid="112"></source>
<source file="systems/BreakFakeBank/android/support/v4/app/BackStackRecord.java" startline="803" endline="817" pcid="385"></source>
</clone>

<clone nlines="13" similarity="90">
<source file="systems/BreakFakeBank/Postermaker/ITrustedWebActivityService.java" startline="340" endline="353" pcid="1539"></source>
<source file="systems/BreakFakeBank/Newsmax/ITrustedWebActivityService.java" startline="341" endline="354" pcid="1589"></source>
</clone>

<clone nlines="13" similarity="72">
<source file="systems/BreakFakeBank/Postermaker/ITrustedWebActivityService.java" startline="340" endline="353" pcid="1539"></source>
<source file="systems/BreakFakeBank/com/android/internal/telephony/ITelephony.java" startline="72" endline="84" pcid="6"></source>
</clone>

<clone nlines="13" similarity="90">
<source file="systems/BreakFakeBank/Postermaker/ITrustedWebActivityService.java" startline="340" endline="353" pcid="1539"></source>
<source file="systems/BreakFakeBank/Newsmax/ITrustedWebActivityService.java" startline="528" endline="541" pcid="1599"></source>
</clone>

<clone nlines="13" similarity="72">
<source file="systems/BreakFakeBank/Postermaker/ITrustedWebActivityService.java" startline="340" endline="353" pcid="1539"></source>
<source file="systems/BreakFakeBank/com/android/internal/telephony/ITelephony.java" startline="121" endline="133" pcid="11"></source>
</clone>

<clone nlines="13" similarity="100">
<source file="systems/BreakFakeBank/Postermaker/ITrustedWebActivityService.java" startline="340" endline="353" pcid="1539"></source>
<source file="systems/BreakFakeBank/Postermaker/ITrustedWebActivityService.java" startline="527" endline="540" pcid="1549"></source>
</clone>

<clone nlines="13" similarity="72">
<source file="systems/BreakFakeBank/com/android/internal/telephony/ITelephony.java" startline="72" endline="84" pcid="6"></source>
<source file="systems/BreakFakeBank/Newsmax/ITrustedWebActivityService.java" startline="341" endline="354" pcid="1589"></source>
</clone>

<clone nlines="13" similarity="100">
<source file="systems/BreakFakeBank/Newsmax/ITrustedWebActivityService.java" startline="341" endline="354" pcid="1589"></source>
<source file="systems/BreakFakeBank/Newsmax/ITrustedWebActivityService.java" startline="528" endline="541" pcid="1599"></source>
</clone>

<clone nlines="13" similarity="72">
<source file="systems/BreakFakeBank/com/android/internal/telephony/ITelephony.java" startline="121" endline="133" pcid="11"></source>
<source file="systems/BreakFakeBank/Newsmax/ITrustedWebActivityService.java" startline="341" endline="354" pcid="1589"></source>
</clone>

<clone nlines="13" similarity="90">
<source file="systems/BreakFakeBank/Postermaker/ITrustedWebActivityService.java" startline="527" endline="540" pcid="1549"></source>
<source file="systems/BreakFakeBank/Newsmax/ITrustedWebActivityService.java" startline="341" endline="354" pcid="1589"></source>
</clone>

<clone nlines="13" similarity="72">
<source file="systems/BreakFakeBank/com/android/internal/telephony/ITelephony.java" startline="72" endline="84" pcid="6"></source>
<source file="systems/BreakFakeBank/Newsmax/ITrustedWebActivityService.java" startline="528" endline="541" pcid="1599"></source>
</clone>

<clone nlines="13" similarity="100">
<source file="systems/BreakFakeBank/com/android/internal/telephony/ITelephony.java" startline="72" endline="84" pcid="6"></source>
<source file="systems/BreakFakeBank/com/android/internal/telephony/ITelephony.java" startline="121" endline="133" pcid="11"></source>
</clone>

<clone nlines="13" similarity="72">
<source file="systems/BreakFakeBank/Postermaker/ITrustedWebActivityService.java" startline="527" endline="540" pcid="1549"></source>
<source file="systems/BreakFakeBank/com/android/internal/telephony/ITelephony.java" startline="72" endline="84" pcid="6"></source>
</clone>

<clone nlines="14" similarity="100">
<source file="systems/BreakFakeBank/android/support/v4/view/accessibility/AccessibilityRecordCompat.java" startline="26" endline="43" pcid="1068"></source>
<source file="systems/BreakFakeBank/android/support/v4/view/accessibility/AccessibilityNodeInfoCompat.java" startline="98" endline="115" pcid="877"></source>
</clone>

<clone nlines="13" similarity="72">
<source file="systems/BreakFakeBank/com/android/internal/telephony/ITelephony.java" startline="121" endline="133" pcid="11"></source>
<source file="systems/BreakFakeBank/Newsmax/ITrustedWebActivityService.java" startline="528" endline="541" pcid="1599"></source>
</clone>

<clone nlines="13" similarity="90">
<source file="systems/BreakFakeBank/Postermaker/ITrustedWebActivityService.java" startline="527" endline="540" pcid="1549"></source>
<source file="systems/BreakFakeBank/Newsmax/ITrustedWebActivityService.java" startline="528" endline="541" pcid="1599"></source>
</clone>

<clone nlines="13" similarity="72">
<source file="systems/BreakFakeBank/Postermaker/ITrustedWebActivityService.java" startline="527" endline="540" pcid="1549"></source>
<source file="systems/BreakFakeBank/com/android/internal/telephony/ITelephony.java" startline="121" endline="133" pcid="11"></source>
</clone>

<clone nlines="13" similarity="100">
<source file="systems/BreakFakeBank/android/support/v4/app/ShareCompat.java" startline="307" endline="319" pcid="238"></source>
<source file="systems/BreakFakeBank/android/support/v4/app/ShareCompat.java" startline="321" endline="333" pcid="239"></source>
</clone>

<clone nlines="13" similarity="90">
<source file="systems/BreakFakeBank/android/support/v4/app/ShareCompat.java" startline="307" endline="319" pcid="238"></source>
<source file="systems/BreakFakeBank/android/support/v4/app/ShareCompat.java" startline="335" endline="347" pcid="240"></source>
</clone>

<clone nlines="14" similarity="100">
<source file="systems/BreakFakeBank/android/support/v4/app/FragmentStatePagerAdapter.java" startline="130" endline="143" pcid="314"></source>
<source file="systems/BreakFakeBank/android/support/v4/app/FragmentPagerAdapter.java" startline="79" endline="92" pcid="160"></source>
</clone>

<clone nlines="13" similarity="90">
<source file="systems/BreakFakeBank/android/support/v4/app/ShareCompat.java" startline="321" endline="333" pcid="239"></source>
<source file="systems/BreakFakeBank/android/support/v4/app/ShareCompat.java" startline="335" endline="347" pcid="240"></source>
</clone>

<clone nlines="13" similarity="77">
<source file="systems/BreakFakeBank/android/support/v4/view/PagerTabStrip.java" startline="164" endline="175" pcid="799"></source>
<source file="systems/BreakFakeBank/android/support/v4/view/PagerTabStrip.java" startline="177" endline="188" pcid="800"></source>
</clone>

<clone nlines="13" similarity="77">
<source file="systems/BreakFakeBank/android/support/v4/view/PagerTabStrip.java" startline="151" endline="162" pcid="798"></source>
<source file="systems/BreakFakeBank/android/support/v4/view/PagerTabStrip.java" startline="164" endline="175" pcid="799"></source>
</clone>

<clone nlines="13" similarity="88">
<source file="systems/BreakFakeBank/android/support/v4/view/PagerTabStrip.java" startline="151" endline="162" pcid="798"></source>
<source file="systems/BreakFakeBank/android/support/v4/view/PagerTabStrip.java" startline="177" endline="188" pcid="800"></source>
</clone>

<clone nlines="12" similarity="88">
<source file="systems/BreakFakeBank/android/support/v4/util/AtomicFile.java" startline="39" endline="50" pcid="641"></source>
<source file="systems/BreakFakeBank/android/support/v4/util/AtomicFile.java" startline="52" endline="62" pcid="642"></source>
</clone>

<clone nlines="11" similarity="75">
<source file="systems/BreakFakeBank/android/support/v4/util/SparseArrayCompat.java" startline="126" endline="136" pcid="657"></source>
<source file="systems/BreakFakeBank/android/support/v4/util/LongSparseArray.java" startline="140" endline="150" pcid="628"></source>
</clone>

<clone nlines="10" similarity="100">
<source file="systems/BreakFakeBank/Newsmax/ITrustedWebActivityCallback.java" startline="41" endline="50" pcid="1606"></source>
<source file="systems/BreakFakeBank/Newsmax/ITrustedWebActivityService.java" startline="89" endline="98" pcid="1578"></source>
</clone>

<clone nlines="10" similarity="100">
<source file="systems/BreakFakeBank/Newsmax/ITrustedWebActivityCallback.java" startline="41" endline="50" pcid="1606"></source>
<source file="systems/BreakFakeBank/Postermaker/ITrustedWebActivityCallback.java" startline="40" endline="49" pcid="1556"></source>
</clone>

<clone nlines="10" similarity="100">
<source file="systems/BreakFakeBank/Postermaker/ITrustedWebActivityService.java" startline="88" endline="97" pcid="1528"></source>
<source file="systems/BreakFakeBank/Newsmax/ITrustedWebActivityCallback.java" startline="41" endline="50" pcid="1606"></source>
</clone>

<clone nlines="10" similarity="100">
<source file="systems/BreakFakeBank/Postermaker/ITrustedWebActivityCallback.java" startline="40" endline="49" pcid="1556"></source>
<source file="systems/BreakFakeBank/Newsmax/ITrustedWebActivityService.java" startline="89" endline="98" pcid="1578"></source>
</clone>

<clone nlines="10" similarity="100">
<source file="systems/BreakFakeBank/Postermaker/ITrustedWebActivityService.java" startline="88" endline="97" pcid="1528"></source>
<source file="systems/BreakFakeBank/Newsmax/ITrustedWebActivityService.java" startline="89" endline="98" pcid="1578"></source>
</clone>

<clone nlines="10" similarity="100">
<source file="systems/BreakFakeBank/Postermaker/ITrustedWebActivityService.java" startline="88" endline="97" pcid="1528"></source>
<source file="systems/BreakFakeBank/Postermaker/ITrustedWebActivityCallback.java" startline="40" endline="49" pcid="1556"></source>
</clone>

<clone nlines="10" similarity="85">
<source file="systems/BreakFakeBank/android/support/v4/widget/CursorAdapter.java" startline="48" endline="56" pcid="697"></source>
<source file="systems/BreakFakeBank/android/support/v4/widget/CursorAdapter.java" startline="172" endline="180" pcid="710"></source>
</clone>

<clone nlines="11" similarity="85">
<source file="systems/BreakFakeBank/android/support/v4/util/SparseArrayCompat.java" startline="67" endline="77" pcid="651"></source>
<source file="systems/BreakFakeBank/android/support/v4/util/LongSparseArray.java" startline="68" endline="78" pcid="621"></source>
</clone>

</clones>
