<clones>
<systeminfo processor="nicad6" system="RAT" granularity="functions-blind" threshold="30%" minlines="10" maxlines="2500"/>
<cloneinfo npcs="1104" npairs="698"/>
<runinfo ncompares="13552" cputime="167416"/>
<classinfo nclasses="56"/>

<class classid="1" nclones="2" nlines="15" similarity="100">
<source file="systems/RAT/8 Ball Pool/api/PurchaseHistoryRecord.java" startline="24" endline="40" pcid="17"></source>
<source file="systems/RAT/8 Ball Pool/api/Purchase.java" startline="26" endline="42" pcid="37"></source>
</class>

<class classid="2" nclones="2" nlines="21" similarity="100">
<source file="systems/RAT/8 Ball Pool/api/BillingFlowParams.java" startline="605" endline="624" pcid="100"></source>
<source file="systems/RAT/8 Ball Pool/api/BillingFlowParams.java" startline="666" endline="685" pcid="107"></source>
</class>

<class classid="3" nclones="2" nlines="11" similarity="100">
<source file="systems/RAT/8 Ball Pool/api/QueryProductDetailsParams.java" startline="74" endline="85" pcid="222"></source>
<source file="systems/RAT/8 Ball Pool/api/QueryProductDetailsParams.java" startline="106" endline="117" pcid="226"></source>
</class>

<class classid="4" nclones="4" nlines="30" similarity="92">
<source file="systems/RAT/com/truenet/android/a/a.java" startline="13" endline="45" pcid="298"></source>
<source file="systems/RAT/Sumoro/case1/g.java" startline="17" endline="48" pcid="887"></source>
<source file="systems/RAT/com/truenet/android/a/g.java" startline="17" endline="48" pcid="305"></source>
<source file="systems/RAT/Sumoro/case1/a.java" startline="13" endline="45" pcid="886"></source>
</class>

<class classid="5" nclones="6" nlines="31" similarity="83">
<source file="systems/RAT/com/truenet/android/a/f.java" startline="19" endline="45" pcid="299"></source>
<source file="systems/RAT/Sumoro/case3/f.java" startline="19" endline="45" pcid="882"></source>
<source file="systems/RAT/Sumoro/case2/f.java" startline="19" endline="45" pcid="878"></source>
<source file="systems/RAT/com/truenet/android/a/f.java" startline="47" endline="69" pcid="300"></source>
<source file="systems/RAT/Sumoro/case3/f.java" startline="47" endline="69" pcid="883"></source>
<source file="systems/RAT/Sumoro/case2/f.java" startline="47" endline="69" pcid="879"></source>
</class>

<class classid="6" nclones="6" nlines="14" similarity="81">
<source file="systems/RAT/com/truenet/android/a/f.java" startline="71" endline="82" pcid="301"></source>
<source file="systems/RAT/com/truenet/android/a/f.java" startline="84" endline="93" pcid="302"></source>
<source file="systems/RAT/Sumoro/case2/f.java" startline="71" endline="82" pcid="880"></source>
<source file="systems/RAT/Sumoro/case2/f.java" startline="84" endline="93" pcid="881"></source>
<source file="systems/RAT/Sumoro/case3/f.java" startline="71" endline="82" pcid="884"></source>
<source file="systems/RAT/Sumoro/case3/f.java" startline="84" endline="93" pcid="885"></source>
</class>

<class classid="7" nclones="2" nlines="15" similarity="100">
<source file="systems/RAT/com/truenet/android/a/i.java" startline="26" endline="41" pcid="311"></source>
<source file="systems/RAT/Sumoro/case4/i.java" startline="26" endline="41" pcid="963"></source>
</class>

<class classid="8" nclones="4" nlines="13" similarity="100">
<source file="systems/RAT/com/truenet/android/a/i.java" startline="46" endline="58" pcid="313"></source>
<source file="systems/RAT/Sumoro/case4/i.java" startline="46" endline="58" pcid="965"></source>
<source file="systems/RAT/com/truenet/android/a/i.java" startline="65" endline="77" pcid="315"></source>
<source file="systems/RAT/Sumoro/case4/i.java" startline="65" endline="77" pcid="967"></source>
</class>

<class classid="9" nclones="2" nlines="44" similarity="100">
<source file="systems/RAT/com/truenet/android/DeviceInfo.java" startline="70" endline="92" pcid="316"></source>
<source file="systems/RAT/Sumoro/case5/DeviceInfo.java" startline="70" endline="92" pcid="891"></source>
</class>

<class classid="10" nclones="2" nlines="45" similarity="100">
<source file="systems/RAT/com/truenet/android/DeviceInfo.java" startline="200" endline="223" pcid="338"></source>
<source file="systems/RAT/Sumoro/case5/DeviceInfo.java" startline="200" endline="223" pcid="913"></source>
</class>

<class classid="11" nclones="7" nlines="10" similarity="85">
<source file="systems/RAT/com/truenet/android/DeviceInfo.java" startline="225" endline="235" pcid="339"></source>
<source file="systems/RAT/Sumoro/case5/ValidationResults.java" startline="29" endline="39" pcid="958"></source>
<source file="systems/RAT/Sumoro/case5/Link.java" startline="69" endline="79" pcid="947"></source>
<source file="systems/RAT/Sumoro/case5/DeviceInfo.java" startline="225" endline="235" pcid="914"></source>
<source file="systems/RAT/Sumoro/case6/Link.java" startline="69" endline="79" pcid="636"></source>
<source file="systems/RAT/com/truenet/android/ValidationResults.java" startline="29" endline="39" pcid="383"></source>
<source file="systems/RAT/com/truenet/android/Link.java" startline="69" endline="79" pcid="372"></source>
</class>

<class classid="12" nclones="2" nlines="166" similarity="100">
<source file="systems/RAT/com/truenet/android/DeviceInfo.java" startline="342" endline="488" pcid="361"></source>
<source file="systems/RAT/Sumoro/case5/DeviceInfo.java" startline="342" endline="488" pcid="936"></source>
</class>

<class classid="13" nclones="2" nlines="47" similarity="100">
<source file="systems/RAT/com/truenet/android/DeviceInfo.java" startline="495" endline="541" pcid="363"></source>
<source file="systems/RAT/Sumoro/case5/DeviceInfo.java" startline="495" endline="541" pcid="938"></source>
</class>

<class classid="14" nclones="3" nlines="12" similarity="100">
<source file="systems/RAT/com/truenet/android/Link.java" startline="26" endline="32" pcid="365"></source>
<source file="systems/RAT/Sumoro/case5/Link.java" startline="26" endline="32" pcid="940"></source>
<source file="systems/RAT/Sumoro/case6/Link.java" startline="26" endline="32" pcid="629"></source>
</class>

<class classid="15" nclones="3" nlines="13" similarity="100">
<source file="systems/RAT/com/truenet/android/Link.java" startline="60" endline="67" pcid="371"></source>
<source file="systems/RAT/Sumoro/case6/Link.java" startline="60" endline="67" pcid="635"></source>
<source file="systems/RAT/Sumoro/case5/Link.java" startline="60" endline="67" pcid="946"></source>
</class>

<class classid="16" nclones="3" nlines="38" similarity="100">
<source file="systems/RAT/com/truenet/android/Link.java" startline="106" endline="140" pcid="378"></source>
<source file="systems/RAT/Sumoro/case5/Link.java" startline="106" endline="140" pcid="953"></source>
<source file="systems/RAT/Sumoro/case6/Link.java" startline="106" endline="140" pcid="642"></source>
</class>

<class classid="17" nclones="15" nlines="15" similarity="72">
<source file="systems/RAT/com/truenet/android/Link.java" startline="142" endline="156" pcid="379"></source>
<source file="systems/RAT/Sumoro/case6/b.java" startline="523" endline="537" pcid="722"></source>
<source file="systems/RAT/Sumoro/case5/Link.java" startline="142" endline="156" pcid="954"></source>
<source file="systems/RAT/com/truenet/android/LinksData.java" startline="160" endline="176" pcid="440"></source>
<source file="systems/RAT/Sumoro/case6/RedirectsResult.java" startline="113" endline="125" pcid="656"></source>
<source file="systems/RAT/Sumoro/case7/RedirectsResult.java" startline="113" endline="125" pcid="560"></source>
<source file="systems/RAT/com/truenet/android/RedirectsResult.java" startline="113" endline="125" pcid="399"></source>
<source file="systems/RAT/Sumoro/case6/Link.java" startline="142" endline="156" pcid="643"></source>
<source file="systems/RAT/Sumoro/case6/LinksData.java" startline="160" endline="176" pcid="697"></source>
<source file="systems/RAT/Sumoro/case8/b.java" startline="523" endline="537" pcid="820"></source>
<source file="systems/RAT/Sumoro/case7/b.java" startline="523" endline="537" pcid="608"></source>
<source file="systems/RAT/com/truenet/android/b.java" startline="523" endline="537" pcid="468"></source>
<source file="systems/RAT/Sumoro/case6/ValidationResult.java" startline="226" endline="248" pcid="679"></source>
<source file="systems/RAT/com/truenet/android/ValidationResult.java" startline="226" endline="248" pcid="422"></source>
<source file="systems/RAT/Sumoro/case7/ValidationResult.java" startline="226" endline="248" pcid="583"></source>
</class>

<class classid="18" nclones="2" nlines="11" similarity="100">
<source file="systems/RAT/com/truenet/android/ValidationResults.java" startline="46" endline="55" pcid="385"></source>
<source file="systems/RAT/Sumoro/case5/ValidationResults.java" startline="46" endline="55" pcid="960"></source>
</class>

<class classid="19" nclones="10" nlines="27" similarity="94">
<source file="systems/RAT/com/truenet/android/RedirectsResult.java" startline="50" endline="75" pcid="393"></source>
<source file="systems/RAT/Sumoro/case7/RedirectsResult.java" startline="50" endline="75" pcid="554"></source>
<source file="systems/RAT/Sumoro/case7/ValidationResult.java" startline="103" endline="128" pcid="572"></source>
<source file="systems/RAT/com/truenet/android/ValidationResult.java" startline="103" endline="128" pcid="411"></source>
<source file="systems/RAT/Sumoro/case6/RedirectsResult.java" startline="50" endline="75" pcid="650"></source>
<source file="systems/RAT/Sumoro/case6/ValidationResult.java" startline="103" endline="128" pcid="668"></source>
<source file="systems/RAT/Sumoro/case6/b.java" startline="471" endline="496" pcid="720"></source>
<source file="systems/RAT/Sumoro/case7/b.java" startline="471" endline="496" pcid="606"></source>
<source file="systems/RAT/Sumoro/case8/b.java" startline="471" endline="496" pcid="818"></source>
<source file="systems/RAT/com/truenet/android/b.java" startline="471" endline="496" pcid="466"></source>
</class>

<class classid="20" nclones="3" nlines="17" similarity="100">
<source file="systems/RAT/com/truenet/android/RedirectsResult.java" startline="95" endline="111" pcid="398"></source>
<source file="systems/RAT/Sumoro/case6/RedirectsResult.java" startline="95" endline="111" pcid="655"></source>
<source file="systems/RAT/Sumoro/case7/RedirectsResult.java" startline="95" endline="111" pcid="559"></source>
</class>

<class classid="21" nclones="3" nlines="18" similarity="100">
<source file="systems/RAT/com/truenet/android/ValidationResult.java" startline="36" endline="46" pcid="400"></source>
<source file="systems/RAT/Sumoro/case6/ValidationResult.java" startline="36" endline="46" pcid="657"></source>
<source file="systems/RAT/Sumoro/case7/ValidationResult.java" startline="36" endline="46" pcid="561"></source>
</class>

<class classid="22" nclones="3" nlines="17" similarity="100">
<source file="systems/RAT/com/truenet/android/ValidationResult.java" startline="92" endline="101" pcid="410"></source>
<source file="systems/RAT/Sumoro/case7/ValidationResult.java" startline="92" endline="101" pcid="571"></source>
<source file="systems/RAT/Sumoro/case6/ValidationResult.java" startline="92" endline="101" pcid="667"></source>
</class>

<class classid="23" nclones="3" nlines="57" similarity="100">
<source file="systems/RAT/com/truenet/android/ValidationResult.java" startline="173" endline="224" pcid="421"></source>
<source file="systems/RAT/Sumoro/case7/ValidationResult.java" startline="173" endline="224" pcid="582"></source>
<source file="systems/RAT/Sumoro/case6/ValidationResult.java" startline="173" endline="224" pcid="678"></source>
</class>

<class classid="24" nclones="2" nlines="49" similarity="100">
<source file="systems/RAT/com/truenet/android/LinksData.java" startline="69" endline="113" pcid="432"></source>
<source file="systems/RAT/Sumoro/case6/LinksData.java" startline="69" endline="113" pcid="689"></source>
</class>

<class classid="25" nclones="2" nlines="19" similarity="100">
<source file="systems/RAT/com/truenet/android/LinksData.java" startline="140" endline="158" pcid="439"></source>
<source file="systems/RAT/Sumoro/case6/LinksData.java" startline="140" endline="158" pcid="696"></source>
</class>

<class classid="26" nclones="4" nlines="12" similarity="100">
<source file="systems/RAT/com/truenet/android/b.java" startline="76" endline="85" pcid="444"></source>
<source file="systems/RAT/Sumoro/case6/b.java" startline="76" endline="85" pcid="698"></source>
<source file="systems/RAT/Sumoro/case7/b.java" startline="76" endline="85" pcid="584"></source>
<source file="systems/RAT/Sumoro/case8/b.java" startline="76" endline="85" pcid="796"></source>
</class>

<class classid="27" nclones="4" nlines="90" similarity="100">
<source file="systems/RAT/com/truenet/android/b.java" startline="87" endline="174" pcid="445"></source>
<source file="systems/RAT/Sumoro/case7/b.java" startline="87" endline="174" pcid="585"></source>
<source file="systems/RAT/Sumoro/case6/b.java" startline="87" endline="174" pcid="699"></source>
<source file="systems/RAT/Sumoro/case8/b.java" startline="87" endline="174" pcid="797"></source>
</class>

<class classid="28" nclones="7" nlines="10" similarity="71">
<source file="systems/RAT/com/truenet/android/b.java" startline="307" endline="315" pcid="447"></source>
<source file="systems/RAT/Sumoro/case8/a.java" startline="57" endline="65" pcid="793"></source>
<source file="systems/RAT/Sumoro/case8/b.java" startline="307" endline="315" pcid="799"></source>
<source file="systems/RAT/Sumoro/case10/a.java" startline="57" endline="65" pcid="785"></source>
<source file="systems/RAT/com3/irifix/a.java" startline="57" endline="65" pcid="1042"></source>
<source file="systems/RAT/Sumoro/case6/b.java" startline="307" endline="315" pcid="701"></source>
<source file="systems/RAT/Sumoro/case7/b.java" startline="307" endline="315" pcid="587"></source>
</class>

<class classid="29" nclones="4" nlines="47" similarity="100">
<source file="systems/RAT/com/truenet/android/b.java" startline="357" endline="406" pcid="456"></source>
<source file="systems/RAT/Sumoro/case7/b.java" startline="357" endline="406" pcid="596"></source>
<source file="systems/RAT/Sumoro/case6/b.java" startline="357" endline="406" pcid="710"></source>
<source file="systems/RAT/Sumoro/case8/b.java" startline="357" endline="406" pcid="808"></source>
</class>

<class classid="30" nclones="4" nlines="10" similarity="100">
<source file="systems/RAT/com/truenet/android/b.java" startline="434" endline="440" pcid="459"></source>
<source file="systems/RAT/Sumoro/case8/b.java" startline="434" endline="440" pcid="811"></source>
<source file="systems/RAT/Sumoro/case7/b.java" startline="434" endline="440" pcid="599"></source>
<source file="systems/RAT/Sumoro/case6/b.java" startline="434" endline="440" pcid="713"></source>
</class>

<class classid="31" nclones="4" nlines="25" similarity="100">
<source file="systems/RAT/com/truenet/android/b.java" startline="498" endline="521" pcid="467"></source>
<source file="systems/RAT/Sumoro/case8/b.java" startline="498" endline="521" pcid="819"></source>
<source file="systems/RAT/Sumoro/case7/b.java" startline="498" endline="521" pcid="607"></source>
<source file="systems/RAT/Sumoro/case6/b.java" startline="498" endline="521" pcid="721"></source>
</class>

<class classid="32" nclones="4" nlines="12" similarity="100">
<source file="systems/RAT/com/truenet/android/b.java" startline="578" endline="586" pcid="474"></source>
<source file="systems/RAT/Sumoro/case7/b.java" startline="578" endline="586" pcid="614"></source>
<source file="systems/RAT/Sumoro/case6/b.java" startline="578" endline="586" pcid="728"></source>
<source file="systems/RAT/Sumoro/case8/b.java" startline="578" endline="586" pcid="826"></source>
</class>

<class classid="33" nclones="4" nlines="21" similarity="100">
<source file="systems/RAT/com/truenet/android/b.java" startline="651" endline="672" pcid="487"></source>
<source file="systems/RAT/Sumoro/case7/b.java" startline="651" endline="672" pcid="627"></source>
<source file="systems/RAT/Sumoro/case6/b.java" startline="651" endline="672" pcid="741"></source>
<source file="systems/RAT/Sumoro/case8/b.java" startline="651" endline="672" pcid="839"></source>
</class>

<class classid="34" nclones="24" nlines="27" similarity="71">
<source file="systems/RAT/Baby Bus/IPostMessageService.java" startline="82" endline="106" pcid="495"></source>
<source file="systems/RAT/Baby Bus/ICustomTabsService.java" startline="227" endline="255" pcid="534"></source>
<source file="systems/RAT/Baby Bus/ICustomTabsService.java" startline="170" endline="195" pcid="532"></source>
<source file="systems/RAT/Baby Bus/IPostMessageService.java" startline="108" endline="133" pcid="496"></source>
<source file="systems/RAT/Baby Bus/ICustomTabsService.java" startline="197" endline="225" pcid="533"></source>
<source file="systems/RAT/Baby Bus/ICustomTabsService.java" startline="476" endline="504" pcid="545"></source>
<source file="systems/RAT/Baby Bus/ICustomTabsService.java" startline="446" endline="474" pcid="544"></source>
<source file="systems/RAT/Baby Bus/ICustomTabsCallback.java" startline="284" endline="302" pcid="518"></source>
<source file="systems/RAT/Baby Bus/ICustomTabsCallback.java" startline="132" endline="151" pcid="508"></source>
<source file="systems/RAT/Baby Bus/ICustomTabsCallback.java" startline="177" endline="196" pcid="511"></source>
<source file="systems/RAT/Baby Bus/ICustomTabsCallback.java" startline="198" endline="217" pcid="512"></source>
<source file="systems/RAT/Baby Bus/ICustomTabsCallback.java" startline="259" endline="278" pcid="516"></source>
<source file="systems/RAT/Baby Bus/IPostMessageService.java" startline="152" endline="176" pcid="500"></source>
<source file="systems/RAT/Baby Bus/ICustomTabsService.java" startline="419" endline="444" pcid="543"></source>
<source file="systems/RAT/Baby Bus/ICustomTabsCallback.java" startline="325" endline="344" pcid="520"></source>
<source file="systems/RAT/Baby Bus/ICustomTabsCallback.java" startline="157" endline="175" pcid="510"></source>
<source file="systems/RAT/Baby Bus/ICustomTabsCallback.java" startline="304" endline="323" pcid="519"></source>
<source file="systems/RAT/Baby Bus/IPostMessageService.java" startline="178" endline="203" pcid="501"></source>
<source file="systems/RAT/Baby Bus/ICustomTabsService.java" startline="108" endline="143" pcid="530"></source>
<source file="systems/RAT/Baby Bus/ICustomTabsService.java" startline="257" endline="292" pcid="535"></source>
<source file="systems/RAT/Baby Bus/ICustomTabsService.java" startline="357" endline="392" pcid="541"></source>
<source file="systems/RAT/Baby Bus/ICustomTabsService.java" startline="506" endline="541" pcid="546"></source>
<source file="systems/RAT/Baby Bus/ICustomTabsService.java" startline="327" endline="351" pcid="539"></source>
<source file="systems/RAT/Baby Bus/ICustomTabsService.java" startline="78" endline="102" pcid="528"></source>
</class>

<class classid="35" nclones="2" nlines="28" similarity="100">
<source file="systems/RAT/Baby Bus/ICustomTabsCallback.java" startline="219" endline="244" pcid="513"></source>
<source file="systems/RAT/Baby Bus/ICustomTabsCallback.java" startline="346" endline="371" pcid="521"></source>
</class>

<class classid="36" nclones="4" nlines="21" similarity="70">
<source file="systems/RAT/Baby Bus/ICustomTabsService.java" startline="145" endline="168" pcid="531"></source>
<source file="systems/RAT/Baby Bus/ICustomTabsService.java" startline="543" endline="561" pcid="547"></source>
<source file="systems/RAT/Baby Bus/ICustomTabsService.java" startline="394" endline="417" pcid="542"></source>
<source file="systems/RAT/Baby Bus/ICustomTabsService.java" startline="294" endline="312" pcid="536"></source>
</class>

<class classid="37" nclones="26" nlines="45" similarity="73">
<source file="systems/RAT/Sumoro/case9/h.java" startline="4" endline="33" pcid="742"></source>
<source file="systems/RAT/Sumoro/case9/i.java" startline="10" endline="46" pcid="777"></source>
<source file="systems/RAT/Sumoro/case9/j.java" startline="15" endline="51" pcid="746"></source>
<source file="systems/RAT/Sumoro/case9/e.java" startline="165" endline="196" pcid="757"></source>
<source file="systems/RAT/com3/irifix/j.java" startline="15" endline="51" pcid="1029"></source>
<source file="systems/RAT/com3/irifix/i.java" startline="10" endline="46" pcid="1099"></source>
<source file="systems/RAT/com3/irifix/e.java" startline="165" endline="196" pcid="1057"></source>
<source file="systems/RAT/com3/irifix/h.java" startline="4" endline="33" pcid="1025"></source>
<source file="systems/RAT/Sumoro/case11/e.java" startline="165" endline="196" pcid="857"></source>
<source file="systems/RAT/Sumoro/case11/e.java" startline="214" endline="258" pcid="859"></source>
<source file="systems/RAT/com3/irifix/e.java" startline="214" endline="258" pcid="1059"></source>
<source file="systems/RAT/Sumoro/case9/e.java" startline="214" endline="258" pcid="759"></source>
<source file="systems/RAT/Sumoro/case9/l.java" startline="25" endline="83" pcid="767"></source>
<source file="systems/RAT/Sumoro/case9/l.java" startline="123" endline="180" pcid="770"></source>
<source file="systems/RAT/com3/irifix/l.java" startline="25" endline="83" pcid="1089"></source>
<source file="systems/RAT/Sumoro/case9/l.java" startline="186" endline="239" pcid="772"></source>
<source file="systems/RAT/Sumoro/case9/h.java" startline="35" endline="89" pcid="743"></source>
<source file="systems/RAT/com3/irifix/l.java" startline="123" endline="180" pcid="1092"></source>
<source file="systems/RAT/com3/irifix/h.java" startline="35" endline="89" pcid="1026"></source>
<source file="systems/RAT/com3/irifix/l.java" startline="186" endline="239" pcid="1094"></source>
<source file="systems/RAT/com3/irifix/l.java" startline="319" endline="375" pcid="1097"></source>
<source file="systems/RAT/Sumoro/case9/l.java" startline="319" endline="375" pcid="775"></source>
<source file="systems/RAT/Sumoro/case9/l.java" startline="377" endline="437" pcid="776"></source>
<source file="systems/RAT/com3/irifix/l.java" startline="377" endline="437" pcid="1098"></source>
<source file="systems/RAT/Sumoro/case9/l.java" startline="245" endline="317" pcid="774"></source>
<source file="systems/RAT/com3/irifix/l.java" startline="245" endline="317" pcid="1096"></source>
</class>

<class classid="38" nclones="2" nlines="28" similarity="100">
<source file="systems/RAT/Sumoro/case9/j.java" startline="67" endline="96" pcid="750"></source>
<source file="systems/RAT/com3/irifix/j.java" startline="67" endline="96" pcid="1033"></source>
</class>

<class classid="39" nclones="3" nlines="19" similarity="100">
<source file="systems/RAT/Sumoro/case9/e.java" startline="39" endline="57" pcid="751"></source>
<source file="systems/RAT/Sumoro/case11/e.java" startline="39" endline="57" pcid="851"></source>
<source file="systems/RAT/com3/irifix/e.java" startline="39" endline="57" pcid="1051"></source>
</class>

<class classid="40" nclones="3" nlines="82" similarity="100">
<source file="systems/RAT/Sumoro/case9/e.java" startline="73" endline="148" pcid="755"></source>
<source file="systems/RAT/com3/irifix/e.java" startline="73" endline="148" pcid="1055"></source>
<source file="systems/RAT/Sumoro/case11/e.java" startline="73" endline="148" pcid="855"></source>
</class>

<class classid="41" nclones="9" nlines="14" similarity="76">
<source file="systems/RAT/Sumoro/case9/e.java" startline="150" endline="163" pcid="756"></source>
<source file="systems/RAT/Sumoro/case9/e.java" startline="198" endline="212" pcid="758"></source>
<source file="systems/RAT/Sumoro/case11/e.java" startline="150" endline="163" pcid="856"></source>
<source file="systems/RAT/com3/irifix/e.java" startline="150" endline="163" pcid="1056"></source>
<source file="systems/RAT/Sumoro/case11/e.java" startline="198" endline="212" pcid="858"></source>
<source file="systems/RAT/com3/irifix/e.java" startline="198" endline="212" pcid="1058"></source>
<source file="systems/RAT/Sumoro/case12/AccService.java" startline="97" endline="113" pcid="846"></source>
<source file="systems/RAT/com3/irifix/AccService.java" startline="97" endline="113" pcid="1084"></source>
<source file="systems/RAT/Sumoro/case11/AccService.java" startline="97" endline="113" pcid="873"></source>
</class>

<class classid="42" nclones="3" nlines="31" similarity="100">
<source file="systems/RAT/Sumoro/case9/e.java" startline="270" endline="301" pcid="761"></source>
<source file="systems/RAT/com3/irifix/e.java" startline="270" endline="301" pcid="1061"></source>
<source file="systems/RAT/Sumoro/case11/e.java" startline="270" endline="301" pcid="861"></source>
</class>

<class classid="43" nclones="3" nlines="32" similarity="100">
<source file="systems/RAT/Sumoro/case9/e.java" startline="303" endline="334" pcid="763"></source>
<source file="systems/RAT/Sumoro/case11/e.java" startline="303" endline="334" pcid="863"></source>
<source file="systems/RAT/com3/irifix/e.java" startline="303" endline="334" pcid="1063"></source>
</class>

<class classid="44" nclones="3" nlines="49" similarity="100">
<source file="systems/RAT/Sumoro/case9/e.java" startline="336" endline="384" pcid="764"></source>
<source file="systems/RAT/com3/irifix/e.java" startline="336" endline="384" pcid="1064"></source>
<source file="systems/RAT/Sumoro/case11/e.java" startline="336" endline="384" pcid="864"></source>
</class>

<class classid="45" nclones="2" nlines="28" similarity="100">
<source file="systems/RAT/Sumoro/case9/l.java" startline="93" endline="121" pcid="769"></source>
<source file="systems/RAT/com3/irifix/l.java" startline="93" endline="121" pcid="1091"></source>
</class>

<class classid="46" nclones="2" nlines="19" similarity="100">
<source file="systems/RAT/Sumoro/case9/i.java" startline="48" endline="65" pcid="778"></source>
<source file="systems/RAT/com3/irifix/i.java" startline="48" endline="65" pcid="1100"></source>
</class>

<class classid="47" nclones="3" nlines="10" similarity="100">
<source file="systems/RAT/Sumoro/case10/a.java" startline="12" endline="22" pcid="781"></source>
<source file="systems/RAT/com3/irifix/a.java" startline="12" endline="22" pcid="1038"></source>
<source file="systems/RAT/Sumoro/case8/a.java" startline="12" endline="22" pcid="789"></source>
</class>

<class classid="48" nclones="9" nlines="12" similarity="72">
<source file="systems/RAT/Sumoro/case10/a.java" startline="30" endline="43" pcid="783"></source>
<source file="systems/RAT/Sumoro/case8/a.java" startline="67" endline="83" pcid="794"></source>
<source file="systems/RAT/Sumoro/case8/a.java" startline="85" endline="98" pcid="795"></source>
<source file="systems/RAT/com3/irifix/a.java" startline="67" endline="83" pcid="1043"></source>
<source file="systems/RAT/com3/irifix/a.java" startline="30" endline="43" pcid="1040"></source>
<source file="systems/RAT/com3/irifix/a.java" startline="85" endline="98" pcid="1044"></source>
<source file="systems/RAT/Sumoro/case10/a.java" startline="67" endline="83" pcid="786"></source>
<source file="systems/RAT/Sumoro/case10/a.java" startline="85" endline="98" pcid="787"></source>
<source file="systems/RAT/Sumoro/case8/a.java" startline="30" endline="43" pcid="791"></source>
</class>

<class classid="49" nclones="3" nlines="10" similarity="100">
<source file="systems/RAT/Sumoro/case10/a.java" startline="45" endline="55" pcid="784"></source>
<source file="systems/RAT/Sumoro/case8/a.java" startline="45" endline="55" pcid="792"></source>
<source file="systems/RAT/com3/irifix/a.java" startline="45" endline="55" pcid="1041"></source>
</class>

<class classid="50" nclones="6" nlines="19" similarity="94">
<source file="systems/RAT/Sumoro/case12/AccService.java" startline="37" endline="56" pcid="843"></source>
<source file="systems/RAT/com3/irifix/AccService.java" startline="58" endline="77" pcid="1082"></source>
<source file="systems/RAT/Sumoro/case11/AccService.java" startline="58" endline="77" pcid="871"></source>
<source file="systems/RAT/Sumoro/case12/AccService.java" startline="58" endline="77" pcid="844"></source>
<source file="systems/RAT/Sumoro/case11/AccService.java" startline="37" endline="56" pcid="870"></source>
<source file="systems/RAT/com3/irifix/AccService.java" startline="37" endline="56" pcid="1081"></source>
</class>

<class classid="51" nclones="3" nlines="17" similarity="100">
<source file="systems/RAT/Sumoro/case12/AccService.java" startline="79" endline="95" pcid="845"></source>
<source file="systems/RAT/Sumoro/case11/AccService.java" startline="79" endline="95" pcid="872"></source>
<source file="systems/RAT/com3/irifix/AccService.java" startline="79" endline="95" pcid="1083"></source>
</class>

<class classid="52" nclones="3" nlines="18" similarity="100">
<source file="systems/RAT/Sumoro/case12/AccService.java" startline="115" endline="134" pcid="847"></source>
<source file="systems/RAT/com3/irifix/AccService.java" startline="115" endline="134" pcid="1085"></source>
<source file="systems/RAT/Sumoro/case11/AccService.java" startline="115" endline="134" pcid="874"></source>
</class>

<class classid="53" nclones="3" nlines="25" similarity="100">
<source file="systems/RAT/Sumoro/case12/AccService.java" startline="138" endline="159" pcid="849"></source>
<source file="systems/RAT/com3/irifix/AccService.java" startline="138" endline="159" pcid="1087"></source>
<source file="systems/RAT/Sumoro/case11/AccService.java" startline="138" endline="159" pcid="876"></source>
</class>

<class classid="54" nclones="2" nlines="16" similarity="100">
<source file="systems/RAT/Arm Wrestling/INotificationSideChannel.java" startline="108" endline="123" pcid="1004"></source>
<source file="systems/RAT/Arm Wrestling/INotificationSideChannel.java" startline="182" endline="197" pcid="1010"></source>
</class>

<class classid="55" nclones="2" nlines="14" similarity="100">
<source file="systems/RAT/Arm Wrestling/INotificationSideChannel.java" startline="125" endline="138" pcid="1005"></source>
<source file="systems/RAT/Arm Wrestling/INotificationSideChannel.java" startline="199" endline="212" pcid="1011"></source>
</class>

<class classid="56" nclones="2" nlines="23" similarity="100">
<source file="systems/RAT/Arm Wrestling/INotificationSideChannel.java" startline="144" endline="165" pcid="1007"></source>
<source file="systems/RAT/Arm Wrestling/INotificationSideChannel.java" startline="218" endline="239" pcid="1013"></source>
</class>

</clones>
