<clones>
<systeminfo processor="nicad6" system="Triada" granularity="functions-blind" threshold="30%" minlines="10" maxlines="2500"/>
<cloneinfo npcs="817" npairs="554"/>
<runinfo ncompares="8597" cputime="145077"/>
<classinfo nclasses="10"/>

<class classid="1" nclones="22" nlines="17" similarity="70">
<source file="systems/Triada/Football/IInAppBillingService.java" startline="127" endline="143" pcid="9">
      public int consumePurchase(int param2Int, String param2String1, String param2String2) throws RemoteException {
        Parcel parcel1 = Parcel.obtain();
        Parcel parcel2 = Parcel.obtain();
        try {
          parcel1.writeInterfaceToken("com.android.vending.billing.IInAppBillingService");
          parcel1.writeInt(param2Int);
          parcel1.writeString(param2String1);
          parcel1.writeString(param2String2);
          this.mRemote.transact(5, parcel1, parcel2, 0);
          parcel2.readException();
          param2Int = parcel2.readInt();
          return param2Int;
        } finally {
          parcel2.recycle();
          parcel1.recycle();
        } 
      }
</source>
<source file="systems/Triada/androiddd/internal/telephony/ISms.java" startline="477" endline="495" pcid="394">
    public boolean disableCellBroadcastRange(int param1Int1, int param1Int2) throws RemoteException {
      boolean bool = false;
      Parcel parcel1 = Parcel.obtain();
      Parcel parcel2 = Parcel.obtain();
      try {
        parcel1.writeInterfaceToken("com.android.internal.telephony.ISms");
        parcel1.writeInt(param1Int1);
        parcel1.writeInt(param1Int2);
        this.mRemote.transact(10, parcel1, parcel2, 0);
        parcel2.readException();
        param1Int1 = parcel2.readInt();
        if (param1Int1 != 0)
          bool = true; 
        return bool;
      } finally {
        parcel2.recycle();
        parcel1.recycle();
      } 
    }
</source>
<source file="systems/Triada/androiddd/internal/telephony/ISms.java" startline="628" endline="647" pcid="401">
    public boolean updateMessageOnIccEf(int param1Int1, int param1Int2, byte[] param1ArrayOfbyte) throws RemoteException {
      boolean bool = false;
      Parcel parcel1 = Parcel.obtain();
      Parcel parcel2 = Parcel.obtain();
      try {
        parcel1.writeInterfaceToken("com.android.internal.telephony.ISms");
        parcel1.writeInt(param1Int1);
        parcel1.writeInt(param1Int2);
        parcel1.writeByteArray(param1ArrayOfbyte);
        this.mRemote.transact(2, parcel1, parcel2, 0);
        parcel2.readException();
        param1Int1 = parcel2.readInt();
        if (param1Int1 != 0)
          bool = true; 
        return bool;
      } finally {
        parcel2.recycle();
        parcel1.recycle();
      } 
    }
</source>
<source file="systems/Triada/Football/IInAppBillingService.java" startline="171" endline="190" pcid="12">
      public Bundle getPurchases(int param2Int, String param2String1, String param2String2, String param2String3) throws RemoteException {
        Parcel parcel1 = Parcel.obtain();
        Parcel parcel2 = Parcel.obtain();
        try {
          parcel1.writeInterfaceToken("com.android.vending.billing.IInAppBillingService");
          parcel1.writeInt(param2Int);
          parcel1.writeString(param2String1);
          parcel1.writeString(param2String2);
          parcel1.writeString(param2String3);
          this.mRemote.transact(4, parcel1, parcel2, 0);
          parcel2.readException();
          if (parcel2.readInt() != 0)
            return (Bundle)Bundle.CREATOR.createFromParcel(parcel2); 
          param2String1 = null;
          return (Bundle)param2String1;
        } finally {
          parcel2.recycle();
          parcel1.recycle();
        } 
      }
</source>
<source file="systems/Triada/androiddd/internal/telephony/ISms.java" startline="516" endline="534" pcid="396">
    public boolean enableCellBroadcastRange(int param1Int1, int param1Int2) throws RemoteException {
      boolean bool = false;
      Parcel parcel1 = Parcel.obtain();
      Parcel parcel2 = Parcel.obtain();
      try {
        parcel1.writeInterfaceToken("com.android.internal.telephony.ISms");
        parcel1.writeInt(param1Int1);
        parcel1.writeInt(param1Int2);
        this.mRemote.transact(9, parcel1, parcel2, 0);
        parcel2.readException();
        param1Int1 = parcel2.readInt();
        if (param1Int1 != 0)
          bool = true; 
        return bool;
      } finally {
        parcel2.recycle();
        parcel1.recycle();
      } 
    }
</source>
<source file="systems/Triada/androiddd/internal/telephony/ISms.java" startline="437" endline="456" pcid="392">
    public boolean copyMessageToIccEf(int param1Int, byte[] param1ArrayOfbyte1, byte[] param1ArrayOfbyte2) throws RemoteException {
      boolean bool = false;
      Parcel parcel1 = Parcel.obtain();
      Parcel parcel2 = Parcel.obtain();
      try {
        parcel1.writeInterfaceToken("com.android.internal.telephony.ISms");
        parcel1.writeInt(param1Int);
        parcel1.writeByteArray(param1ArrayOfbyte1);
        parcel1.writeByteArray(param1ArrayOfbyte2);
        this.mRemote.transact(3, parcel1, parcel2, 0);
        parcel2.readException();
        param1Int = parcel2.readInt();
        if (param1Int != 0)
          bool = true; 
        return bool;
      } finally {
        parcel2.recycle();
        parcel1.recycle();
      } 
    }
</source>
<source file="systems/Triada/androiddd/internal/telephony/ISms.java" startline="403" endline="422" pcid="389">
      public boolean updateMessageOnIccEf(int param2Int1, int param2Int2, byte[] param2ArrayOfbyte) throws RemoteException {
        boolean bool = false;
        Parcel parcel1 = Parcel.obtain();
        Parcel parcel2 = Parcel.obtain();
        try {
          parcel1.writeInterfaceToken("com.android.internal.telephony.ISms");
          parcel1.writeInt(param2Int1);
          parcel1.writeInt(param2Int2);
          parcel1.writeByteArray(param2ArrayOfbyte);
          this.mRemote.transact(2, parcel1, parcel2, 0);
          parcel2.readException();
          param2Int1 = parcel2.readInt();
          if (param2Int1 != 0)
            bool = true; 
          return bool;
        } finally {
          parcel2.recycle();
          parcel1.recycle();
        } 
      }
</source>
<source file="systems/Triada/androiddd/internal/telephony/ISms.java" startline="233" endline="250" pcid="381">
      public boolean disableCellBroadcast(int param2Int) throws RemoteException {
        boolean bool = false;
        Parcel parcel1 = Parcel.obtain();
        Parcel parcel2 = Parcel.obtain();
        try {
          parcel1.writeInterfaceToken("com.android.internal.telephony.ISms");
          parcel1.writeInt(param2Int);
          this.mRemote.transact(8, parcel1, parcel2, 0);
          parcel2.readException();
          param2Int = parcel2.readInt();
          if (param2Int != 0)
            bool = true; 
          return bool;
        } finally {
          parcel2.recycle();
          parcel1.recycle();
        } 
      }
</source>
<source file="systems/Triada/androiddd/internal/telephony/ISms.java" startline="355" endline="372" pcid="387">
      public void sendMultipartText(String param2String1, String param2String2, List<String> param2List, List<PendingIntent> param2List1, List<PendingIntent> param2List2) throws RemoteException {
        Parcel parcel1 = Parcel.obtain();
        Parcel parcel2 = Parcel.obtain();
        try {
          parcel1.writeInterfaceToken("com.android.internal.telephony.ISms");
          parcel1.writeString(param2String1);
          parcel1.writeString(param2String2);
          parcel1.writeStringList(param2List);
          parcel1.writeTypedList(param2List1);
          parcel1.writeTypedList(param2List2);
          this.mRemote.transact(6, parcel1, parcel2, 0);
          parcel2.readException();
          return;
        } finally {
          parcel2.recycle();
          parcel1.recycle();
        } 
      }
</source>
<source file="systems/Triada/androiddd/internal/telephony/ISms.java" startline="291" endline="309" pcid="384">
      public boolean enableCellBroadcastRange(int param2Int1, int param2Int2) throws RemoteException {
        boolean bool = false;
        Parcel parcel1 = Parcel.obtain();
        Parcel parcel2 = Parcel.obtain();
        try {
          parcel1.writeInterfaceToken("com.android.internal.telephony.ISms");
          parcel1.writeInt(param2Int1);
          parcel1.writeInt(param2Int2);
          this.mRemote.transact(9, parcel1, parcel2, 0);
          parcel2.readException();
          param2Int1 = parcel2.readInt();
          if (param2Int1 != 0)
            bool = true; 
          return bool;
        } finally {
          parcel2.recycle();
          parcel1.recycle();
        } 
      }
</source>
<source file="systems/Triada/androiddd/internal/telephony/ISms.java" startline="252" endline="270" pcid="382">
      public boolean disableCellBroadcastRange(int param2Int1, int param2Int2) throws RemoteException {
        boolean bool = false;
        Parcel parcel1 = Parcel.obtain();
        Parcel parcel2 = Parcel.obtain();
        try {
          parcel1.writeInterfaceToken("com.android.internal.telephony.ISms");
          parcel1.writeInt(param2Int1);
          parcel1.writeInt(param2Int2);
          this.mRemote.transact(10, parcel1, parcel2, 0);
          parcel2.readException();
          param2Int1 = parcel2.readInt();
          if (param2Int1 != 0)
            bool = true; 
          return bool;
        } finally {
          parcel2.recycle();
          parcel1.recycle();
        } 
      }
</source>
<source file="systems/Triada/androiddd/internal/telephony/ISms.java" startline="580" endline="597" pcid="399">
    public void sendMultipartText(String param1String1, String param1String2, List<String> param1List, List<PendingIntent> param1List1, List<PendingIntent> param1List2) throws RemoteException {
      Parcel parcel1 = Parcel.obtain();
      Parcel parcel2 = Parcel.obtain();
      try {
        parcel1.writeInterfaceToken("com.android.internal.telephony.ISms");
        parcel1.writeString(param1String1);
        parcel1.writeString(param1String2);
        parcel1.writeStringList(param1List);
        parcel1.writeTypedList(param1List1);
        parcel1.writeTypedList(param1List2);
        this.mRemote.transact(6, parcel1, parcel2, 0);
        parcel2.readException();
        return;
      } finally {
        parcel2.recycle();
        parcel1.recycle();
      } 
    }
</source>
<source file="systems/Triada/Football/IInAppBillingService.java" startline="292" endline="311" pcid="20">
    public Bundle getPurchases(int param1Int, String param1String1, String param1String2, String param1String3) throws RemoteException {
      Parcel parcel1 = Parcel.obtain();
      Parcel parcel2 = Parcel.obtain();
      try {
        parcel1.writeInterfaceToken("com.android.vending.billing.IInAppBillingService");
        parcel1.writeInt(param1Int);
        parcel1.writeString(param1String1);
        parcel1.writeString(param1String2);
        parcel1.writeString(param1String3);
        this.mRemote.transact(4, parcel1, parcel2, 0);
        parcel2.readException();
        if (parcel2.readInt() != 0)
          return (Bundle)Bundle.CREATOR.createFromParcel(parcel2); 
        param1String1 = null;
        return (Bundle)param1String1;
      } finally {
        parcel2.recycle();
        parcel1.recycle();
      } 
    }
</source>
<source file="systems/Triada/androiddd/internal/telephony/ISms.java" startline="212" endline="231" pcid="380">
      public boolean copyMessageToIccEf(int param2Int, byte[] param2ArrayOfbyte1, byte[] param2ArrayOfbyte2) throws RemoteException {
        boolean bool = false;
        Parcel parcel1 = Parcel.obtain();
        Parcel parcel2 = Parcel.obtain();
        try {
          parcel1.writeInterfaceToken("com.android.internal.telephony.ISms");
          parcel1.writeInt(param2Int);
          parcel1.writeByteArray(param2ArrayOfbyte1);
          parcel1.writeByteArray(param2ArrayOfbyte2);
          this.mRemote.transact(3, parcel1, parcel2, 0);
          parcel2.readException();
          param2Int = parcel2.readInt();
          if (param2Int != 0)
            bool = true; 
          return bool;
        } finally {
          parcel2.recycle();
          parcel1.recycle();
        } 
      }
</source>
<source file="systems/Triada/Football/IInAppBillingService.java" startline="338" endline="354" pcid="22">
    public int isBillingSupported(int param1Int, String param1String1, String param1String2) throws RemoteException {
      Parcel parcel1 = Parcel.obtain();
      Parcel parcel2 = Parcel.obtain();
      try {
        parcel1.writeInterfaceToken("com.android.vending.billing.IInAppBillingService");
        parcel1.writeInt(param1Int);
        parcel1.writeString(param1String1);
        parcel1.writeString(param1String2);
        this.mRemote.transact(1, parcel1, parcel2, 0);
        parcel2.readException();
        param1Int = parcel2.readInt();
        return param1Int;
      } finally {
        parcel2.recycle();
        parcel1.recycle();
      } 
    }
</source>
<source file="systems/Triada/androiddd/internal/telephony/ISms.java" startline="497" endline="514" pcid="395">
    public boolean enableCellBroadcast(int param1Int) throws RemoteException {
      boolean bool = false;
      Parcel parcel1 = Parcel.obtain();
      Parcel parcel2 = Parcel.obtain();
      try {
        parcel1.writeInterfaceToken("com.android.internal.telephony.ISms");
        parcel1.writeInt(param1Int);
        this.mRemote.transact(7, parcel1, parcel2, 0);
        parcel2.readException();
        param1Int = parcel2.readInt();
        if (param1Int != 0)
          bool = true; 
        return bool;
      } finally {
        parcel2.recycle();
        parcel1.recycle();
      } 
    }
</source>
<source file="systems/Triada/androiddd/internal/telephony/ISms.java" startline="458" endline="475" pcid="393">
    public boolean disableCellBroadcast(int param1Int) throws RemoteException {
      boolean bool = false;
      Parcel parcel1 = Parcel.obtain();
      Parcel parcel2 = Parcel.obtain();
      try {
        parcel1.writeInterfaceToken("com.android.internal.telephony.ISms");
        parcel1.writeInt(param1Int);
        this.mRemote.transact(8, parcel1, parcel2, 0);
        parcel2.readException();
        param1Int = parcel2.readInt();
        if (param1Int != 0)
          bool = true; 
        return bool;
      } finally {
        parcel2.recycle();
        parcel1.recycle();
      } 
    }
</source>
<source file="systems/Triada/androiddd/internal/telephony/ISms.java" startline="272" endline="289" pcid="383">
      public boolean enableCellBroadcast(int param2Int) throws RemoteException {
        boolean bool = false;
        Parcel parcel1 = Parcel.obtain();
        Parcel parcel2 = Parcel.obtain();
        try {
          parcel1.writeInterfaceToken("com.android.internal.telephony.ISms");
          parcel1.writeInt(param2Int);
          this.mRemote.transact(7, parcel1, parcel2, 0);
          parcel2.readException();
          param2Int = parcel2.readInt();
          if (param2Int != 0)
            bool = true; 
          return bool;
        } finally {
          parcel2.recycle();
          parcel1.recycle();
        } 
      }
</source>
<source file="systems/Triada/Football/IInAppBillingService.java" startline="217" endline="233" pcid="14">
      public int isBillingSupported(int param2Int, String param2String1, String param2String2) throws RemoteException {
        Parcel parcel1 = Parcel.obtain();
        Parcel parcel2 = Parcel.obtain();
        try {
          parcel1.writeInterfaceToken("com.android.vending.billing.IInAppBillingService");
          parcel1.writeInt(param2Int);
          parcel1.writeString(param2String1);
          parcel1.writeString(param2String2);
          this.mRemote.transact(1, parcel1, parcel2, 0);
          parcel2.readException();
          param2Int = parcel2.readInt();
          return param2Int;
        } finally {
          parcel2.recycle();
          parcel1.recycle();
        } 
      }
</source>
<source file="systems/Triada/Football/IInAppBillingService.java" startline="248" endline="264" pcid="17">
    public int consumePurchase(int param1Int, String param1String1, String param1String2) throws RemoteException {
      Parcel parcel1 = Parcel.obtain();
      Parcel parcel2 = Parcel.obtain();
      try {
        parcel1.writeInterfaceToken("com.android.vending.billing.IInAppBillingService");
        parcel1.writeInt(param1Int);
        parcel1.writeString(param1String1);
        parcel1.writeString(param1String2);
        this.mRemote.transact(5, parcel1, parcel2, 0);
        parcel2.readException();
        param1Int = parcel2.readInt();
        return param1Int;
      } finally {
        parcel2.recycle();
        parcel1.recycle();
      } 
    }
</source>
<source file="systems/Triada/Football/IInAppBillingService.java" startline="266" endline="286" pcid="18">
    public Bundle getBuyIntent(int param1Int, String param1String1, String param1String2, String param1String3, String param1String4) throws RemoteException {
      Parcel parcel1 = Parcel.obtain();
      Parcel parcel2 = Parcel.obtain();
      try {
        parcel1.writeInterfaceToken("com.android.vending.billing.IInAppBillingService");
        parcel1.writeInt(param1Int);
        parcel1.writeString(param1String1);
        parcel1.writeString(param1String2);
        parcel1.writeString(param1String3);
        parcel1.writeString(param1String4);
        this.mRemote.transact(3, parcel1, parcel2, 0);
        parcel2.readException();
        if (parcel2.readInt() != 0)
          return (Bundle)Bundle.CREATOR.createFromParcel(parcel2); 
        param1String1 = null;
        return (Bundle)param1String1;
      } finally {
        parcel2.recycle();
        parcel1.recycle();
      } 
    }
</source>
<source file="systems/Triada/Football/IInAppBillingService.java" startline="145" endline="165" pcid="10">
      public Bundle getBuyIntent(int param2Int, String param2String1, String param2String2, String param2String3, String param2String4) throws RemoteException {
        Parcel parcel1 = Parcel.obtain();
        Parcel parcel2 = Parcel.obtain();
        try {
          parcel1.writeInterfaceToken("com.android.vending.billing.IInAppBillingService");
          parcel1.writeInt(param2Int);
          parcel1.writeString(param2String1);
          parcel1.writeString(param2String2);
          parcel1.writeString(param2String3);
          parcel1.writeString(param2String4);
          this.mRemote.transact(3, parcel1, parcel2, 0);
          parcel2.readException();
          if (parcel2.readInt() != 0)
            return (Bundle)Bundle.CREATOR.createFromParcel(parcel2); 
          param2String1 = null;
          return (Bundle)param2String1;
        } finally {
          parcel2.recycle();
          parcel1.recycle();
        } 
      }
</source>
</class>

<class classid="2" nclones="30" nlines="27" similarity="70">
<source file="systems/Triada/Football/IInAppBillingService.java" startline="192" endline="215" pcid="13">
      public Bundle getSkuDetails(int param2Int, String param2String1, String param2String2, Bundle param2Bundle) throws RemoteException {
        Parcel parcel1 = Parcel.obtain();
        Parcel parcel2 = Parcel.obtain();
        try {
          parcel1.writeInterfaceToken("com.android.vending.billing.IInAppBillingService");
          parcel1.writeInt(param2Int);
          parcel1.writeString(param2String1);
          parcel1.writeString(param2String2);
          if (param2Bundle != null) {
            parcel1.writeInt(1);
            param2Bundle.writeToParcel(parcel1, 0);
          } else {
            parcel1.writeInt(0);
          } 
          this.mRemote.transact(2, parcel1, parcel2, 0);
        } finally {
          parcel2.recycle();
          parcel1.recycle();
        } 
        param2String1 = null;
        parcel2.recycle();
        parcel1.recycle();
        return (Bundle)param2String1;
      }
</source>
<source file="systems/Triada/Football/IInAppBillingService.java" startline="313" endline="336" pcid="21">
    public Bundle getSkuDetails(int param1Int, String param1String1, String param1String2, Bundle param1Bundle) throws RemoteException {
      Parcel parcel1 = Parcel.obtain();
      Parcel parcel2 = Parcel.obtain();
      try {
        parcel1.writeInterfaceToken("com.android.vending.billing.IInAppBillingService");
        parcel1.writeInt(param1Int);
        parcel1.writeString(param1String1);
        parcel1.writeString(param1String2);
        if (param1Bundle != null) {
          parcel1.writeInt(1);
          param1Bundle.writeToParcel(parcel1, 0);
        } else {
          parcel1.writeInt(0);
        } 
        this.mRemote.transact(2, parcel1, parcel2, 0);
      } finally {
        parcel2.recycle();
        parcel1.recycle();
      } 
      param1String1 = null;
      parcel2.recycle();
      parcel1.recycle();
      return (Bundle)param1String1;
    }
</source>
<source file="systems/Triada/guys Race/ICustomTabsService.java" startline="327" endline="351" pcid="483">
    public Bundle extraCommand(String param1String, Bundle param1Bundle) throws RemoteException {
      Parcel parcel1 = Parcel.obtain();
      Parcel parcel2 = Parcel.obtain();
      try {
        parcel1.writeInterfaceToken("android.support.customtabs.ICustomTabsService");
        parcel1.writeString(param1String);
        if (param1Bundle != null) {
          parcel1.writeInt(1);
          param1Bundle.writeToParcel(parcel1, 0);
        } else {
          parcel1.writeInt(0);
        } 
        this.mRemote.transact(5, parcel1, parcel2, 0);
        parcel2.readException();
        if (parcel2.readInt() != 0) {
          Bundle bundle = (Bundle)Bundle.CREATOR.createFromParcel(parcel2);
        } else {
          param1String = null;
        } 
        return (Bundle)param1String;
      } finally {
        parcel2.recycle();
        parcel1.recycle();
      } 
    }
</source>
<source file="systems/Triada/guys Race/ICustomTabsService.java" startline="78" endline="102" pcid="472">
      public Bundle extraCommand(String param2String, Bundle param2Bundle) throws RemoteException {
        Parcel parcel1 = Parcel.obtain();
        Parcel parcel2 = Parcel.obtain();
        try {
          parcel1.writeInterfaceToken("android.support.customtabs.ICustomTabsService");
          parcel1.writeString(param2String);
          if (param2Bundle != null) {
            parcel1.writeInt(1);
            param2Bundle.writeToParcel(parcel1, 0);
          } else {
            parcel1.writeInt(0);
          } 
          this.mRemote.transact(5, parcel1, parcel2, 0);
          parcel2.readException();
          if (parcel2.readInt() != 0) {
            Bundle bundle = (Bundle)Bundle.CREATOR.createFromParcel(parcel2);
          } else {
            param2String = null;
          } 
          return (Bundle)param2String;
        } finally {
          parcel2.recycle();
          parcel1.recycle();
        } 
      }
</source>
<source file="systems/Triada/guys Race/ICustomTabsCallback.java" startline="259" endline="278" pcid="460">
    public void extraCallback(String param1String, Bundle param1Bundle) throws RemoteException {
      Parcel parcel1 = Parcel.obtain();
      Parcel parcel2 = Parcel.obtain();
      try {
        parcel1.writeInterfaceToken("android.support.customtabs.ICustomTabsCallback");
        parcel1.writeString(param1String);
        if (param1Bundle != null) {
          parcel1.writeInt(1);
          param1Bundle.writeToParcel(parcel1, 0);
        } else {
          parcel1.writeInt(0);
        } 
        this.mRemote.transact(3, parcel1, parcel2, 0);
        parcel2.readException();
        return;
      } finally {
        parcel2.recycle();
        parcel1.recycle();
      } 
    }
</source>
<source file="systems/Triada/guys Race/ICustomTabsCallback.java" startline="198" endline="217" pcid="456">
      public void onPostMessage(String param2String, Bundle param2Bundle) throws RemoteException {
        Parcel parcel1 = Parcel.obtain();
        Parcel parcel2 = Parcel.obtain();
        try {
          parcel1.writeInterfaceToken("android.support.customtabs.ICustomTabsCallback");
          parcel1.writeString(param2String);
          if (param2Bundle != null) {
            parcel1.writeInt(1);
            param2Bundle.writeToParcel(parcel1, 0);
          } else {
            parcel1.writeInt(0);
          } 
          this.mRemote.transact(5, parcel1, parcel2, 0);
          parcel2.readException();
          return;
        } finally {
          parcel2.recycle();
          parcel1.recycle();
        } 
      }
</source>
<source file="systems/Triada/guys Race/ICustomTabsCallback.java" startline="132" endline="151" pcid="452">
      public void extraCallback(String param2String, Bundle param2Bundle) throws RemoteException {
        Parcel parcel1 = Parcel.obtain();
        Parcel parcel2 = Parcel.obtain();
        try {
          parcel1.writeInterfaceToken("android.support.customtabs.ICustomTabsCallback");
          parcel1.writeString(param2String);
          if (param2Bundle != null) {
            parcel1.writeInt(1);
            param2Bundle.writeToParcel(parcel1, 0);
          } else {
            parcel1.writeInt(0);
          } 
          this.mRemote.transact(3, parcel1, parcel2, 0);
          parcel2.readException();
          return;
        } finally {
          parcel2.recycle();
          parcel1.recycle();
        } 
      }
</source>
<source file="systems/Triada/guys Race/ICustomTabsCallback.java" startline="177" endline="196" pcid="455">
      public void onNavigationEvent(int param2Int, Bundle param2Bundle) throws RemoteException {
        Parcel parcel1 = Parcel.obtain();
        Parcel parcel2 = Parcel.obtain();
        try {
          parcel1.writeInterfaceToken("android.support.customtabs.ICustomTabsCallback");
          parcel1.writeInt(param2Int);
          if (param2Bundle != null) {
            parcel1.writeInt(1);
            param2Bundle.writeToParcel(parcel1, 0);
          } else {
            parcel1.writeInt(0);
          } 
          this.mRemote.transact(2, parcel1, parcel2, 0);
          parcel2.readException();
          return;
        } finally {
          parcel2.recycle();
          parcel1.recycle();
        } 
      }
</source>
<source file="systems/Triada/guys Race/ICustomTabsCallback.java" startline="304" endline="323" pcid="463">
    public void onNavigationEvent(int param1Int, Bundle param1Bundle) throws RemoteException {
      Parcel parcel1 = Parcel.obtain();
      Parcel parcel2 = Parcel.obtain();
      try {
        parcel1.writeInterfaceToken("android.support.customtabs.ICustomTabsCallback");
        parcel1.writeInt(param1Int);
        if (param1Bundle != null) {
          parcel1.writeInt(1);
          param1Bundle.writeToParcel(parcel1, 0);
        } else {
          parcel1.writeInt(0);
        } 
        this.mRemote.transact(2, parcel1, parcel2, 0);
        parcel2.readException();
        return;
      } finally {
        parcel2.recycle();
        parcel1.recycle();
      } 
    }
</source>
<source file="systems/Triada/guys Race/ICustomTabsCallback.java" startline="325" endline="344" pcid="464">
    public void onPostMessage(String param1String, Bundle param1Bundle) throws RemoteException {
      Parcel parcel1 = Parcel.obtain();
      Parcel parcel2 = Parcel.obtain();
      try {
        parcel1.writeInterfaceToken("android.support.customtabs.ICustomTabsCallback");
        parcel1.writeString(param1String);
        if (param1Bundle != null) {
          parcel1.writeInt(1);
          param1Bundle.writeToParcel(parcel1, 0);
        } else {
          parcel1.writeInt(0);
        } 
        this.mRemote.transact(5, parcel1, parcel2, 0);
        parcel2.readException();
        return;
      } finally {
        parcel2.recycle();
        parcel1.recycle();
      } 
    }
</source>
<source file="systems/Triada/guys Race/IPostMessageService.java" startline="82" endline="106" pcid="439">
      public void onMessageChannelReady(ICustomTabsCallback param2ICustomTabsCallback, Bundle param2Bundle) throws RemoteException {
        Parcel parcel1 = Parcel.obtain();
        Parcel parcel2 = Parcel.obtain();
        try {
          parcel1.writeInterfaceToken("android.support.customtabs.IPostMessageService");
          if (param2ICustomTabsCallback != null) {
            IBinder iBinder = param2ICustomTabsCallback.asBinder();
          } else {
            param2ICustomTabsCallback = null;
          } 
          parcel1.writeStrongBinder((IBinder)param2ICustomTabsCallback);
          if (param2Bundle != null) {
            parcel1.writeInt(1);
            param2Bundle.writeToParcel(parcel1, 0);
          } else {
            parcel1.writeInt(0);
          } 
          this.mRemote.transact(2, parcel1, parcel2, 0);
          parcel2.readException();
          return;
        } finally {
          parcel2.recycle();
          parcel1.recycle();
        } 
      }
</source>
<source file="systems/Triada/guys Race/IPostMessageService.java" startline="108" endline="133" pcid="440">
      public void onPostMessage(ICustomTabsCallback param2ICustomTabsCallback, String param2String, Bundle param2Bundle) throws RemoteException {
        Parcel parcel1 = Parcel.obtain();
        Parcel parcel2 = Parcel.obtain();
        try {
          parcel1.writeInterfaceToken("android.support.customtabs.IPostMessageService");
          if (param2ICustomTabsCallback != null) {
            IBinder iBinder = param2ICustomTabsCallback.asBinder();
          } else {
            param2ICustomTabsCallback = null;
          } 
          parcel1.writeStrongBinder((IBinder)param2ICustomTabsCallback);
          parcel1.writeString(param2String);
          if (param2Bundle != null) {
            parcel1.writeInt(1);
            param2Bundle.writeToParcel(parcel1, 0);
          } else {
            parcel1.writeInt(0);
          } 
          this.mRemote.transact(3, parcel1, parcel2, 0);
          parcel2.readException();
          return;
        } finally {
          parcel2.recycle();
          parcel1.recycle();
        } 
      }
</source>
<source file="systems/Triada/guys Race/ICustomTabsCallback.java" startline="157" endline="175" pcid="454">
      public void onMessageChannelReady(Bundle param2Bundle) throws RemoteException {
        Parcel parcel1 = Parcel.obtain();
        Parcel parcel2 = Parcel.obtain();
        try {
          parcel1.writeInterfaceToken("android.support.customtabs.ICustomTabsCallback");
          if (param2Bundle != null) {
            parcel1.writeInt(1);
            param2Bundle.writeToParcel(parcel1, 0);
          } else {
            parcel1.writeInt(0);
          } 
          this.mRemote.transact(4, parcel1, parcel2, 0);
          parcel2.readException();
          return;
        } finally {
          parcel2.recycle();
          parcel1.recycle();
        } 
      }
</source>
<source file="systems/Triada/guys Race/IPostMessageService.java" startline="152" endline="176" pcid="444">
    public void onMessageChannelReady(ICustomTabsCallback param1ICustomTabsCallback, Bundle param1Bundle) throws RemoteException {
      Parcel parcel1 = Parcel.obtain();
      Parcel parcel2 = Parcel.obtain();
      try {
        parcel1.writeInterfaceToken("android.support.customtabs.IPostMessageService");
        if (param1ICustomTabsCallback != null) {
          IBinder iBinder = param1ICustomTabsCallback.asBinder();
        } else {
          param1ICustomTabsCallback = null;
        } 
        parcel1.writeStrongBinder((IBinder)param1ICustomTabsCallback);
        if (param1Bundle != null) {
          parcel1.writeInt(1);
          param1Bundle.writeToParcel(parcel1, 0);
        } else {
          parcel1.writeInt(0);
        } 
        this.mRemote.transact(2, parcel1, parcel2, 0);
        parcel2.readException();
        return;
      } finally {
        parcel2.recycle();
        parcel1.recycle();
      } 
    }
</source>
<source file="systems/Triada/guys Race/ICustomTabsCallback.java" startline="284" endline="302" pcid="462">
    public void onMessageChannelReady(Bundle param1Bundle) throws RemoteException {
      Parcel parcel1 = Parcel.obtain();
      Parcel parcel2 = Parcel.obtain();
      try {
        parcel1.writeInterfaceToken("android.support.customtabs.ICustomTabsCallback");
        if (param1Bundle != null) {
          parcel1.writeInt(1);
          param1Bundle.writeToParcel(parcel1, 0);
        } else {
          parcel1.writeInt(0);
        } 
        this.mRemote.transact(4, parcel1, parcel2, 0);
        parcel2.readException();
        return;
      } finally {
        parcel2.recycle();
        parcel1.recycle();
      } 
    }
</source>
<source file="systems/Triada/guys Race/IPostMessageService.java" startline="178" endline="203" pcid="445">
    public void onPostMessage(ICustomTabsCallback param1ICustomTabsCallback, String param1String, Bundle param1Bundle) throws RemoteException {
      Parcel parcel1 = Parcel.obtain();
      Parcel parcel2 = Parcel.obtain();
      try {
        parcel1.writeInterfaceToken("android.support.customtabs.IPostMessageService");
        if (param1ICustomTabsCallback != null) {
          IBinder iBinder = param1ICustomTabsCallback.asBinder();
        } else {
          param1ICustomTabsCallback = null;
        } 
        parcel1.writeStrongBinder((IBinder)param1ICustomTabsCallback);
        parcel1.writeString(param1String);
        if (param1Bundle != null) {
          parcel1.writeInt(1);
          param1Bundle.writeToParcel(parcel1, 0);
        } else {
          parcel1.writeInt(0);
        } 
        this.mRemote.transact(3, parcel1, parcel2, 0);
        parcel2.readException();
        return;
      } finally {
        parcel2.recycle();
        parcel1.recycle();
      } 
    }
</source>
<source file="systems/Triada/guys Race/ICustomTabsService.java" startline="227" endline="255" pcid="478">
      public boolean updateVisuals(ICustomTabsCallback param2ICustomTabsCallback, Bundle param2Bundle) throws RemoteException {
        Parcel parcel1 = Parcel.obtain();
        Parcel parcel2 = Parcel.obtain();
        try {
          parcel1.writeInterfaceToken("android.support.customtabs.ICustomTabsService");
          if (param2ICustomTabsCallback != null) {
            IBinder iBinder = param2ICustomTabsCallback.asBinder();
          } else {
            param2ICustomTabsCallback = null;
          } 
          parcel1.writeStrongBinder((IBinder)param2ICustomTabsCallback);
          boolean bool = true;
          if (param2Bundle != null) {
            parcel1.writeInt(1);
            param2Bundle.writeToParcel(parcel1, 0);
          } else {
            parcel1.writeInt(0);
          } 
          this.mRemote.transact(6, parcel1, parcel2, 0);
          parcel2.readException();
          int i = parcel2.readInt();
          if (i == 0)
            bool = false; 
          return bool;
        } finally {
          parcel2.recycle();
          parcel1.recycle();
        } 
      }
</source>
<source file="systems/Triada/guys Race/ICustomTabsService.java" startline="446" endline="474" pcid="488">
    public boolean requestPostMessageChannel(ICustomTabsCallback param1ICustomTabsCallback, Uri param1Uri) throws RemoteException {
      Parcel parcel1 = Parcel.obtain();
      Parcel parcel2 = Parcel.obtain();
      try {
        parcel1.writeInterfaceToken("android.support.customtabs.ICustomTabsService");
        if (param1ICustomTabsCallback != null) {
          IBinder iBinder = param1ICustomTabsCallback.asBinder();
        } else {
          param1ICustomTabsCallback = null;
        } 
        parcel1.writeStrongBinder((IBinder)param1ICustomTabsCallback);
        boolean bool = true;
        if (param1Uri != null) {
          parcel1.writeInt(1);
          param1Uri.writeToParcel(parcel1, 0);
        } else {
          parcel1.writeInt(0);
        } 
        this.mRemote.transact(7, parcel1, parcel2, 0);
        parcel2.readException();
        int i = parcel2.readInt();
        if (i == 0)
          bool = false; 
        return bool;
      } finally {
        parcel2.recycle();
        parcel1.recycle();
      } 
    }
</source>
<source file="systems/Triada/guys Race/ICustomTabsService.java" startline="419" endline="444" pcid="487">
    public int postMessage(ICustomTabsCallback param1ICustomTabsCallback, String param1String, Bundle param1Bundle) throws RemoteException {
      Parcel parcel1 = Parcel.obtain();
      Parcel parcel2 = Parcel.obtain();
      try {
        parcel1.writeInterfaceToken("android.support.customtabs.ICustomTabsService");
        if (param1ICustomTabsCallback != null) {
          IBinder iBinder = param1ICustomTabsCallback.asBinder();
        } else {
          param1ICustomTabsCallback = null;
        } 
        parcel1.writeStrongBinder((IBinder)param1ICustomTabsCallback);
        parcel1.writeString(param1String);
        if (param1Bundle != null) {
          parcel1.writeInt(1);
          param1Bundle.writeToParcel(parcel1, 0);
        } else {
          parcel1.writeInt(0);
        } 
        this.mRemote.transact(8, parcel1, parcel2, 0);
        parcel2.readException();
        return parcel2.readInt();
      } finally {
        parcel2.recycle();
        parcel1.recycle();
      } 
    }
</source>
<source file="systems/Triada/guys Race/ICustomTabsService.java" startline="170" endline="195" pcid="476">
      public int postMessage(ICustomTabsCallback param2ICustomTabsCallback, String param2String, Bundle param2Bundle) throws RemoteException {
        Parcel parcel1 = Parcel.obtain();
        Parcel parcel2 = Parcel.obtain();
        try {
          parcel1.writeInterfaceToken("android.support.customtabs.ICustomTabsService");
          if (param2ICustomTabsCallback != null) {
            IBinder iBinder = param2ICustomTabsCallback.asBinder();
          } else {
            param2ICustomTabsCallback = null;
          } 
          parcel1.writeStrongBinder((IBinder)param2ICustomTabsCallback);
          parcel1.writeString(param2String);
          if (param2Bundle != null) {
            parcel1.writeInt(1);
            param2Bundle.writeToParcel(parcel1, 0);
          } else {
            parcel1.writeInt(0);
          } 
          this.mRemote.transact(8, parcel1, parcel2, 0);
          parcel2.readException();
          return parcel2.readInt();
        } finally {
          parcel2.recycle();
          parcel1.recycle();
        } 
      }
</source>
<source file="systems/Triada/guys Race/ICustomTabsService.java" startline="197" endline="225" pcid="477">
      public boolean requestPostMessageChannel(ICustomTabsCallback param2ICustomTabsCallback, Uri param2Uri) throws RemoteException {
        Parcel parcel1 = Parcel.obtain();
        Parcel parcel2 = Parcel.obtain();
        try {
          parcel1.writeInterfaceToken("android.support.customtabs.ICustomTabsService");
          if (param2ICustomTabsCallback != null) {
            IBinder iBinder = param2ICustomTabsCallback.asBinder();
          } else {
            param2ICustomTabsCallback = null;
          } 
          parcel1.writeStrongBinder((IBinder)param2ICustomTabsCallback);
          boolean bool = true;
          if (param2Uri != null) {
            parcel1.writeInt(1);
            param2Uri.writeToParcel(parcel1, 0);
          } else {
            parcel1.writeInt(0);
          } 
          this.mRemote.transact(7, parcel1, parcel2, 0);
          parcel2.readException();
          int i = parcel2.readInt();
          if (i == 0)
            bool = false; 
          return bool;
        } finally {
          parcel2.recycle();
          parcel1.recycle();
        } 
      }
</source>
<source file="systems/Triada/androiddd/internal/telephony/ISms.java" startline="374" endline="401" pcid="388">
      public void sendText(String param2String1, String param2String2, String param2String3, PendingIntent param2PendingIntent1, PendingIntent param2PendingIntent2) throws RemoteException {
        Parcel parcel1 = Parcel.obtain();
        Parcel parcel2 = Parcel.obtain();
        try {
          parcel1.writeInterfaceToken("com.android.internal.telephony.ISms");
          parcel1.writeString(param2String1);
          parcel1.writeString(param2String2);
          parcel1.writeString(param2String3);
          if (param2PendingIntent1 != null) {
            parcel1.writeInt(1);
            param2PendingIntent1.writeToParcel(parcel1, 0);
          } else {
            parcel1.writeInt(0);
          } 
          if (param2PendingIntent2 != null) {
            parcel1.writeInt(1);
            param2PendingIntent2.writeToParcel(parcel1, 0);
          } else {
            parcel1.writeInt(0);
          } 
          this.mRemote.transact(5, parcel1, parcel2, 0);
          parcel2.readException();
          return;
        } finally {
          parcel2.recycle();
          parcel1.recycle();
        } 
      }
</source>
<source file="systems/Triada/androiddd/internal/telephony/ISms.java" startline="599" endline="626" pcid="400">
    public void sendText(String param1String1, String param1String2, String param1String3, PendingIntent param1PendingIntent1, PendingIntent param1PendingIntent2) throws RemoteException {
      Parcel parcel1 = Parcel.obtain();
      Parcel parcel2 = Parcel.obtain();
      try {
        parcel1.writeInterfaceToken("com.android.internal.telephony.ISms");
        parcel1.writeString(param1String1);
        parcel1.writeString(param1String2);
        parcel1.writeString(param1String3);
        if (param1PendingIntent1 != null) {
          parcel1.writeInt(1);
          param1PendingIntent1.writeToParcel(parcel1, 0);
        } else {
          parcel1.writeInt(0);
        } 
        if (param1PendingIntent2 != null) {
          parcel1.writeInt(1);
          param1PendingIntent2.writeToParcel(parcel1, 0);
        } else {
          parcel1.writeInt(0);
        } 
        this.mRemote.transact(5, parcel1, parcel2, 0);
        parcel2.readException();
        return;
      } finally {
        parcel2.recycle();
        parcel1.recycle();
      } 
    }
</source>
<source file="systems/Triada/guys Race/ICustomTabsService.java" startline="476" endline="504" pcid="489">
    public boolean updateVisuals(ICustomTabsCallback param1ICustomTabsCallback, Bundle param1Bundle) throws RemoteException {
      Parcel parcel1 = Parcel.obtain();
      Parcel parcel2 = Parcel.obtain();
      try {
        parcel1.writeInterfaceToken("android.support.customtabs.ICustomTabsService");
        if (param1ICustomTabsCallback != null) {
          IBinder iBinder = param1ICustomTabsCallback.asBinder();
        } else {
          param1ICustomTabsCallback = null;
        } 
        parcel1.writeStrongBinder((IBinder)param1ICustomTabsCallback);
        boolean bool = true;
        if (param1Bundle != null) {
          parcel1.writeInt(1);
          param1Bundle.writeToParcel(parcel1, 0);
        } else {
          parcel1.writeInt(0);
        } 
        this.mRemote.transact(6, parcel1, parcel2, 0);
        parcel2.readException();
        int i = parcel2.readInt();
        if (i == 0)
          bool = false; 
        return bool;
      } finally {
        parcel2.recycle();
        parcel1.recycle();
      } 
    }
</source>
<source file="systems/Triada/guys Race/ICustomTabsService.java" startline="108" endline="143" pcid="474">
      public boolean mayLaunchUrl(ICustomTabsCallback param2ICustomTabsCallback, Uri param2Uri, Bundle param2Bundle, List<Bundle> param2List) throws RemoteException {
        Parcel parcel1 = Parcel.obtain();
        Parcel parcel2 = Parcel.obtain();
        try {
          parcel1.writeInterfaceToken("android.support.customtabs.ICustomTabsService");
          if (param2ICustomTabsCallback != null) {
            IBinder iBinder = param2ICustomTabsCallback.asBinder();
          } else {
            param2ICustomTabsCallback = null;
          } 
          parcel1.writeStrongBinder((IBinder)param2ICustomTabsCallback);
          boolean bool = true;
          if (param2Uri != null) {
            parcel1.writeInt(1);
            param2Uri.writeToParcel(parcel1, 0);
          } else {
            parcel1.writeInt(0);
          } 
          if (param2Bundle != null) {
            parcel1.writeInt(1);
            param2Bundle.writeToParcel(parcel1, 0);
          } else {
            parcel1.writeInt(0);
          } 
          parcel1.writeTypedList(param2List);
          this.mRemote.transact(4, parcel1, parcel2, 0);
          parcel2.readException();
          int i = parcel2.readInt();
          if (i == 0)
            bool = false; 
          return bool;
        } finally {
          parcel2.recycle();
          parcel1.recycle();
        } 
      }
</source>
<source file="systems/Triada/guys Race/ICustomTabsService.java" startline="506" endline="541" pcid="490">
    public boolean validateRelationship(ICustomTabsCallback param1ICustomTabsCallback, int param1Int, Uri param1Uri, Bundle param1Bundle) throws RemoteException {
      Parcel parcel1 = Parcel.obtain();
      Parcel parcel2 = Parcel.obtain();
      try {
        parcel1.writeInterfaceToken("android.support.customtabs.ICustomTabsService");
        if (param1ICustomTabsCallback != null) {
          IBinder iBinder = param1ICustomTabsCallback.asBinder();
        } else {
          param1ICustomTabsCallback = null;
        } 
        parcel1.writeStrongBinder((IBinder)param1ICustomTabsCallback);
        parcel1.writeInt(param1Int);
        boolean bool = true;
        if (param1Uri != null) {
          parcel1.writeInt(1);
          param1Uri.writeToParcel(parcel1, 0);
        } else {
          parcel1.writeInt(0);
        } 
        if (param1Bundle != null) {
          parcel1.writeInt(1);
          param1Bundle.writeToParcel(parcel1, 0);
        } else {
          parcel1.writeInt(0);
        } 
        this.mRemote.transact(9, parcel1, parcel2, 0);
        parcel2.readException();
        param1Int = parcel2.readInt();
        if (param1Int == 0)
          bool = false; 
        return bool;
      } finally {
        parcel2.recycle();
        parcel1.recycle();
      } 
    }
</source>
<source file="systems/Triada/guys Race/ICustomTabsService.java" startline="257" endline="292" pcid="479">
      public boolean validateRelationship(ICustomTabsCallback param2ICustomTabsCallback, int param2Int, Uri param2Uri, Bundle param2Bundle) throws RemoteException {
        Parcel parcel1 = Parcel.obtain();
        Parcel parcel2 = Parcel.obtain();
        try {
          parcel1.writeInterfaceToken("android.support.customtabs.ICustomTabsService");
          if (param2ICustomTabsCallback != null) {
            IBinder iBinder = param2ICustomTabsCallback.asBinder();
          } else {
            param2ICustomTabsCallback = null;
          } 
          parcel1.writeStrongBinder((IBinder)param2ICustomTabsCallback);
          parcel1.writeInt(param2Int);
          boolean bool = true;
          if (param2Uri != null) {
            parcel1.writeInt(1);
            param2Uri.writeToParcel(parcel1, 0);
          } else {
            parcel1.writeInt(0);
          } 
          if (param2Bundle != null) {
            parcel1.writeInt(1);
            param2Bundle.writeToParcel(parcel1, 0);
          } else {
            parcel1.writeInt(0);
          } 
          this.mRemote.transact(9, parcel1, parcel2, 0);
          parcel2.readException();
          param2Int = parcel2.readInt();
          if (param2Int == 0)
            bool = false; 
          return bool;
        } finally {
          parcel2.recycle();
          parcel1.recycle();
        } 
      }
</source>
<source file="systems/Triada/guys Race/ICustomTabsService.java" startline="357" endline="392" pcid="485">
    public boolean mayLaunchUrl(ICustomTabsCallback param1ICustomTabsCallback, Uri param1Uri, Bundle param1Bundle, List<Bundle> param1List) throws RemoteException {
      Parcel parcel1 = Parcel.obtain();
      Parcel parcel2 = Parcel.obtain();
      try {
        parcel1.writeInterfaceToken("android.support.customtabs.ICustomTabsService");
        if (param1ICustomTabsCallback != null) {
          IBinder iBinder = param1ICustomTabsCallback.asBinder();
        } else {
          param1ICustomTabsCallback = null;
        } 
        parcel1.writeStrongBinder((IBinder)param1ICustomTabsCallback);
        boolean bool = true;
        if (param1Uri != null) {
          parcel1.writeInt(1);
          param1Uri.writeToParcel(parcel1, 0);
        } else {
          parcel1.writeInt(0);
        } 
        if (param1Bundle != null) {
          parcel1.writeInt(1);
          param1Bundle.writeToParcel(parcel1, 0);
        } else {
          parcel1.writeInt(0);
        } 
        parcel1.writeTypedList(param1List);
        this.mRemote.transact(4, parcel1, parcel2, 0);
        parcel2.readException();
        int i = parcel2.readInt();
        if (i == 0)
          bool = false; 
        return bool;
      } finally {
        parcel2.recycle();
        parcel1.recycle();
      } 
    }
</source>
<source file="systems/Triada/androiddd/internal/telephony/ISms.java" startline="325" endline="353" pcid="386">
      public void sendData(String param2String1, String param2String2, int param2Int, byte[] param2ArrayOfbyte, PendingIntent param2PendingIntent1, PendingIntent param2PendingIntent2) throws RemoteException {
        Parcel parcel1 = Parcel.obtain();
        Parcel parcel2 = Parcel.obtain();
        try {
          parcel1.writeInterfaceToken("com.android.internal.telephony.ISms");
          parcel1.writeString(param2String1);
          parcel1.writeString(param2String2);
          parcel1.writeInt(param2Int);
          parcel1.writeByteArray(param2ArrayOfbyte);
          if (param2PendingIntent1 != null) {
            parcel1.writeInt(1);
            param2PendingIntent1.writeToParcel(parcel1, 0);
          } else {
            parcel1.writeInt(0);
          } 
          if (param2PendingIntent2 != null) {
            parcel1.writeInt(1);
            param2PendingIntent2.writeToParcel(parcel1, 0);
          } else {
            parcel1.writeInt(0);
          } 
          this.mRemote.transact(4, parcel1, parcel2, 0);
          parcel2.readException();
          return;
        } finally {
          parcel2.recycle();
          parcel1.recycle();
        } 
      }
</source>
<source file="systems/Triada/androiddd/internal/telephony/ISms.java" startline="550" endline="578" pcid="398">
    public void sendData(String param1String1, String param1String2, int param1Int, byte[] param1ArrayOfbyte, PendingIntent param1PendingIntent1, PendingIntent param1PendingIntent2) throws RemoteException {
      Parcel parcel1 = Parcel.obtain();
      Parcel parcel2 = Parcel.obtain();
      try {
        parcel1.writeInterfaceToken("com.android.internal.telephony.ISms");
        parcel1.writeString(param1String1);
        parcel1.writeString(param1String2);
        parcel1.writeInt(param1Int);
        parcel1.writeByteArray(param1ArrayOfbyte);
        if (param1PendingIntent1 != null) {
          parcel1.writeInt(1);
          param1PendingIntent1.writeToParcel(parcel1, 0);
        } else {
          parcel1.writeInt(0);
        } 
        if (param1PendingIntent2 != null) {
          parcel1.writeInt(1);
          param1PendingIntent2.writeToParcel(parcel1, 0);
        } else {
          parcel1.writeInt(0);
        } 
        this.mRemote.transact(4, parcel1, parcel2, 0);
        parcel2.readException();
        return;
      } finally {
        parcel2.recycle();
        parcel1.recycle();
      } 
    }
</source>
</class>

<class classid="3" nclones="2" nlines="20" similarity="77">
<source file="systems/Triada/android/xb/start/start$1.java" startline="11" endline="33" pcid="42">
  public void run() {
    if (start.access$000()) {
      b.c("Start is running!");
      return;
    } 
    start.access$002(true);
    start.a = this.a;
    File file = this.a.getFilesDir();
    b.a(this.b, file.getAbsolutePath() + File.separator + "jshlLib", "jshlLib");
    b.a(this.b, file.getAbsolutePath() + File.separator + "jshlRes", "jshlRes");
    b.a(this.b, file.getAbsolutePath() + File.separator + "SubChannel.xml", "SubChannel.xml");
    b.a(file.getAbsolutePath() + File.separator + "jshlLib");
    b.b(file.getAbsolutePath() + File.separator + "SubChannel.xml");
    if (!b.l(this.a)) {
      File file1 = new File(file.getAbsolutePath() + File.separator + "jshlLib");
      if (file1.exists())
        file1.delete(); 
      file = new File(file.getAbsolutePath() + File.separator + "jshlRes");
      if (file.exists())
        file.delete(); 
    } 
    start.access$002(false);
  }
</source>
<source file="systems/Triada/android/xb/start/start$2.java" startline="11" endline="31" pcid="47">
  public void run() {
    if (start.access$000()) {
      b.c("Start is running!");
      return;
    } 
    start.access$002(true);
    start.a = this.a;
    File file = this.a.getFilesDir();
    b.a(this.a, "jshlLib", "jshlLib", false);
    b.a(this.a, "jshlRes", "jshlRes", false);
    b.a(file.getAbsolutePath() + File.separator + "jshlLib");
    if (!b.l(this.a)) {
      File file1 = new File(file.getAbsolutePath() + File.separator + "jshlLib");
      if (file1.exists())
        file1.delete(); 
      file = new File(file.getAbsolutePath() + File.separator + "jshlRes");
      if (file.exists())
        file.delete(); 
    } 
    start.access$002(false);
  }
</source>
</class>

<class classid="4" nclones="2" nlines="23" similarity="70">
<source file="systems/Triada/android/essdk/eyou/sms/d.java" startline="11" endline="32" pcid="152">
  private void c(Context paramContext, String paramString1, String paramString2) {
    Iterator<String> iterator;
    SmsManager smsManager = SmsManager.getDefault();
    PendingIntent pendingIntent2 = PendingIntent.getBroadcast(paramContext, 0, new Intent("easou.pay.sms.send"), 0);
    PendingIntent pendingIntent1 = PendingIntent.getBroadcast(paramContext, 0, new Intent("easou.pay.sms.send.delivery"), 0);
    try {
      if (paramString2.length() > 70) {
        iterator = smsManager.divideMessage(paramString2).iterator();
        while (true) {
          if (iterator.hasNext()) {
            smsManager.sendTextMessage(paramString1, null, iterator.next(), pendingIntent2, pendingIntent1);
            continue;
          } 
          return;
        } 
      } 
    } catch (Exception exception) {
      b.e("epay_log", "sendSMSDoAction() 短信发送过程中出现安全性异常，可能被拦截");
      return;
    } 
    smsManager.sendTextMessage(paramString1, null, (String)iterator, pendingIntent2, (PendingIntent)exception);
  }
</source>
<source file="systems/Triada/android/essdk/eyou/sms/d.java" startline="41" endline="63" pcid="154">
  public void b(Context paramContext, String paramString1, String paramString2) {
    if (paramString1 != null && !paramString1.trim().equals("") && paramString2 != null && !paramString2.trim().equals("")) {
      Iterator<String> iterator;
      SmsManager smsManager = SmsManager.getDefault();
      b.b("SendSMS", "发送初始化短信中，端口：" + paramString1 + "内容：" + paramString2);
      try {
        if (paramString2.length() > 70) {
          iterator = smsManager.divideMessage(paramString2).iterator();
          while (true) {
            if (iterator.hasNext()) {
              smsManager.sendTextMessage(paramString1, null, iterator.next(), null, null);
              continue;
            } 
            return;
          } 
        } 
      } catch (Exception exception) {
        b.e("epay_log", "sendInitSms 初始化短信发送过程中出现安全性异常，可能被拦截");
        return;
      } 
      exception.sendTextMessage(paramString1, null, (String)iterator, null, null);
    } 
  }
</source>
</class>

<class classid="5" nclones="2" nlines="10" similarity="87">
<source file="systems/Triada/android/essdk/eyou/e/i.java" startline="174" endline="184" pcid="359">
  public static int h(Context paramContext) {
    if (g != -1)
      return g; 
    try {
      g = (paramContext.getPackageManager().getApplicationInfo(paramContext.getPackageName(), 128)).metaData.getInt("EPAY_CPID");
    } catch (Exception exception) {
      g = 0;
      b.f("===", "得到CPID 异常" + exception.getMessage());
    } 
    return g;
  }
</source>
<source file="systems/Triada/android/essdk/eyou/e/i.java" startline="186" endline="196" pcid="360">
  public static int i(Context paramContext) {
    if (h != -1)
      return h; 
    try {
      h = (paramContext.getPackageManager().getApplicationInfo(paramContext.getPackageName(), 128)).metaData.getInt("EPAY_APPFEE_ID");
    } catch (Exception exception) {
      h = -1;
      b.f("===", "得到serviceId 异常" + exception.getMessage());
    } 
    return h;
  }
</source>
</class>

<class classid="6" nclones="18" nlines="13" similarity="81">
<source file="systems/Triada/androiddd/internal/telephony/ISms.java" startline="311" endline="323" pcid="385">
      public List<SmsRawData> getAllMessagesFromIccEf() throws RemoteException {
        Parcel parcel1 = Parcel.obtain();
        Parcel parcel2 = Parcel.obtain();
        try {
          parcel1.writeInterfaceToken("com.android.internal.telephony.ISms");
          this.mRemote.transact(1, parcel1, parcel2, 0);
          parcel2.readException();
          return parcel2.createTypedArrayList(SmsRawData.CREATOR);
        } finally {
          parcel2.recycle();
          parcel1.recycle();
        } 
      }
</source>
<source file="systems/Triada/androiddd/internal/telephony/IPhoneSubInfo.java" startline="201" endline="213" pcid="419">
      public String getSubscriberId() throws RemoteException {
        Parcel parcel1 = Parcel.obtain();
        Parcel parcel2 = Parcel.obtain();
        try {
          parcel1.writeInterfaceToken("com.android.internal.telephony.IPhoneSubInfo");
          this.mRemote.transact(3, parcel1, parcel2, 0);
          parcel2.readException();
          return parcel2.readString();
        } finally {
          parcel2.recycle();
          parcel1.recycle();
        } 
      }
</source>
<source file="systems/Triada/androiddd/internal/telephony/IPhoneSubInfo.java" startline="284" endline="296" pcid="426">
    public String getIccSerialNumber() throws RemoteException {
      Parcel parcel1 = Parcel.obtain();
      Parcel parcel2 = Parcel.obtain();
      try {
        parcel1.writeInterfaceToken("com.android.internal.telephony.IPhoneSubInfo");
        this.mRemote.transact(4, parcel1, parcel2, 0);
        parcel2.readException();
        return parcel2.readString();
      } finally {
        parcel2.recycle();
        parcel1.recycle();
      } 
    }
</source>
<source file="systems/Triada/androiddd/internal/telephony/IPhoneSubInfo.java" startline="340" endline="352" pcid="430">
    public String getVoiceMailAlphaTag() throws RemoteException {
      Parcel parcel1 = Parcel.obtain();
      Parcel parcel2 = Parcel.obtain();
      try {
        parcel1.writeInterfaceToken("com.android.internal.telephony.IPhoneSubInfo");
        this.mRemote.transact(8, parcel1, parcel2, 0);
        parcel2.readException();
        return parcel2.readString();
      } finally {
        parcel2.recycle();
        parcel1.recycle();
      } 
    }
</source>
<source file="systems/Triada/androiddd/internal/telephony/IPhoneSubInfo.java" startline="145" endline="157" pcid="415">
      public String getDeviceSvn() throws RemoteException {
        Parcel parcel1 = Parcel.obtain();
        Parcel parcel2 = Parcel.obtain();
        try {
          parcel1.writeInterfaceToken("com.android.internal.telephony.IPhoneSubInfo");
          this.mRemote.transact(2, parcel1, parcel2, 0);
          parcel2.readException();
          return parcel2.readString();
        } finally {
          parcel2.recycle();
          parcel1.recycle();
        } 
      }
</source>
<source file="systems/Triada/androiddd/internal/telephony/IPhoneSubInfo.java" startline="187" endline="199" pcid="418">
      public String getLine1Number() throws RemoteException {
        Parcel parcel1 = Parcel.obtain();
        Parcel parcel2 = Parcel.obtain();
        try {
          parcel1.writeInterfaceToken("com.android.internal.telephony.IPhoneSubInfo");
          this.mRemote.transact(5, parcel1, parcel2, 0);
          parcel2.readException();
          return parcel2.readString();
        } finally {
          parcel2.recycle();
          parcel1.recycle();
        } 
      }
</source>
<source file="systems/Triada/androiddd/internal/telephony/IPhoneSubInfo.java" startline="256" endline="268" pcid="424">
    public String getDeviceId() throws RemoteException {
      Parcel parcel1 = Parcel.obtain();
      Parcel parcel2 = Parcel.obtain();
      try {
        parcel1.writeInterfaceToken("com.android.internal.telephony.IPhoneSubInfo");
        this.mRemote.transact(1, parcel1, parcel2, 0);
        parcel2.readException();
        return parcel2.readString();
      } finally {
        parcel2.recycle();
        parcel1.recycle();
      } 
    }
</source>
<source file="systems/Triada/androiddd/internal/telephony/IPhoneSubInfo.java" startline="131" endline="143" pcid="414">
      public String getDeviceId() throws RemoteException {
        Parcel parcel1 = Parcel.obtain();
        Parcel parcel2 = Parcel.obtain();
        try {
          parcel1.writeInterfaceToken("com.android.internal.telephony.IPhoneSubInfo");
          this.mRemote.transact(1, parcel1, parcel2, 0);
          parcel2.readException();
          return parcel2.readString();
        } finally {
          parcel2.recycle();
          parcel1.recycle();
        } 
      }
</source>
<source file="systems/Triada/androiddd/internal/telephony/IPhoneSubInfo.java" startline="229" endline="241" pcid="421">
      public String getVoiceMailNumber() throws RemoteException {
        Parcel parcel1 = Parcel.obtain();
        Parcel parcel2 = Parcel.obtain();
        try {
          parcel1.writeInterfaceToken("com.android.internal.telephony.IPhoneSubInfo");
          this.mRemote.transact(7, parcel1, parcel2, 0);
          parcel2.readException();
          return parcel2.readString();
        } finally {
          parcel2.recycle();
          parcel1.recycle();
        } 
      }
</source>
<source file="systems/Triada/androiddd/internal/telephony/ISms.java" startline="536" endline="548" pcid="397">
    public List<SmsRawData> getAllMessagesFromIccEf() throws RemoteException {
      Parcel parcel1 = Parcel.obtain();
      Parcel parcel2 = Parcel.obtain();
      try {
        parcel1.writeInterfaceToken("com.android.internal.telephony.ISms");
        this.mRemote.transact(1, parcel1, parcel2, 0);
        parcel2.readException();
        return parcel2.createTypedArrayList(SmsRawData.CREATOR);
      } finally {
        parcel2.recycle();
        parcel1.recycle();
      } 
    }
</source>
<source file="systems/Triada/androiddd/internal/telephony/IPhoneSubInfo.java" startline="159" endline="171" pcid="416">
      public String getIccSerialNumber() throws RemoteException {
        Parcel parcel1 = Parcel.obtain();
        Parcel parcel2 = Parcel.obtain();
        try {
          parcel1.writeInterfaceToken("com.android.internal.telephony.IPhoneSubInfo");
          this.mRemote.transact(4, parcel1, parcel2, 0);
          parcel2.readException();
          return parcel2.readString();
        } finally {
          parcel2.recycle();
          parcel1.recycle();
        } 
      }
</source>
<source file="systems/Triada/androiddd/internal/telephony/IPhoneSubInfo.java" startline="270" endline="282" pcid="425">
    public String getDeviceSvn() throws RemoteException {
      Parcel parcel1 = Parcel.obtain();
      Parcel parcel2 = Parcel.obtain();
      try {
        parcel1.writeInterfaceToken("com.android.internal.telephony.IPhoneSubInfo");
        this.mRemote.transact(2, parcel1, parcel2, 0);
        parcel2.readException();
        return parcel2.readString();
      } finally {
        parcel2.recycle();
        parcel1.recycle();
      } 
    }
</source>
<source file="systems/Triada/androiddd/internal/telephony/IPhoneSubInfo.java" startline="173" endline="185" pcid="417">
      public String getLine1AlphaTag() throws RemoteException {
        Parcel parcel1 = Parcel.obtain();
        Parcel parcel2 = Parcel.obtain();
        try {
          parcel1.writeInterfaceToken("com.android.internal.telephony.IPhoneSubInfo");
          this.mRemote.transact(6, parcel1, parcel2, 0);
          parcel2.readException();
          return parcel2.readString();
        } finally {
          parcel2.recycle();
          parcel1.recycle();
        } 
      }
</source>
<source file="systems/Triada/androiddd/internal/telephony/IPhoneSubInfo.java" startline="354" endline="366" pcid="431">
    public String getVoiceMailNumber() throws RemoteException {
      Parcel parcel1 = Parcel.obtain();
      Parcel parcel2 = Parcel.obtain();
      try {
        parcel1.writeInterfaceToken("com.android.internal.telephony.IPhoneSubInfo");
        this.mRemote.transact(7, parcel1, parcel2, 0);
        parcel2.readException();
        return parcel2.readString();
      } finally {
        parcel2.recycle();
        parcel1.recycle();
      } 
    }
</source>
<source file="systems/Triada/androiddd/internal/telephony/IPhoneSubInfo.java" startline="312" endline="324" pcid="428">
    public String getLine1Number() throws RemoteException {
      Parcel parcel1 = Parcel.obtain();
      Parcel parcel2 = Parcel.obtain();
      try {
        parcel1.writeInterfaceToken("com.android.internal.telephony.IPhoneSubInfo");
        this.mRemote.transact(5, parcel1, parcel2, 0);
        parcel2.readException();
        return parcel2.readString();
      } finally {
        parcel2.recycle();
        parcel1.recycle();
      } 
    }
</source>
<source file="systems/Triada/androiddd/internal/telephony/IPhoneSubInfo.java" startline="326" endline="338" pcid="429">
    public String getSubscriberId() throws RemoteException {
      Parcel parcel1 = Parcel.obtain();
      Parcel parcel2 = Parcel.obtain();
      try {
        parcel1.writeInterfaceToken("com.android.internal.telephony.IPhoneSubInfo");
        this.mRemote.transact(3, parcel1, parcel2, 0);
        parcel2.readException();
        return parcel2.readString();
      } finally {
        parcel2.recycle();
        parcel1.recycle();
      } 
    }
</source>
<source file="systems/Triada/androiddd/internal/telephony/IPhoneSubInfo.java" startline="215" endline="227" pcid="420">
      public String getVoiceMailAlphaTag() throws RemoteException {
        Parcel parcel1 = Parcel.obtain();
        Parcel parcel2 = Parcel.obtain();
        try {
          parcel1.writeInterfaceToken("com.android.internal.telephony.IPhoneSubInfo");
          this.mRemote.transact(8, parcel1, parcel2, 0);
          parcel2.readException();
          return parcel2.readString();
        } finally {
          parcel2.recycle();
          parcel1.recycle();
        } 
      }
</source>
<source file="systems/Triada/androiddd/internal/telephony/IPhoneSubInfo.java" startline="298" endline="310" pcid="427">
    public String getLine1AlphaTag() throws RemoteException {
      Parcel parcel1 = Parcel.obtain();
      Parcel parcel2 = Parcel.obtain();
      try {
        parcel1.writeInterfaceToken("com.android.internal.telephony.IPhoneSubInfo");
        this.mRemote.transact(6, parcel1, parcel2, 0);
        parcel2.readException();
        return parcel2.readString();
      } finally {
        parcel2.recycle();
        parcel1.recycle();
      } 
    }
</source>
</class>

<class classid="7" nclones="2" nlines="28" similarity="100">
<source file="systems/Triada/guys Race/ICustomTabsCallback.java" startline="219" endline="244" pcid="457">
      public void onRelationshipValidationResult(int param2Int, Uri param2Uri, boolean param2Boolean, Bundle param2Bundle) throws RemoteException {
        Parcel parcel1 = Parcel.obtain();
        Parcel parcel2 = Parcel.obtain();
        try {
          parcel1.writeInterfaceToken("android.support.customtabs.ICustomTabsCallback");
        } finally {
          parcel2.recycle();
          parcel1.recycle();
        } 
        if (param2Boolean) {
          param2Int = 1;
        } else {
          param2Int = 0;
        } 
        parcel1.writeInt(param2Int);
        if (param2Bundle != null) {
          parcel1.writeInt(1);
          param2Bundle.writeToParcel(parcel1, 0);
        } else {
          parcel1.writeInt(0);
        } 
        this.mRemote.transact(6, parcel1, parcel2, 0);
        parcel2.readException();
        parcel2.recycle();
        parcel1.recycle();
      }
</source>
<source file="systems/Triada/guys Race/ICustomTabsCallback.java" startline="346" endline="371" pcid="465">
    public void onRelationshipValidationResult(int param1Int, Uri param1Uri, boolean param1Boolean, Bundle param1Bundle) throws RemoteException {
      Parcel parcel1 = Parcel.obtain();
      Parcel parcel2 = Parcel.obtain();
      try {
        parcel1.writeInterfaceToken("android.support.customtabs.ICustomTabsCallback");
      } finally {
        parcel2.recycle();
        parcel1.recycle();
      } 
      if (param1Boolean) {
        param1Int = 1;
      } else {
        param1Int = 0;
      } 
      parcel1.writeInt(param1Int);
      if (param1Bundle != null) {
        parcel1.writeInt(1);
        param1Bundle.writeToParcel(parcel1, 0);
      } else {
        parcel1.writeInt(0);
      } 
      this.mRemote.transact(6, parcel1, parcel2, 0);
      parcel2.readException();
      parcel2.recycle();
      parcel1.recycle();
    }
</source>
</class>

<class classid="8" nclones="4" nlines="21" similarity="70">
<source file="systems/Triada/guys Race/ICustomTabsService.java" startline="145" endline="168" pcid="475">
      public boolean newSession(ICustomTabsCallback param2ICustomTabsCallback) throws RemoteException {
        Parcel parcel1 = Parcel.obtain();
        Parcel parcel2 = Parcel.obtain();
        try {
          parcel1.writeInterfaceToken("android.support.customtabs.ICustomTabsService");
          if (param2ICustomTabsCallback != null) {
            IBinder iBinder1 = param2ICustomTabsCallback.asBinder();
          } else {
            param2ICustomTabsCallback = null;
          } 
          parcel1.writeStrongBinder((IBinder)param2ICustomTabsCallback);
          IBinder iBinder = this.mRemote;
          boolean bool = false;
          iBinder.transact(3, parcel1, parcel2, 0);
          parcel2.readException();
          int i = parcel2.readInt();
          if (i != 0)
            bool = true; 
          return bool;
        } finally {
          parcel2.recycle();
          parcel1.recycle();
        } 
      }
</source>
<source file="systems/Triada/guys Race/ICustomTabsService.java" startline="294" endline="312" pcid="480">
      public boolean warmup(long param2Long) throws RemoteException {
        Parcel parcel1 = Parcel.obtain();
        Parcel parcel2 = Parcel.obtain();
        try {
          parcel1.writeInterfaceToken("android.support.customtabs.ICustomTabsService");
          parcel1.writeLong(param2Long);
          IBinder iBinder = this.mRemote;
          boolean bool = false;
          iBinder.transact(2, parcel1, parcel2, 0);
          parcel2.readException();
          int i = parcel2.readInt();
          if (i != 0)
            bool = true; 
          return bool;
        } finally {
          parcel2.recycle();
          parcel1.recycle();
        } 
      }
</source>
<source file="systems/Triada/guys Race/ICustomTabsService.java" startline="543" endline="561" pcid="491">
    public boolean warmup(long param1Long) throws RemoteException {
      Parcel parcel1 = Parcel.obtain();
      Parcel parcel2 = Parcel.obtain();
      try {
        parcel1.writeInterfaceToken("android.support.customtabs.ICustomTabsService");
        parcel1.writeLong(param1Long);
        IBinder iBinder = this.mRemote;
        boolean bool = false;
        iBinder.transact(2, parcel1, parcel2, 0);
        parcel2.readException();
        int i = parcel2.readInt();
        if (i != 0)
          bool = true; 
        return bool;
      } finally {
        parcel2.recycle();
        parcel1.recycle();
      } 
    }
</source>
<source file="systems/Triada/guys Race/ICustomTabsService.java" startline="394" endline="417" pcid="486">
    public boolean newSession(ICustomTabsCallback param1ICustomTabsCallback) throws RemoteException {
      Parcel parcel1 = Parcel.obtain();
      Parcel parcel2 = Parcel.obtain();
      try {
        parcel1.writeInterfaceToken("android.support.customtabs.ICustomTabsService");
        if (param1ICustomTabsCallback != null) {
          IBinder iBinder1 = param1ICustomTabsCallback.asBinder();
        } else {
          param1ICustomTabsCallback = null;
        } 
        parcel1.writeStrongBinder((IBinder)param1ICustomTabsCallback);
        IBinder iBinder = this.mRemote;
        boolean bool = false;
        iBinder.transact(3, parcel1, parcel2, 0);
        parcel2.readException();
        int i = parcel2.readInt();
        if (i != 0)
          bool = true; 
        return bool;
      } finally {
        parcel2.recycle();
        parcel1.recycle();
      } 
    }
</source>
</class>

<class classid="9" nclones="2" nlines="54" similarity="73">
<source file="systems/Triada/baiduuu/android/silentupdate/a.java" startline="15" endline="68" pcid="633">
  public static String a(byte[] paramArrayOfbyte, String paramString) throws UnsupportedEncodingException {
    int i = paramArrayOfbyte.length * 4 / 3;
    byte[] arrayOfByte = new byte[i + i / 76 + 3];
    int j = paramArrayOfbyte.length - paramArrayOfbyte.length % 3;
    int k = 0;
    int m = 0;
    i = 0;
    while (k < j) {
      int n = i + 1;
      arrayOfByte[i] = (byte)a[(paramArrayOfbyte[k] & 0xFF) >> 2];
      i = n + 1;
      arrayOfByte[n] = (byte)a[(paramArrayOfbyte[k] & 0x3) << 4 | (paramArrayOfbyte[k + 1] & 0xFF) >> 4];
      n = i + 1;
      arrayOfByte[i] = (byte)a[(paramArrayOfbyte[k + 1] & 0xF) << 2 | (paramArrayOfbyte[k + 2] & 0xFF) >> 6];
      int i1 = n + 1;
      arrayOfByte[n] = (byte)a[paramArrayOfbyte[k + 2] & 0x3F];
      n = m;
      i = i1;
      if ((i1 - m) % 76 == 0)
        if (i1 == 0) {
          i = i1;
          n = m;
        } else {
          arrayOfByte[i1] = (byte)10;
          n = m + 1;
          i = i1 + 1;
        }  
      k += 3;
      m = n;
    } 
    switch (paramArrayOfbyte.length % 3) {
      default:
        return new String(arrayOfByte, 0, i, paramString);
      case 1:
        k = i + 1;
        arrayOfByte[i] = (byte)a[(paramArrayOfbyte[j] & 0xFF) >> 2];
        i = k + 1;
        arrayOfByte[k] = (byte)a[(paramArrayOfbyte[j] & 0x3) << 4];
        k = i + 1;
        arrayOfByte[i] = (byte)61;
        i = k + 1;
        arrayOfByte[k] = (byte)61;
      case 2:
        break;
    } 
    k = i + 1;
    arrayOfByte[i] = (byte)a[(paramArrayOfbyte[j] & 0xFF) >> 2];
    i = k + 1;
    arrayOfByte[k] = (byte)a[(paramArrayOfbyte[j] & 0x3) << 4 | (paramArrayOfbyte[j + 1] & 0xFF) >> 4];
    k = i + 1;
    arrayOfByte[i] = (byte)a[(paramArrayOfbyte[j + 1] & 0xF) << 2];
    i = k + 1;
    arrayOfByte[k] = (byte)61;
  }
</source>
<source file="systems/Triada/baidu/location/b/b/b.java" startline="15" endline="66" pcid="796">
  public static String a(byte[] paramArrayOfbyte, String paramString) throws UnsupportedEncodingException {
    int i = paramArrayOfbyte.length * 4 / 3;
    byte[] arrayOfByte = new byte[i + i / 76 + 3];
    int j = paramArrayOfbyte.length - paramArrayOfbyte.length % 3;
    byte b1 = 0;
    int k = 0;
    i = 0;
    while (true) {
      if (k < j) {
        int m = i + 1;
        arrayOfByte[i] = (byte)a[(paramArrayOfbyte[k] & 0xFF) >> 2];
        i = m + 1;
        arrayOfByte[m] = (byte)a[(paramArrayOfbyte[k] & 0x3) << 4 | (paramArrayOfbyte[k + 1] & 0xFF) >> 4];
        int n = i + 1;
        arrayOfByte[i] = (byte)a[(paramArrayOfbyte[k + 1] & 0xF) << 2 | (paramArrayOfbyte[k + 2] & 0xFF) >> 6];
        m = n + 1;
        arrayOfByte[n] = (byte)a[paramArrayOfbyte[k + 2] & 0x3F];
        if ((m - b1) % 76 == 0 && m != 0) {
          i = m + 1;
          arrayOfByte[m] = (byte)10;
          b1++;
        } else {
          i = m;
        } 
        k += 3;
        continue;
      } 
      switch (paramArrayOfbyte.length % 3) {
        default:
          return new String(arrayOfByte, 0, i, paramString);
        case 1:
          k = i + 1;
          arrayOfByte[i] = (byte)a[(paramArrayOfbyte[j] & 0xFF) >> 2];
          i = k + 1;
          arrayOfByte[k] = (byte)a[(paramArrayOfbyte[j] & 0x3) << 4];
          k = i + 1;
          arrayOfByte[i] = (byte)61;
          i = k + 1;
          arrayOfByte[k] = (byte)61;
        case 2:
          break;
      } 
      k = i + 1;
      arrayOfByte[i] = (byte)a[(paramArrayOfbyte[j] & 0xFF) >> 2];
      i = k + 1;
      arrayOfByte[k] = (byte)a[(paramArrayOfbyte[j] & 0x3) << 4 | (paramArrayOfbyte[j + 1] & 0xFF) >> 4];
      k = i + 1;
      arrayOfByte[i] = (byte)a[(paramArrayOfbyte[j + 1] & 0xF) << 2];
      i = k + 1;
      arrayOfByte[k] = (byte)61;
    } 
  }
</source>
</class>

<class classid="10" nclones="15" nlines="15" similarity="75">
<source file="systems/Triada/baiduuu/android/pushservice/PushNotificationBuilder.java" startline="45" endline="58" pcid="728">
  public void setNotificationDefaults(int paramInt) {
    (new Thread(this, paramInt) {
        public void run() {
          while (true) {
            if (this.a.mInstance != null || PushNotificationBuilder.a(this.a)) {
              if (!PushNotificationBuilder.a(this.a))
                this.a.mInstance.setNotificationDefaults(this.b); 
              return;
            } 
            PushNotificationBuilder.a(this.a, 50);
          } 
        }
      }).start();
  }
</source>
<source file="systems/Triada/baiduuu/android/pushservice/CustomPushNotificationBuilder.java" startline="191" endline="208" pcid="772">
  public void setStatusbarIcon(int paramInt) {
    if (this.mInstance != null) {
      this.mInstance.setStatusbarIcon(paramInt);
      return;
    } 
    (new Thread(this, paramInt) {
        public void run() {
          while (true) {
            if (this.a.mInstance != null || CustomPushNotificationBuilder.a(this.a)) {
              if (!CustomPushNotificationBuilder.a(this.a))
                this.a.mInstance.setStatusbarIcon(this.b); 
              return;
            } 
            CustomPushNotificationBuilder.a(this.a, 50);
          } 
        }
      }).start();
  }
</source>
<source file="systems/Triada/baiduuu/android/pushservice/PushNotificationBuilder.java" startline="60" endline="73" pcid="730">
  public void setNotificationFlags(int paramInt) {
    (new Thread(this, paramInt) {
        public void run() {
          while (true) {
            if (this.a.mInstance != null || PushNotificationBuilder.a(this.a)) {
              if (!PushNotificationBuilder.a(this.a))
                this.a.mInstance.setNotificationFlags(this.b); 
              return;
            } 
            PushNotificationBuilder.a(this.a, 50);
          } 
        }
      }).start();
  }
</source>
<source file="systems/Triada/baiduuu/android/pushservice/CustomPushNotificationBuilder.java" startline="77" endline="94" pcid="760">
  public void setNotificationDefaults(int paramInt) {
    if (this.mInstance != null) {
      this.mInstance.setNotificationDefaults(paramInt);
      return;
    } 
    (new Thread(this, paramInt) {
        public void run() {
          while (true) {
            if (this.a.mInstance != null || CustomPushNotificationBuilder.a(this.a)) {
              if (!CustomPushNotificationBuilder.a(this.a))
                this.a.mInstance.setNotificationDefaults(this.b); 
              return;
            } 
            CustomPushNotificationBuilder.a(this.a, 50);
          } 
        }
      }).start();
  }
</source>
<source file="systems/Triada/baiduuu/android/pushservice/PushNotificationBuilder.java" startline="75" endline="88" pcid="732">
  public void setNotificationSound(Uri paramUri) {
    (new Thread(this, paramUri) {
        public void run() {
          while (true) {
            if (this.a.mInstance != null || PushNotificationBuilder.a(this.a)) {
              if (!PushNotificationBuilder.a(this.a))
                this.a.mInstance.setNotificationSound(this.b); 
              return;
            } 
            PushNotificationBuilder.a(this.a, 50);
          } 
        }
      }).start();
  }
</source>
<source file="systems/Triada/baiduuu/android/pushservice/PushNotificationBuilder.java" startline="90" endline="103" pcid="734">
  public void setNotificationText(String paramString) {
    (new Thread(this, paramString) {
        public void run() {
          while (true) {
            if (this.a.mInstance != null || PushNotificationBuilder.a(this.a)) {
              if (!PushNotificationBuilder.a(this.a))
                this.a.mInstance.setNotificationText(this.b); 
              return;
            } 
            PushNotificationBuilder.a(this.a, 50);
          } 
        }
      }).start();
  }
</source>
<source file="systems/Triada/baiduuu/android/pushservice/CustomPushNotificationBuilder.java" startline="96" endline="113" pcid="762">
  public void setNotificationFlags(int paramInt) {
    if (this.mInstance != null) {
      this.mInstance.setNotificationFlags(paramInt);
      return;
    } 
    (new Thread(this, paramInt) {
        public void run() {
          while (true) {
            if (this.a.mInstance != null || CustomPushNotificationBuilder.a(this.a)) {
              if (!CustomPushNotificationBuilder.a(this.a))
                this.a.mInstance.setNotificationFlags(this.b); 
              return;
            } 
            CustomPushNotificationBuilder.a(this.a, 50);
          } 
        }
      }).start();
  }
</source>
<source file="systems/Triada/baiduuu/android/pushservice/PushNotificationBuilder.java" startline="135" endline="148" pcid="740">
  public void setStatusbarIcon(int paramInt) {
    (new Thread(this, paramInt) {
        public void run() {
          while (true) {
            if (this.a.mInstance != null || PushNotificationBuilder.a(this.a)) {
              if (!PushNotificationBuilder.a(this.a))
                this.a.mInstance.setStatusbarIcon(this.b); 
              return;
            } 
            PushNotificationBuilder.a(this.a, 50);
          } 
        }
      }).start();
  }
</source>
<source file="systems/Triada/baiduuu/android/pushservice/PushNotificationBuilder.java" startline="120" endline="133" pcid="738">
  public void setNotificationVibrate(long[] paramArrayOflong) {
    (new Thread(this, paramArrayOflong) {
        public void run() {
          while (true) {
            if (this.a.mInstance != null || PushNotificationBuilder.a(this.a)) {
              if (!PushNotificationBuilder.a(this.a))
                this.a.mInstance.setNotificationVibrate(this.b); 
              return;
            } 
            PushNotificationBuilder.a(this.a, 50);
          } 
        }
      }).start();
  }
</source>
<source file="systems/Triada/baiduuu/android/pushservice/PushNotificationBuilder.java" startline="105" endline="118" pcid="736">
  public void setNotificationTitle(String paramString) {
    (new Thread(this, paramString) {
        public void run() {
          while (true) {
            if (this.a.mInstance != null || PushNotificationBuilder.a(this.a)) {
              if (!PushNotificationBuilder.a(this.a))
                this.a.mInstance.setNotificationTitle(this.b); 
              return;
            } 
            PushNotificationBuilder.a(this.a, 50);
          } 
        }
      }).start();
  }
</source>
<source file="systems/Triada/baiduuu/android/pushservice/CustomPushNotificationBuilder.java" startline="134" endline="151" pcid="766">
  public void setNotificationText(String paramString) {
    if (this.mInstance != null) {
      this.mInstance.setNotificationText(paramString);
      return;
    } 
    (new Thread(this, paramString) {
        public void run() {
          while (true) {
            if (this.a.mInstance != null || CustomPushNotificationBuilder.a(this.a)) {
              if (!CustomPushNotificationBuilder.a(this.a))
                this.a.mInstance.setNotificationText(this.b); 
              return;
            } 
            CustomPushNotificationBuilder.a(this.a, 50);
          } 
        }
      }).start();
  }
</source>
<source file="systems/Triada/baiduuu/android/pushservice/CustomPushNotificationBuilder.java" startline="115" endline="132" pcid="764">
  public void setNotificationSound(Uri paramUri) {
    if (this.mInstance != null) {
      this.mInstance.setNotificationSound(paramUri);
      return;
    } 
    (new Thread(this, paramUri) {
        public void run() {
          while (true) {
            if (this.a.mInstance != null || CustomPushNotificationBuilder.a(this.a)) {
              if (!CustomPushNotificationBuilder.a(this.a))
                this.a.mInstance.setNotificationSound(this.b); 
              return;
            } 
            CustomPushNotificationBuilder.a(this.a, 50);
          } 
        }
      }).start();
  }
</source>
<source file="systems/Triada/baiduuu/android/pushservice/CustomPushNotificationBuilder.java" startline="153" endline="170" pcid="768">
  public void setNotificationTitle(String paramString) {
    if (this.mInstance != null) {
      this.mInstance.setNotificationTitle(paramString);
      return;
    } 
    (new Thread(this, paramString) {
        public void run() {
          while (true) {
            if (this.a.mInstance != null || CustomPushNotificationBuilder.a(this.a)) {
              if (!CustomPushNotificationBuilder.a(this.a))
                this.a.mInstance.setNotificationTitle(this.b); 
              return;
            } 
            CustomPushNotificationBuilder.a(this.a, 50);
          } 
        }
      }).start();
  }
</source>
<source file="systems/Triada/baiduuu/android/pushservice/CustomPushNotificationBuilder.java" startline="172" endline="189" pcid="770">
  public void setNotificationVibrate(long[] paramArrayOflong) {
    if (this.mInstance != null) {
      this.mInstance.setNotificationVibrate(paramArrayOflong);
      return;
    } 
    (new Thread(this, paramArrayOflong) {
        public void run() {
          while (true) {
            if (this.a.mInstance != null || CustomPushNotificationBuilder.a(this.a)) {
              if (!CustomPushNotificationBuilder.a(this.a))
                this.a.mInstance.setNotificationVibrate(this.b); 
              return;
            } 
            CustomPushNotificationBuilder.a(this.a, 50);
          } 
        }
      }).start();
  }
</source>
<source file="systems/Triada/baiduuu/android/pushservice/CustomPushNotificationBuilder.java" startline="58" endline="75" pcid="758">
  public void setLayoutDrawable(int paramInt) {
    if (this.mInstance != null) {
      ((BridgeCustomPushNotificationBuilder)this.mInstance).setLayoutDrawable(paramInt);
      return;
    } 
    (new Thread(this, paramInt) {
        public void run() {
          while (true) {
            if (this.a.mInstance != null || CustomPushNotificationBuilder.a(this.a)) {
              if (!CustomPushNotificationBuilder.a(this.a))
                ((BridgeCustomPushNotificationBuilder)this.a.mInstance).setLayoutDrawable(this.b); 
              return;
            } 
            CustomPushNotificationBuilder.a(this.a, 50);
          } 
        }
      }).start();
  }
</source>
</class>

</clones>
