<clones>
<systeminfo processor="nicad6" system="Triada" granularity="functions-blind" threshold="30%" minlines="10" maxlines="2500"/>
<cloneinfo npcs="817" npairs="554"/>
<runinfo ncompares="8597" cputime="145077"/>
<classinfo nclasses="10"/>

<class classid="1" nclones="22" nlines="17" similarity="70">
<source file="systems/Triada/Football/IInAppBillingService.java" startline="127" endline="143" pcid="9"></source>
<source file="systems/Triada/androiddd/internal/telephony/ISms.java" startline="477" endline="495" pcid="394"></source>
<source file="systems/Triada/androiddd/internal/telephony/ISms.java" startline="628" endline="647" pcid="401"></source>
<source file="systems/Triada/Football/IInAppBillingService.java" startline="171" endline="190" pcid="12"></source>
<source file="systems/Triada/androiddd/internal/telephony/ISms.java" startline="516" endline="534" pcid="396"></source>
<source file="systems/Triada/androiddd/internal/telephony/ISms.java" startline="437" endline="456" pcid="392"></source>
<source file="systems/Triada/androiddd/internal/telephony/ISms.java" startline="403" endline="422" pcid="389"></source>
<source file="systems/Triada/androiddd/internal/telephony/ISms.java" startline="233" endline="250" pcid="381"></source>
<source file="systems/Triada/androiddd/internal/telephony/ISms.java" startline="355" endline="372" pcid="387"></source>
<source file="systems/Triada/androiddd/internal/telephony/ISms.java" startline="291" endline="309" pcid="384"></source>
<source file="systems/Triada/androiddd/internal/telephony/ISms.java" startline="252" endline="270" pcid="382"></source>
<source file="systems/Triada/androiddd/internal/telephony/ISms.java" startline="580" endline="597" pcid="399"></source>
<source file="systems/Triada/Football/IInAppBillingService.java" startline="292" endline="311" pcid="20"></source>
<source file="systems/Triada/androiddd/internal/telephony/ISms.java" startline="212" endline="231" pcid="380"></source>
<source file="systems/Triada/Football/IInAppBillingService.java" startline="338" endline="354" pcid="22"></source>
<source file="systems/Triada/androiddd/internal/telephony/ISms.java" startline="497" endline="514" pcid="395"></source>
<source file="systems/Triada/androiddd/internal/telephony/ISms.java" startline="458" endline="475" pcid="393"></source>
<source file="systems/Triada/androiddd/internal/telephony/ISms.java" startline="272" endline="289" pcid="383"></source>
<source file="systems/Triada/Football/IInAppBillingService.java" startline="217" endline="233" pcid="14"></source>
<source file="systems/Triada/Football/IInAppBillingService.java" startline="248" endline="264" pcid="17"></source>
<source file="systems/Triada/Football/IInAppBillingService.java" startline="266" endline="286" pcid="18"></source>
<source file="systems/Triada/Football/IInAppBillingService.java" startline="145" endline="165" pcid="10"></source>
</class>

<class classid="2" nclones="30" nlines="27" similarity="70">
<source file="systems/Triada/Football/IInAppBillingService.java" startline="192" endline="215" pcid="13"></source>
<source file="systems/Triada/Football/IInAppBillingService.java" startline="313" endline="336" pcid="21"></source>
<source file="systems/Triada/guys Race/ICustomTabsService.java" startline="327" endline="351" pcid="483"></source>
<source file="systems/Triada/guys Race/ICustomTabsService.java" startline="78" endline="102" pcid="472"></source>
<source file="systems/Triada/guys Race/ICustomTabsCallback.java" startline="259" endline="278" pcid="460"></source>
<source file="systems/Triada/guys Race/ICustomTabsCallback.java" startline="198" endline="217" pcid="456"></source>
<source file="systems/Triada/guys Race/ICustomTabsCallback.java" startline="132" endline="151" pcid="452"></source>
<source file="systems/Triada/guys Race/ICustomTabsCallback.java" startline="177" endline="196" pcid="455"></source>
<source file="systems/Triada/guys Race/ICustomTabsCallback.java" startline="304" endline="323" pcid="463"></source>
<source file="systems/Triada/guys Race/ICustomTabsCallback.java" startline="325" endline="344" pcid="464"></source>
<source file="systems/Triada/guys Race/IPostMessageService.java" startline="82" endline="106" pcid="439"></source>
<source file="systems/Triada/guys Race/IPostMessageService.java" startline="108" endline="133" pcid="440"></source>
<source file="systems/Triada/guys Race/ICustomTabsCallback.java" startline="157" endline="175" pcid="454"></source>
<source file="systems/Triada/guys Race/IPostMessageService.java" startline="152" endline="176" pcid="444"></source>
<source file="systems/Triada/guys Race/ICustomTabsCallback.java" startline="284" endline="302" pcid="462"></source>
<source file="systems/Triada/guys Race/IPostMessageService.java" startline="178" endline="203" pcid="445"></source>
<source file="systems/Triada/guys Race/ICustomTabsService.java" startline="227" endline="255" pcid="478"></source>
<source file="systems/Triada/guys Race/ICustomTabsService.java" startline="446" endline="474" pcid="488"></source>
<source file="systems/Triada/guys Race/ICustomTabsService.java" startline="419" endline="444" pcid="487"></source>
<source file="systems/Triada/guys Race/ICustomTabsService.java" startline="170" endline="195" pcid="476"></source>
<source file="systems/Triada/guys Race/ICustomTabsService.java" startline="197" endline="225" pcid="477"></source>
<source file="systems/Triada/androiddd/internal/telephony/ISms.java" startline="374" endline="401" pcid="388"></source>
<source file="systems/Triada/androiddd/internal/telephony/ISms.java" startline="599" endline="626" pcid="400"></source>
<source file="systems/Triada/guys Race/ICustomTabsService.java" startline="476" endline="504" pcid="489"></source>
<source file="systems/Triada/guys Race/ICustomTabsService.java" startline="108" endline="143" pcid="474"></source>
<source file="systems/Triada/guys Race/ICustomTabsService.java" startline="506" endline="541" pcid="490"></source>
<source file="systems/Triada/guys Race/ICustomTabsService.java" startline="257" endline="292" pcid="479"></source>
<source file="systems/Triada/guys Race/ICustomTabsService.java" startline="357" endline="392" pcid="485"></source>
<source file="systems/Triada/androiddd/internal/telephony/ISms.java" startline="325" endline="353" pcid="386"></source>
<source file="systems/Triada/androiddd/internal/telephony/ISms.java" startline="550" endline="578" pcid="398"></source>
</class>

<class classid="3" nclones="2" nlines="20" similarity="77">
<source file="systems/Triada/android/xb/start/start$1.java" startline="11" endline="33" pcid="42"></source>
<source file="systems/Triada/android/xb/start/start$2.java" startline="11" endline="31" pcid="47"></source>
</class>

<class classid="4" nclones="2" nlines="23" similarity="70">
<source file="systems/Triada/android/essdk/eyou/sms/d.java" startline="11" endline="32" pcid="152"></source>
<source file="systems/Triada/android/essdk/eyou/sms/d.java" startline="41" endline="63" pcid="154"></source>
</class>

<class classid="5" nclones="2" nlines="10" similarity="87">
<source file="systems/Triada/android/essdk/eyou/e/i.java" startline="174" endline="184" pcid="359"></source>
<source file="systems/Triada/android/essdk/eyou/e/i.java" startline="186" endline="196" pcid="360"></source>
</class>

<class classid="6" nclones="18" nlines="13" similarity="81">
<source file="systems/Triada/androiddd/internal/telephony/ISms.java" startline="311" endline="323" pcid="385"></source>
<source file="systems/Triada/androiddd/internal/telephony/IPhoneSubInfo.java" startline="201" endline="213" pcid="419"></source>
<source file="systems/Triada/androiddd/internal/telephony/IPhoneSubInfo.java" startline="284" endline="296" pcid="426"></source>
<source file="systems/Triada/androiddd/internal/telephony/IPhoneSubInfo.java" startline="340" endline="352" pcid="430"></source>
<source file="systems/Triada/androiddd/internal/telephony/IPhoneSubInfo.java" startline="145" endline="157" pcid="415"></source>
<source file="systems/Triada/androiddd/internal/telephony/IPhoneSubInfo.java" startline="187" endline="199" pcid="418"></source>
<source file="systems/Triada/androiddd/internal/telephony/IPhoneSubInfo.java" startline="256" endline="268" pcid="424"></source>
<source file="systems/Triada/androiddd/internal/telephony/IPhoneSubInfo.java" startline="131" endline="143" pcid="414"></source>
<source file="systems/Triada/androiddd/internal/telephony/IPhoneSubInfo.java" startline="229" endline="241" pcid="421"></source>
<source file="systems/Triada/androiddd/internal/telephony/ISms.java" startline="536" endline="548" pcid="397"></source>
<source file="systems/Triada/androiddd/internal/telephony/IPhoneSubInfo.java" startline="159" endline="171" pcid="416"></source>
<source file="systems/Triada/androiddd/internal/telephony/IPhoneSubInfo.java" startline="270" endline="282" pcid="425"></source>
<source file="systems/Triada/androiddd/internal/telephony/IPhoneSubInfo.java" startline="173" endline="185" pcid="417"></source>
<source file="systems/Triada/androiddd/internal/telephony/IPhoneSubInfo.java" startline="354" endline="366" pcid="431"></source>
<source file="systems/Triada/androiddd/internal/telephony/IPhoneSubInfo.java" startline="312" endline="324" pcid="428"></source>
<source file="systems/Triada/androiddd/internal/telephony/IPhoneSubInfo.java" startline="326" endline="338" pcid="429"></source>
<source file="systems/Triada/androiddd/internal/telephony/IPhoneSubInfo.java" startline="215" endline="227" pcid="420"></source>
<source file="systems/Triada/androiddd/internal/telephony/IPhoneSubInfo.java" startline="298" endline="310" pcid="427"></source>
</class>

<class classid="7" nclones="2" nlines="28" similarity="100">
<source file="systems/Triada/guys Race/ICustomTabsCallback.java" startline="219" endline="244" pcid="457"></source>
<source file="systems/Triada/guys Race/ICustomTabsCallback.java" startline="346" endline="371" pcid="465"></source>
</class>

<class classid="8" nclones="4" nlines="21" similarity="70">
<source file="systems/Triada/guys Race/ICustomTabsService.java" startline="145" endline="168" pcid="475"></source>
<source file="systems/Triada/guys Race/ICustomTabsService.java" startline="294" endline="312" pcid="480"></source>
<source file="systems/Triada/guys Race/ICustomTabsService.java" startline="543" endline="561" pcid="491"></source>
<source file="systems/Triada/guys Race/ICustomTabsService.java" startline="394" endline="417" pcid="486"></source>
</class>

<class classid="9" nclones="2" nlines="54" similarity="73">
<source file="systems/Triada/baiduuu/android/silentupdate/a.java" startline="15" endline="68" pcid="633"></source>
<source file="systems/Triada/baidu/location/b/b/b.java" startline="15" endline="66" pcid="796"></source>
</class>

<class classid="10" nclones="15" nlines="15" similarity="75">
<source file="systems/Triada/baiduuu/android/pushservice/PushNotificationBuilder.java" startline="45" endline="58" pcid="728"></source>
<source file="systems/Triada/baiduuu/android/pushservice/CustomPushNotificationBuilder.java" startline="191" endline="208" pcid="772"></source>
<source file="systems/Triada/baiduuu/android/pushservice/PushNotificationBuilder.java" startline="60" endline="73" pcid="730"></source>
<source file="systems/Triada/baiduuu/android/pushservice/CustomPushNotificationBuilder.java" startline="77" endline="94" pcid="760"></source>
<source file="systems/Triada/baiduuu/android/pushservice/PushNotificationBuilder.java" startline="75" endline="88" pcid="732"></source>
<source file="systems/Triada/baiduuu/android/pushservice/PushNotificationBuilder.java" startline="90" endline="103" pcid="734"></source>
<source file="systems/Triada/baiduuu/android/pushservice/CustomPushNotificationBuilder.java" startline="96" endline="113" pcid="762"></source>
<source file="systems/Triada/baiduuu/android/pushservice/PushNotificationBuilder.java" startline="135" endline="148" pcid="740"></source>
<source file="systems/Triada/baiduuu/android/pushservice/PushNotificationBuilder.java" startline="120" endline="133" pcid="738"></source>
<source file="systems/Triada/baiduuu/android/pushservice/PushNotificationBuilder.java" startline="105" endline="118" pcid="736"></source>
<source file="systems/Triada/baiduuu/android/pushservice/CustomPushNotificationBuilder.java" startline="134" endline="151" pcid="766"></source>
<source file="systems/Triada/baiduuu/android/pushservice/CustomPushNotificationBuilder.java" startline="115" endline="132" pcid="764"></source>
<source file="systems/Triada/baiduuu/android/pushservice/CustomPushNotificationBuilder.java" startline="153" endline="170" pcid="768"></source>
<source file="systems/Triada/baiduuu/android/pushservice/CustomPushNotificationBuilder.java" startline="172" endline="189" pcid="770"></source>
<source file="systems/Triada/baiduuu/android/pushservice/CustomPushNotificationBuilder.java" startline="58" endline="75" pcid="758"></source>
</class>

</clones>
