<clones>
<systeminfo processor="nicad6" system="BreakBottleNeckOmigo" granularity="functions-blind" threshold="30%" minlines="10" maxlines="2500"/>
<cloneinfo npcs="650" npairs="26"/>
<runinfo ncompares="3894" cputime="138500"/>
<classinfo nclasses="9"/>

<class classid="1" nclones="4" nlines="51" similarity="87">
<source file="systems/BreakBottleNeckOmigo/com/g/g/p.java" startline="16" endline="66" pcid="172">
  public final void handleMessage(Message paramMessage) {
    if (paramMessage.what == 221) {
      if (GroupXinShuActivity.a(this.a).c() == null || GroupXinShuActivity.a(this.a).c().size() == 0) {
        GroupXinShuActivity.b(this.a).setVisibility(0);
        GroupXinShuActivity.c(this.a).setVisibility(8);
        GroupXinShuActivity.d(this.a).setVisibility(0);
      } 
      if (this.a.c != null) {
        this.a.c.removeAllViews();
        if (GroupXinShuActivity.a(this.a).b()) {
          this.a.c.addView((View)this.a.b, (ViewGroup.LayoutParams)new LinearLayout.LayoutParams(-1, -2));
          this.a.d = false;
        } 
      } 
      return;
    } 
    if (paramMessage.what == 222) {
      GroupXinShuActivity.e(this.a).addFooterView((View)this.a.a());
      GroupXinShuActivity.a(this.a).c().clear();
      if (GroupXinShuActivity.f(this.a) == null) {
        GroupXinShuActivity.a(this.a, e.b);
      } else {
        GroupXinShuActivity.a(this.a).a((GroupXinShuActivity.f(this.a)).b.a());
        GroupXinShuActivity.a(this.a).a((GroupXinShuActivity.f(this.a)).b.b());
        GroupXinShuActivity.a(this.a).c().addAll((GroupXinShuActivity.f(this.a)).b.c());
      } 
      GroupXinShuActivity.a(this.a, new c((Context)this.a, GroupXinShuActivity.a(this.a).c(), this.a.f));
      GroupXinShuActivity.e(this.a).setAdapter((ListAdapter)GroupXinShuActivity.g(this.a));
      GroupXinShuActivity.b(this.a).setVisibility(8);
      e.b = GroupXinShuActivity.a(this.a);
      GroupXinShuActivity.a(this.a, GroupXinShuActivity.a(this.a).c());
      this.a.a(GroupXinShuActivity.a(this.a).b());
      return;
    } 
    if (paramMessage.what == 223) {
      GroupXinShuActivity.a(this.a).a((GroupXinShuActivity.f(this.a)).b.a());
      GroupXinShuActivity.a(this.a).a((GroupXinShuActivity.f(this.a)).b.b());
      GroupXinShuActivity.a(this.a).c().addAll((GroupXinShuActivity.f(this.a)).b.c());
      this.a.c.removeAllViews();
      if (GroupXinShuActivity.a(this.a).b()) {
        this.a.c.addView((View)this.a.b, (ViewGroup.LayoutParams)new LinearLayout.LayoutParams(-1, -2));
        this.a.d = false;
      } 
      GroupXinShuActivity.g(this.a).notifyDataSetChanged();
      GroupXinShuActivity.a(this.a, GroupXinShuActivity.a(this.a).c());
      this.a.a(GroupXinShuActivity.a(this.a).b());
      return;
    } 
    if (paramMessage.what == 888 && GroupXinShuActivity.g(this.a) != null)
      GroupXinShuActivity.g(this.a).notifyDataSetChanged(); 
  }
</source>
<source file="systems/BreakBottleNeckOmigo/com/g/g/i.java" startline="16" endline="66" pcid="284">
  public final void handleMessage(Message paramMessage) {
    if (paramMessage.what == 221) {
      if (FenleiItemListActivity.a(this.a).c() == null || FenleiItemListActivity.a(this.a).c().size() == 0) {
        FenleiItemListActivity.b(this.a).setVisibility(0);
        FenleiItemListActivity.c(this.a).setVisibility(8);
        FenleiItemListActivity.d(this.a).setVisibility(0);
      } 
      if (this.a.c != null) {
        this.a.c.removeAllViews();
        if (FenleiItemListActivity.a(this.a).b()) {
          this.a.c.addView((View)this.a.b, (ViewGroup.LayoutParams)new LinearLayout.LayoutParams(-1, -2));
          this.a.d = false;
        } 
      } 
      return;
    } 
    if (paramMessage.what == 222) {
      FenleiItemListActivity.e(this.a).addFooterView((View)this.a.a());
      FenleiItemListActivity.a(this.a).c().clear();
      if (FenleiItemListActivity.f(this.a) == null) {
        FenleiItemListActivity.a(this.a, e.b);
      } else {
        FenleiItemListActivity.a(this.a).a((FenleiItemListActivity.f(this.a)).b.a());
        FenleiItemListActivity.a(this.a).a((FenleiItemListActivity.f(this.a)).b.b());
        FenleiItemListActivity.a(this.a).c().addAll((FenleiItemListActivity.f(this.a)).b.c());
      } 
      FenleiItemListActivity.a(this.a, new c((Context)this.a, FenleiItemListActivity.a(this.a).c(), this.a.f));
      FenleiItemListActivity.e(this.a).setAdapter((ListAdapter)FenleiItemListActivity.g(this.a));
      FenleiItemListActivity.b(this.a).setVisibility(8);
      e.b = FenleiItemListActivity.a(this.a);
      FenleiItemListActivity.a(this.a, FenleiItemListActivity.a(this.a).c());
      this.a.a(FenleiItemListActivity.a(this.a).b());
      return;
    } 
    if (paramMessage.what == 223) {
      FenleiItemListActivity.a(this.a).a((FenleiItemListActivity.f(this.a)).b.a());
      FenleiItemListActivity.a(this.a).a((FenleiItemListActivity.f(this.a)).b.b());
      FenleiItemListActivity.a(this.a).c().addAll((FenleiItemListActivity.f(this.a)).b.c());
      this.a.c.removeAllViews();
      if (FenleiItemListActivity.a(this.a).b()) {
        this.a.c.addView((View)this.a.b, (ViewGroup.LayoutParams)new LinearLayout.LayoutParams(-1, -2));
        this.a.d = false;
      } 
      FenleiItemListActivity.g(this.a).notifyDataSetChanged();
      FenleiItemListActivity.a(this.a, FenleiItemListActivity.a(this.a).c());
      this.a.a(FenleiItemListActivity.a(this.a).b());
      return;
    } 
    if (paramMessage.what == 888 && FenleiItemListActivity.g(this.a) != null)
      FenleiItemListActivity.g(this.a).notifyDataSetChanged(); 
  }
</source>
<source file="systems/BreakBottleNeckOmigo/com/g/g/al.java" startline="15" endline="64" pcid="197">
  public final void handleMessage(Message paramMessage) {
    if (paramMessage.what == 221) {
      SearchResultActivity.b(this.a).setText(SearchResultActivity.a(this.a));
      if (SearchResultActivity.c(this.a).c() == null || SearchResultActivity.c(this.a).c().size() == 0) {
        SearchResultActivity.d(this.a).setVisibility(0);
        SearchResultActivity.e(this.a).setVisibility(8);
        SearchResultActivity.f(this.a).setVisibility(0);
      } 
      if (this.a.c != null) {
        this.a.c.removeAllViews();
        if (SearchResultActivity.c(this.a).b()) {
          this.a.c.addView((View)this.a.b, (ViewGroup.LayoutParams)new LinearLayout.LayoutParams(-1, -2));
          this.a.d = false;
        } 
      } 
      return;
    } 
    if (paramMessage.what == 222) {
      SearchResultActivity.g(this.a).addFooterView((View)this.a.a());
      SearchResultActivity.c(this.a).c().clear();
      SearchResultActivity.c(this.a).a((SearchResultActivity.h(this.a)).b.a());
      SearchResultActivity.c(this.a).a((SearchResultActivity.h(this.a)).b.b());
      SearchResultActivity.c(this.a).c().addAll((SearchResultActivity.h(this.a)).b.c());
      SearchResultActivity.a(this.a, new c((Context)this.a, SearchResultActivity.c(this.a).c(), this.a.f));
      SearchResultActivity.g(this.a).setAdapter((ListAdapter)SearchResultActivity.i(this.a));
      SearchResultActivity.a(this.a, SearchResultActivity.c(this.a).c());
      SearchResultActivity.b(this.a).setText(SearchResultActivity.a(this.a));
      this.a.a(SearchResultActivity.c(this.a).b());
      SearchResultActivity.d(this.a).setVisibility(8);
      if ((SearchResultActivity.h(this.a)).b.c() == null || (SearchResultActivity.h(this.a)).b.c().size() == 0)
        SearchResultActivity.j(this.a).setText("抱歉，没有找到与“" + SearchResultActivity.a(this.a) + "”相关的小说。"); 
      return;
    } 
    if (paramMessage.what == 223) {
      SearchResultActivity.c(this.a).a((SearchResultActivity.h(this.a)).b.a());
      SearchResultActivity.c(this.a).a((SearchResultActivity.h(this.a)).b.b());
      SearchResultActivity.c(this.a).c().addAll((SearchResultActivity.h(this.a)).b.c());
      this.a.c.removeAllViews();
      if (SearchResultActivity.c(this.a).b()) {
        this.a.c.addView((View)this.a.b, (ViewGroup.LayoutParams)new LinearLayout.LayoutParams(-1, -2));
        this.a.d = false;
      } 
      SearchResultActivity.i(this.a).notifyDataSetChanged();
      SearchResultActivity.a(this.a, SearchResultActivity.c(this.a).c());
      this.a.a(SearchResultActivity.c(this.a).b());
      return;
    } 
    if (paramMessage.what == 888 && SearchResultActivity.i(this.a) != null)
      SearchResultActivity.i(this.a).notifyDataSetChanged(); 
  }
</source>
<source file="systems/BreakBottleNeckOmigo/com/g/g/m.java" startline="16" endline="67" pcid="248">
  public final void handleMessage(Message paramMessage) {
    if (paramMessage.what == 221) {
      if (GroupPaihangActivity.a(this.a).c() == null || GroupPaihangActivity.a(this.a).c().size() == 0) {
        GroupPaihangActivity.b(this.a).setVisibility(0);
        GroupPaihangActivity.c(this.a).setVisibility(8);
        GroupPaihangActivity.d(this.a).setVisibility(0);
      } 
      if (this.a.c != null) {
        this.a.c.removeAllViews();
        if (GroupPaihangActivity.a(this.a).b()) {
          this.a.c.addView((View)this.a.b, (ViewGroup.LayoutParams)new LinearLayout.LayoutParams(-1, -2));
          this.a.d = false;
        } 
      } 
      return;
    } 
    if (paramMessage.what == 222) {
      GroupPaihangActivity.e(this.a).addFooterView((View)this.a.a());
      GroupPaihangActivity.a(this.a).c().clear();
      if (GroupPaihangActivity.f(this.a) == null) {
        GroupPaihangActivity.a(this.a, e.a);
      } else {
        GroupPaihangActivity.a(this.a).a((GroupPaihangActivity.f(this.a)).b.a());
        GroupPaihangActivity.a(this.a).a((GroupPaihangActivity.f(this.a)).b.b());
        GroupPaihangActivity.a(this.a).c().addAll((GroupPaihangActivity.f(this.a)).b.c());
      } 
      GroupPaihangActivity.a(this.a, new c((Context)this.a, GroupPaihangActivity.a(this.a).c(), this.a.f));
      GroupPaihangActivity.e(this.a).setAdapter((ListAdapter)GroupPaihangActivity.g(this.a));
      GroupPaihangActivity.b(this.a).setVisibility(8);
      e.a = GroupPaihangActivity.a(this.a);
      GroupPaihangActivity.a(this.a, GroupPaihangActivity.a(this.a).c());
      this.a.a(GroupPaihangActivity.a(this.a).b());
      return;
    } 
    if (paramMessage.what == 223) {
      GroupPaihangActivity.a(this.a).a((GroupPaihangActivity.f(this.a)).b.a());
      GroupPaihangActivity.a(this.a).a((GroupPaihangActivity.f(this.a)).b.b());
      GroupPaihangActivity.a(this.a).c().addAll((GroupPaihangActivity.f(this.a)).b.c());
      this.a.c.removeAllViews();
      if (GroupPaihangActivity.a(this.a).b()) {
        this.a.c.addView((View)this.a.b, (ViewGroup.LayoutParams)new LinearLayout.LayoutParams(-1, -2));
        this.a.d = false;
      } 
      GroupPaihangActivity.g(this.a).notifyDataSetChanged();
      GroupPaihangActivity.a(this.a, GroupPaihangActivity.a(this.a).c());
      this.a.a(GroupPaihangActivity.a(this.a).b());
      GroupPaihangActivity.b(this.a).setVisibility(8);
      return;
    } 
    if (paramMessage.what == 888 && GroupPaihangActivity.g(this.a) != null)
      GroupPaihangActivity.g(this.a).notifyDataSetChanged(); 
  }
</source>
</class>

<class classid="2" nclones="4" nlines="11" similarity="87">
<source file="systems/BreakBottleNeckOmigo/com/g/g/FenleiItemListActivity.java" startline="39" endline="49" pcid="177">
  public final void c() {
    if (!this.d) {
      this.c.removeAllViews();
      if (this.l.b()) {
        this.c.addView((View)this.a, (ViewGroup.LayoutParams)new LinearLayout.LayoutParams(-2, -2));
        this.d = true;
        this.k = new c(this.s, this.l.a() + 1, this.r);
        this.k.start();
      } 
    } 
  }
</source>
<source file="systems/BreakBottleNeckOmigo/com/g/g/GroupPaihangActivity.java" startline="36" endline="46" pcid="278">
  public final void c() {
    if (!this.d) {
      this.c.removeAllViews();
      if (this.v.b()) {
        this.c.addView((View)this.a, (ViewGroup.LayoutParams)new LinearLayout.LayoutParams(-2, -2));
        this.d = true;
        this.u = new e(this.B, this.v.a() + 1);
        this.u.start();
      } 
    } 
  }
</source>
<source file="systems/BreakBottleNeckOmigo/com/g/g/SearchResultActivity.java" startline="47" endline="57" pcid="221">
  public final void c() {
    if (!this.d) {
      this.c.removeAllViews();
      if (this.l.b()) {
        this.c.addView((View)this.a, (ViewGroup.LayoutParams)new LinearLayout.LayoutParams(-2, -2));
        this.d = true;
        this.k = new f(this.v, this.n, this.l.a() + 1);
        this.k.start();
      } 
    } 
  }
</source>
<source file="systems/BreakBottleNeckOmigo/com/g/g/GroupXinShuActivity.java" startline="36" endline="46" pcid="249">
  public final void c() {
    if (!this.d) {
      this.c.removeAllViews();
      if (this.v.b()) {
        this.c.addView((View)this.a, (ViewGroup.LayoutParams)new LinearLayout.LayoutParams(-2, -2));
        this.d = true;
        this.u = new g(this.B, this.v.a() + 1);
        this.u.start();
      } 
    } 
  }
</source>
</class>

<class classid="3" nclones="3" nlines="19" similarity="82">
<source file="systems/BreakBottleNeckOmigo/com/g/g/GroupFenleiActivity.java" startline="30" endline="47" pcid="200">
  protected void onCreate(Bundle paramBundle) {
    super.onCreate(paramBundle);
    setContentView(2130903053);
    e();
    a("分类");
    f();
    this.x = (LinearLayout)findViewById(2131230833);
    this.y = (LinearLayout)findViewById(2131230834);
    this.z = (LinearLayout)findViewById(2131230835);
    ((Button)findViewById(2131230836)).setOnClickListener(new l(this));
    this.t = (GridView)findViewById(2131230822);
    if (e.c == null || e.c.size() == 0) {
      this.v = new d(this.A);
      this.v.start();
      return;
    } 
    this.A.sendEmptyMessage(222);
  }
</source>
<source file="systems/BreakBottleNeckOmigo/com/g/g/GroupPaihangActivity.java" startline="48" endline="66" pcid="279">
  protected void onCreate(Bundle paramBundle) {
    super.onCreate(paramBundle);
    setContentView(2130903055);
    e();
    a("排行");
    f();
    this.y = (LinearLayout)findViewById(2131230833);
    this.z = (LinearLayout)findViewById(2131230834);
    this.A = (LinearLayout)findViewById(2131230835);
    ((Button)findViewById(2131230836)).setOnClickListener(new n(this));
    this.t = (ListView)findViewById(2131230830);
    this.t.setOnScrollListener(this.e);
    if (e.a == null) {
      this.u = new e(this.B, 1);
      this.u.start();
      return;
    } 
    this.B.sendEmptyMessage(222);
  }
</source>
<source file="systems/BreakBottleNeckOmigo/com/g/g/GroupXinShuActivity.java" startline="48" endline="66" pcid="250">
  protected void onCreate(Bundle paramBundle) {
    super.onCreate(paramBundle);
    setContentView(2130903056);
    e();
    a("最新");
    f();
    this.y = (LinearLayout)findViewById(2131230833);
    this.z = (LinearLayout)findViewById(2131230834);
    this.A = (LinearLayout)findViewById(2131230835);
    ((Button)findViewById(2131230836)).setOnClickListener(new q(this));
    this.t = (ListView)findViewById(2131230832);
    this.t.setOnScrollListener(this.e);
    if (e.b == null) {
      this.u = new g(this.B, 1);
      this.u.start();
      return;
    } 
    this.B.sendEmptyMessage(222);
  }
</source>
</class>

<class classid="4" nclones="2" nlines="24" similarity="73">
<source file="systems/BreakBottleNeckOmigo/com/b/a/c.java" startline="15" endline="40" pcid="319">
  private static List b(Cursor paramCursor) {
    if (paramCursor == null || !paramCursor.moveToFirst()) {
      a(paramCursor);
      return null;
    } 
    ArrayList<a> arrayList = new ArrayList();
    for (byte b = 0; b < paramCursor.getCount(); b++) {
      paramCursor.moveToPosition(b);
      a a1 = new a();
      a1.a(paramCursor.getLong(paramCursor.getColumnIndex("_id")));
      a1.a(paramCursor.getString(paramCursor.getColumnIndex("novelId")));
      a1.b(paramCursor.getString(paramCursor.getColumnIndex("novelName")));
      a1.c(paramCursor.getString(paramCursor.getColumnIndex("novelImageUrl")));
      a1.d(paramCursor.getString(paramCursor.getColumnIndex("novelAuthor")));
      a1.e(paramCursor.getString(paramCursor.getColumnIndex("novelType")));
      a1.f(paramCursor.getString(paramCursor.getColumnIndex("novelUrl")));
      a1.i(paramCursor.getString(paramCursor.getColumnIndex("jindu")));
      a1.h(paramCursor.getString(paramCursor.getColumnIndex("novelJJ")));
      a1.b(paramCursor.getInt(paramCursor.getColumnIndex("posi")));
      a1.b(paramCursor.getLong(paramCursor.getColumnIndex("showDate")));
      a1.g(paramCursor.getString(paramCursor.getColumnIndex("localURL")));
      arrayList.add(a1);
    } 
    a(paramCursor);
    return arrayList;
  }
</source>
<source file="systems/BreakBottleNeckOmigo/com/b/a/b.java" startline="15" endline="36" pcid="330">
  private static ArrayList b(Cursor paramCursor) {
    ArrayList<c> arrayList = new ArrayList();
    if (paramCursor == null || !paramCursor.moveToFirst()) {
      a(paramCursor);
      return arrayList;
    } 
    for (byte b1 = 0; b1 < paramCursor.getCount(); b1++) {
      paramCursor.moveToPosition(b1);
      c c = new c();
      c.a(paramCursor.getLong(paramCursor.getColumnIndex("_id")));
      c.a(paramCursor.getString(paramCursor.getColumnIndex("novelId")));
      c.e(paramCursor.getString(paramCursor.getColumnIndex("novelName")));
      c.b(paramCursor.getString(paramCursor.getColumnIndex("localURL")));
      c.a(paramCursor.getInt(paramCursor.getColumnIndex("posi")));
      c.c(paramCursor.getString(paramCursor.getColumnIndex("jindu")));
      c.b(paramCursor.getLong(paramCursor.getColumnIndex("time")));
      c.d(paramCursor.getString(paramCursor.getColumnIndex("jj")));
      arrayList.add(c);
    } 
    a(paramCursor);
    return arrayList;
  }
</source>
</class>

<class classid="5" nclones="4" nlines="15" similarity="90">
<source file="systems/BreakBottleNeckOmigo/com/h/a/c.java" startline="25" endline="40" pcid="355">
  public final void run() {
    JSONObject jSONObject = a.a(b.b + "?page=" + this.e + "&typeId=" + this.f);
    if (jSONObject == null) {
      if (!b())
        this.a.sendEmptyMessage(221); 
      return;
    } 
    this.b = b.a(jSONObject);
    if (this.b != null && !this.c) {
      if (this.e > 1) {
        this.a.sendEmptyMessage(223);
        return;
      } 
      this.a.sendEmptyMessage(222);
    } 
  }
</source>
<source file="systems/BreakBottleNeckOmigo/com/h/a/g.java" startline="22" endline="37" pcid="365">
  public final void run() {
    JSONObject jSONObject = a.a(b.d + "?page=" + this.e);
    if (jSONObject == null) {
      if (!b())
        this.a.sendEmptyMessage(221); 
      return;
    } 
    this.b = b.a(jSONObject);
    if (this.b != null && !this.c) {
      if (this.e > 1) {
        this.a.sendEmptyMessage(223);
        return;
      } 
      this.a.sendEmptyMessage(222);
    } 
  }
</source>
<source file="systems/BreakBottleNeckOmigo/com/h/a/f.java" startline="31" endline="47" pcid="361">
  public final void run() {
    JSONObject jSONObject = a.a(b.c + "?bookname=" + this.f + "&page=" + this.e);
    if (jSONObject == null) {
      if (!b())
        this.a.sendEmptyMessage(221); 
      return;
    } 
    this.b = b.a(jSONObject);
    this.b = b.a(jSONObject);
    if (this.b != null && !this.c) {
      if (this.e > 1) {
        this.a.sendEmptyMessage(223);
        return;
      } 
      this.a.sendEmptyMessage(222);
    } 
  }
</source>
<source file="systems/BreakBottleNeckOmigo/com/h/a/e.java" startline="22" endline="37" pcid="363">
  public final void run() {
    JSONObject jSONObject = a.a(b.b + "?page=" + this.e);
    if (jSONObject == null) {
      if (!b())
        this.a.sendEmptyMessage(221); 
      return;
    } 
    this.b = b.a(jSONObject);
    if (this.b != null && !this.c) {
      if (this.e > 1) {
        this.a.sendEmptyMessage(223);
        return;
      } 
      this.a.sendEmptyMessage(222);
    } 
  }
</source>
</class>

<class classid="6" nclones="2" nlines="17" similarity="100">
<source file="systems/BreakBottleNeckOmigo/com/umeng/common/Log.java" startline="21" endline="37" pcid="428">
  public static void b(String paramString1, String paramString2, Exception paramException) {
    if (LOG) {
      android.util.Log.e(paramString1, String.valueOf(paramException.toString()) + ":  [" + paramString2 + "]");
      StackTraceElement[] arrayOfStackTraceElement = paramException.getStackTrace();
      int i = arrayOfStackTraceElement.length;
      byte b = 0;
      while (true) {
        if (b < i) {
          StackTraceElement stackTraceElement = arrayOfStackTraceElement[b];
          android.util.Log.e(paramString1, "        at\t " + stackTraceElement.toString());
          b++;
          continue;
        } 
        return;
      } 
    } 
  }
</source>
<source file="systems/BreakBottleNeckOmigo/com/umeng/common/Log.java" startline="64" endline="80" pcid="434">
  public static void e(String paramString1, String paramString2, Exception paramException) {
    if (LOG) {
      android.util.Log.w(paramString1, String.valueOf(paramException.toString()) + ":  [" + paramString2 + "]");
      StackTraceElement[] arrayOfStackTraceElement = paramException.getStackTrace();
      int i = arrayOfStackTraceElement.length;
      byte b = 0;
      while (true) {
        if (b < i) {
          StackTraceElement stackTraceElement = arrayOfStackTraceElement[b];
          android.util.Log.w(paramString1, "        at\t " + stackTraceElement.toString());
          b++;
          continue;
        } 
        return;
      } 
    } 
  }
</source>
</class>

<class classid="7" nclones="2" nlines="15" similarity="91">
<source file="systems/BreakBottleNeckOmigo/com/umeng/common/b/d.java" startline="170" endline="184" pcid="477">
  public byte[] k(byte[] paramArrayOfbyte) {
    e();
    byte[] arrayOfByte = paramArrayOfbyte;
    if (paramArrayOfbyte != null) {
      if (paramArrayOfbyte.length == 0)
        return paramArrayOfbyte; 
    } else {
      return arrayOfByte;
    } 
    b(paramArrayOfbyte, 0, paramArrayOfbyte.length);
    b(paramArrayOfbyte, 0, -1);
    arrayOfByte = new byte[this.i];
    c(arrayOfByte, 0, arrayOfByte.length);
    return arrayOfByte;
  }
</source>
<source file="systems/BreakBottleNeckOmigo/com/umeng/common/b/d.java" startline="186" endline="200" pcid="478">
  public byte[] l(byte[] paramArrayOfbyte) {
    e();
    byte[] arrayOfByte = paramArrayOfbyte;
    if (paramArrayOfbyte != null) {
      if (paramArrayOfbyte.length == 0)
        return paramArrayOfbyte; 
    } else {
      return arrayOfByte;
    } 
    a(paramArrayOfbyte, 0, paramArrayOfbyte.length);
    a(paramArrayOfbyte, 0, -1);
    arrayOfByte = new byte[this.i - this.q];
    c(arrayOfByte, 0, arrayOfByte.length);
    return arrayOfByte;
  }
</source>
</class>

<class classid="8" nclones="2" nlines="18" similarity="70">
<source file="systems/BreakBottleNeckOmigo/com/umeng/analytics/MobclickAgent.java" startline="1197" endline="1216" pcid="540">
  private void b(Context paramContext, SharedPreferences paramSharedPreferences) {
    String str1 = paramSharedPreferences.getString("session_id", null);
    if (str1 == null) {
      Log.a("MobclickAgent", "Missing session_id, ignore message");
      return;
    } 
    String str2 = b();
    String str3 = str2.split(" ")[0];
    str2 = str2.split(" ")[1];
    JSONObject jSONObject = new JSONObject();
    try {
      jSONObject.put("type", "launch");
      jSONObject.put("session_id", str1);
      jSONObject.put("date", str3);
      jSONObject.put("time", str2);
      this.g.post(new b(this, paramContext, jSONObject));
    } catch (JSONException jSONException) {
      Log.b("MobclickAgent", "json error in emitNewSessionReport", (Exception)jSONException);
    } 
  }
</source>
<source file="systems/BreakBottleNeckOmigo/com/umeng/analytics/MobclickAgent.java" startline="1872" endline="1887" pcid="549">
  private void c(Context paramContext, String paramString1, String paramString2) {
    String str1 = b();
    String str2 = str1.split(" ")[0];
    str1 = str1.split(" ")[1];
    JSONObject jSONObject = new JSONObject();
    try {
      jSONObject.put("type", "error");
      jSONObject.put("context", paramString1);
      jSONObject.put("date", str2);
      jSONObject.put("time", str1);
      jSONObject.put("subtype", paramString2);
      this.g.post(new b(this, paramContext, jSONObject));
    } catch (JSONException jSONException) {
      Log.a("MobclickAgent", "json error in emitErrorReport", (Exception)jSONException);
    } 
  }
</source>
</class>

<class classid="9" nclones="2" nlines="13" similarity="70">
<source file="systems/BreakBottleNeckOmigo/com/umeng/analytics/MobclickAgent.java" startline="2089" endline="2100" pcid="558">
  public static void flush(Context paramContext) {
    if (paramContext == null) {
      try {
        Log.b("MobclickAgent", "unexpected null context in flush");
        d.d(paramContext);
      } catch (Exception exception) {
        Log.b("MobclickAgent", "Exception occurred in Mobclick.flush(). ", exception);
      } 
      return;
    } 
    d.d((Context)exception);
  }
</source>
<source file="systems/BreakBottleNeckOmigo/com/umeng/analytics/MobclickAgent.java" startline="2398" endline="2410" pcid="585">
  public static void onPause(Context paramContext) {
    if (paramContext == null) {
      try {
        Log.b("MobclickAgent", "unexpected null context in onPause");
      } catch (Exception exception) {
        Log.b("MobclickAgent", "Exception occurred in Mobclick.onRause(). ", exception);
      } 
      return;
    } 
    a a = new a();
    this((Context)exception, 0);
    a.start();
  }
</source>
</class>

</clones>
