<clones>
<systeminfo processor="nicad6" system="BreakBottleNeckOmigo" granularity="functions-blind" threshold="30%" minlines="10" maxlines="2500"/>
<cloneinfo npcs="650" npairs="26"/>
<runinfo ncompares="3894" cputime="138500"/>

<clone nlines="52" similarity="97">
<source file="systems/BreakBottleNeckOmigo/com/g/g/m.java" startline="16" endline="67" pcid="248"></source>
<source file="systems/BreakBottleNeckOmigo/com/g/g/i.java" startline="16" endline="66" pcid="284"></source>
</clone>

<clone nlines="52" similarity="97">
<source file="systems/BreakBottleNeckOmigo/com/g/g/m.java" startline="16" endline="67" pcid="248"></source>
<source file="systems/BreakBottleNeckOmigo/com/g/g/p.java" startline="16" endline="66" pcid="172"></source>
</clone>

<clone nlines="50" similarity="85">
<source file="systems/BreakBottleNeckOmigo/com/g/g/m.java" startline="16" endline="67" pcid="248"></source>
<source file="systems/BreakBottleNeckOmigo/com/g/g/al.java" startline="15" endline="64" pcid="197"></source>
</clone>

<clone nlines="51" similarity="100">
<source file="systems/BreakBottleNeckOmigo/com/g/g/i.java" startline="16" endline="66" pcid="284"></source>
<source file="systems/BreakBottleNeckOmigo/com/g/g/p.java" startline="16" endline="66" pcid="172"></source>
</clone>

<clone nlines="50" similarity="87">
<source file="systems/BreakBottleNeckOmigo/com/g/g/i.java" startline="16" endline="66" pcid="284"></source>
<source file="systems/BreakBottleNeckOmigo/com/g/g/al.java" startline="15" endline="64" pcid="197"></source>
</clone>

<clone nlines="50" similarity="87">
<source file="systems/BreakBottleNeckOmigo/com/g/g/al.java" startline="15" endline="64" pcid="197"></source>
<source file="systems/BreakBottleNeckOmigo/com/g/g/p.java" startline="16" endline="66" pcid="172"></source>
</clone>

<clone nlines="24" similarity="73">
<source file="systems/BreakBottleNeckOmigo/com/b/a/b.java" startline="15" endline="36" pcid="330"></source>
<source file="systems/BreakBottleNeckOmigo/com/b/a/c.java" startline="15" endline="40" pcid="319"></source>
</clone>

<clone nlines="18" similarity="70">
<source file="systems/BreakBottleNeckOmigo/com/umeng/analytics/MobclickAgent.java" startline="1197" endline="1216" pcid="540"></source>
<source file="systems/BreakBottleNeckOmigo/com/umeng/analytics/MobclickAgent.java" startline="1872" endline="1887" pcid="549"></source>
</clone>

<clone nlines="19" similarity="100">
<source file="systems/BreakBottleNeckOmigo/com/g/g/GroupPaihangActivity.java" startline="48" endline="66" pcid="279"></source>
<source file="systems/BreakBottleNeckOmigo/com/g/g/GroupXinShuActivity.java" startline="48" endline="66" pcid="250"></source>
</clone>

<clone nlines="19" similarity="82">
<source file="systems/BreakBottleNeckOmigo/com/g/g/GroupPaihangActivity.java" startline="48" endline="66" pcid="279"></source>
<source file="systems/BreakBottleNeckOmigo/com/g/g/GroupFenleiActivity.java" startline="30" endline="47" pcid="200"></source>
</clone>

<clone nlines="19" similarity="82">
<source file="systems/BreakBottleNeckOmigo/com/g/g/GroupFenleiActivity.java" startline="30" endline="47" pcid="200"></source>
<source file="systems/BreakBottleNeckOmigo/com/g/g/GroupXinShuActivity.java" startline="48" endline="66" pcid="250"></source>
</clone>

<clone nlines="17" similarity="100">
<source file="systems/BreakBottleNeckOmigo/com/umeng/common/Log.java" startline="21" endline="37" pcid="428"></source>
<source file="systems/BreakBottleNeckOmigo/com/umeng/common/Log.java" startline="64" endline="80" pcid="434"></source>
</clone>

<clone nlines="16" similarity="83">
<source file="systems/BreakBottleNeckOmigo/com/h/a/g.java" startline="22" endline="37" pcid="365"></source>
<source file="systems/BreakBottleNeckOmigo/com/h/a/f.java" startline="31" endline="47" pcid="361"></source>
</clone>

<clone nlines="16" similarity="83">
<source file="systems/BreakBottleNeckOmigo/com/h/a/e.java" startline="22" endline="37" pcid="363"></source>
<source file="systems/BreakBottleNeckOmigo/com/h/a/f.java" startline="31" endline="47" pcid="361"></source>
</clone>

<clone nlines="16" similarity="91">
<source file="systems/BreakBottleNeckOmigo/com/h/a/c.java" startline="25" endline="40" pcid="355"></source>
<source file="systems/BreakBottleNeckOmigo/com/h/a/f.java" startline="31" endline="47" pcid="361"></source>
</clone>

<clone nlines="15" similarity="91">
<source file="systems/BreakBottleNeckOmigo/com/umeng/common/b/d.java" startline="170" endline="184" pcid="477"></source>
<source file="systems/BreakBottleNeckOmigo/com/umeng/common/b/d.java" startline="186" endline="200" pcid="478"></source>
</clone>

<clone nlines="15" similarity="100">
<source file="systems/BreakBottleNeckOmigo/com/h/a/g.java" startline="22" endline="37" pcid="365"></source>
<source file="systems/BreakBottleNeckOmigo/com/h/a/e.java" startline="22" endline="37" pcid="363"></source>
</clone>

<clone nlines="15" similarity="90">
<source file="systems/BreakBottleNeckOmigo/com/h/a/g.java" startline="22" endline="37" pcid="365"></source>
<source file="systems/BreakBottleNeckOmigo/com/h/a/c.java" startline="25" endline="40" pcid="355"></source>
</clone>

<clone nlines="15" similarity="90">
<source file="systems/BreakBottleNeckOmigo/com/h/a/c.java" startline="25" endline="40" pcid="355"></source>
<source file="systems/BreakBottleNeckOmigo/com/h/a/e.java" startline="22" endline="37" pcid="363"></source>
</clone>

<clone nlines="13" similarity="70">
<source file="systems/BreakBottleNeckOmigo/com/umeng/analytics/MobclickAgent.java" startline="2089" endline="2100" pcid="558"></source>
<source file="systems/BreakBottleNeckOmigo/com/umeng/analytics/MobclickAgent.java" startline="2398" endline="2410" pcid="585"></source>
</clone>

<clone nlines="11" similarity="100">
<source file="systems/BreakBottleNeckOmigo/com/g/g/GroupPaihangActivity.java" startline="36" endline="46" pcid="278"></source>
<source file="systems/BreakBottleNeckOmigo/com/g/g/GroupXinShuActivity.java" startline="36" endline="46" pcid="249"></source>
</clone>

<clone nlines="11" similarity="87">
<source file="systems/BreakBottleNeckOmigo/com/g/g/SearchResultActivity.java" startline="47" endline="57" pcid="221"></source>
<source file="systems/BreakBottleNeckOmigo/com/g/g/GroupPaihangActivity.java" startline="36" endline="46" pcid="278"></source>
</clone>

<clone nlines="11" similarity="87">
<source file="systems/BreakBottleNeckOmigo/com/g/g/FenleiItemListActivity.java" startline="39" endline="49" pcid="177"></source>
<source file="systems/BreakBottleNeckOmigo/com/g/g/GroupPaihangActivity.java" startline="36" endline="46" pcid="278"></source>
</clone>

<clone nlines="11" similarity="87">
<source file="systems/BreakBottleNeckOmigo/com/g/g/SearchResultActivity.java" startline="47" endline="57" pcid="221"></source>
<source file="systems/BreakBottleNeckOmigo/com/g/g/GroupXinShuActivity.java" startline="36" endline="46" pcid="249"></source>
</clone>

<clone nlines="11" similarity="87">
<source file="systems/BreakBottleNeckOmigo/com/g/g/FenleiItemListActivity.java" startline="39" endline="49" pcid="177"></source>
<source file="systems/BreakBottleNeckOmigo/com/g/g/GroupXinShuActivity.java" startline="36" endline="46" pcid="249"></source>
</clone>

<clone nlines="11" similarity="87">
<source file="systems/BreakBottleNeckOmigo/com/g/g/SearchResultActivity.java" startline="47" endline="57" pcid="221"></source>
<source file="systems/BreakBottleNeckOmigo/com/g/g/FenleiItemListActivity.java" startline="39" endline="49" pcid="177"></source>
</clone>

</clones>
