<clones>
<systeminfo processor="nicad6" system="feabme" granularity="functions-blind" threshold="30%" minlines="10" maxlines="2500"/>
<cloneinfo npcs="2379" npairs="99"/>
<runinfo ncompares="818" cputime="165152"/>

<clone nlines="54" similarity="73">
<source file="systems/feabme/triadaaa/android/silentupdate/a.java" startline="15" endline="68" pcid="190"></source>
<source file="systems/feabme/triada/location/b/b/b.java" startline="15" endline="66" pcid="1368"></source>
</clone>

<clone nlines="28" similarity="100">
<source file="systems/feabme/feabme2_jumperchess/mono/MonoPackageManager.java" startline="14" endline="41" pcid="1166"></source>
<source file="systems/feabme/feabme1_Cowboy_Adventure/mono/MonoPackageManager.java" startline="14" endline="41" pcid="2234"></source>
</clone>

<clone nlines="29" similarity="100">
<source file="systems/feabme/Climb Jump/ITrustedWebActivityService.java" startline="208" endline="234" pcid="16"></source>
<source file="systems/feabme/Climb Jump/ITrustedWebActivityService.java" startline="543" endline="569" pcid="34"></source>
</clone>

<clone nlines="29" similarity="72">
<source file="systems/feabme/Climb Jump/ITrustedWebActivityService.java" startline="450" endline="476" pcid="29"></source>
<source file="systems/feabme/Climb Jump/ITrustedWebActivityService.java" startline="543" endline="569" pcid="34"></source>
</clone>

<clone nlines="29" similarity="100">
<source file="systems/feabme/Climb Jump/ITrustedWebActivityService.java" startline="356" endline="382" pcid="24"></source>
<source file="systems/feabme/Climb Jump/ITrustedWebActivityService.java" startline="543" endline="569" pcid="34"></source>
</clone>

<clone nlines="29" similarity="72">
<source file="systems/feabme/Climb Jump/ITrustedWebActivityService.java" startline="263" endline="289" pcid="19"></source>
<source file="systems/feabme/Climb Jump/ITrustedWebActivityService.java" startline="543" endline="569" pcid="34"></source>
</clone>

<clone nlines="29" similarity="100">
<source file="systems/feabme/Climb Jump/ITrustedWebActivityService.java" startline="395" endline="421" pcid="26"></source>
<source file="systems/feabme/Climb Jump/ITrustedWebActivityService.java" startline="543" endline="569" pcid="34"></source>
</clone>

<clone nlines="29" similarity="72">
<source file="systems/feabme/Climb Jump/ITrustedWebActivityService.java" startline="208" endline="234" pcid="16"></source>
<source file="systems/feabme/Climb Jump/ITrustedWebActivityService.java" startline="450" endline="476" pcid="29"></source>
</clone>

<clone nlines="29" similarity="100">
<source file="systems/feabme/Climb Jump/ITrustedWebActivityService.java" startline="208" endline="234" pcid="16"></source>
<source file="systems/feabme/Climb Jump/ITrustedWebActivityService.java" startline="356" endline="382" pcid="24"></source>
</clone>

<clone nlines="29" similarity="72">
<source file="systems/feabme/Climb Jump/ITrustedWebActivityService.java" startline="208" endline="234" pcid="16"></source>
<source file="systems/feabme/Climb Jump/ITrustedWebActivityService.java" startline="263" endline="289" pcid="19"></source>
</clone>

<clone nlines="29" similarity="100">
<source file="systems/feabme/Climb Jump/ITrustedWebActivityService.java" startline="208" endline="234" pcid="16"></source>
<source file="systems/feabme/Climb Jump/ITrustedWebActivityService.java" startline="395" endline="421" pcid="26"></source>
</clone>

<clone nlines="29" similarity="72">
<source file="systems/feabme/Climb Jump/ITrustedWebActivityService.java" startline="356" endline="382" pcid="24"></source>
<source file="systems/feabme/Climb Jump/ITrustedWebActivityService.java" startline="450" endline="476" pcid="29"></source>
</clone>

<clone nlines="28" similarity="100">
<source file="systems/feabme/Climb Jump/ITrustedWebActivityService.java" startline="263" endline="289" pcid="19"></source>
<source file="systems/feabme/Climb Jump/ITrustedWebActivityService.java" startline="450" endline="476" pcid="29"></source>
</clone>

<clone nlines="29" similarity="72">
<source file="systems/feabme/Climb Jump/ITrustedWebActivityService.java" startline="395" endline="421" pcid="26"></source>
<source file="systems/feabme/Climb Jump/ITrustedWebActivityService.java" startline="450" endline="476" pcid="29"></source>
</clone>

<clone nlines="29" similarity="72">
<source file="systems/feabme/Climb Jump/ITrustedWebActivityService.java" startline="263" endline="289" pcid="19"></source>
<source file="systems/feabme/Climb Jump/ITrustedWebActivityService.java" startline="356" endline="382" pcid="24"></source>
</clone>

<clone nlines="29" similarity="100">
<source file="systems/feabme/Climb Jump/ITrustedWebActivityService.java" startline="356" endline="382" pcid="24"></source>
<source file="systems/feabme/Climb Jump/ITrustedWebActivityService.java" startline="395" endline="421" pcid="26"></source>
</clone>

<clone nlines="29" similarity="72">
<source file="systems/feabme/Climb Jump/ITrustedWebActivityService.java" startline="263" endline="289" pcid="19"></source>
<source file="systems/feabme/Climb Jump/ITrustedWebActivityService.java" startline="395" endline="421" pcid="26"></source>
</clone>

<clone nlines="24" similarity="100">
<source file="systems/feabme/Climb Jump/ITrustedWebActivityCallback.java" startline="92" endline="114" pcid="46"></source>
<source file="systems/feabme/Climb Jump/ITrustedWebActivityCallback.java" startline="135" endline="157" pcid="50"></source>
</clone>

<clone nlines="24" similarity="84">
<source file="systems/feabme/Climb Jump/ITrustedWebActivityService.java" startline="240" endline="261" pcid="18"></source>
<source file="systems/feabme/Climb Jump/ITrustedWebActivityCallback.java" startline="92" endline="114" pcid="46"></source>
</clone>

<clone nlines="24" similarity="84">
<source file="systems/feabme/Climb Jump/ITrustedWebActivityService.java" startline="427" endline="448" pcid="28"></source>
<source file="systems/feabme/Climb Jump/ITrustedWebActivityCallback.java" startline="92" endline="114" pcid="46"></source>
</clone>

<clone nlines="24" similarity="84">
<source file="systems/feabme/Climb Jump/ITrustedWebActivityService.java" startline="240" endline="261" pcid="18"></source>
<source file="systems/feabme/Climb Jump/ITrustedWebActivityCallback.java" startline="135" endline="157" pcid="50"></source>
</clone>

<clone nlines="24" similarity="84">
<source file="systems/feabme/Climb Jump/ITrustedWebActivityService.java" startline="427" endline="448" pcid="28"></source>
<source file="systems/feabme/Climb Jump/ITrustedWebActivityCallback.java" startline="135" endline="157" pcid="50"></source>
</clone>

<clone nlines="23" similarity="100">
<source file="systems/feabme/Climb Jump/ITrustedWebActivityService.java" startline="291" endline="312" pcid="20"></source>
<source file="systems/feabme/Climb Jump/ITrustedWebActivityService.java" startline="318" endline="339" pcid="22"></source>
</clone>

<clone nlines="23" similarity="100">
<source file="systems/feabme/Climb Jump/ITrustedWebActivityService.java" startline="318" endline="339" pcid="22"></source>
<source file="systems/feabme/Climb Jump/ITrustedWebActivityService.java" startline="505" endline="526" pcid="32"></source>
</clone>

<clone nlines="23" similarity="100">
<source file="systems/feabme/Climb Jump/ITrustedWebActivityService.java" startline="318" endline="339" pcid="22"></source>
<source file="systems/feabme/Climb Jump/ITrustedWebActivityService.java" startline="478" endline="499" pcid="30"></source>
</clone>

<clone nlines="23" similarity="100">
<source file="systems/feabme/Climb Jump/ITrustedWebActivityService.java" startline="291" endline="312" pcid="20"></source>
<source file="systems/feabme/Climb Jump/ITrustedWebActivityService.java" startline="505" endline="526" pcid="32"></source>
</clone>

<clone nlines="23" similarity="100">
<source file="systems/feabme/Climb Jump/ITrustedWebActivityService.java" startline="291" endline="312" pcid="20"></source>
<source file="systems/feabme/Climb Jump/ITrustedWebActivityService.java" startline="478" endline="499" pcid="30"></source>
</clone>

<clone nlines="23" similarity="100">
<source file="systems/feabme/Climb Jump/ITrustedWebActivityService.java" startline="240" endline="261" pcid="18"></source>
<source file="systems/feabme/Climb Jump/ITrustedWebActivityService.java" startline="427" endline="448" pcid="28"></source>
</clone>

<clone nlines="23" similarity="100">
<source file="systems/feabme/Climb Jump/ITrustedWebActivityService.java" startline="478" endline="499" pcid="30"></source>
<source file="systems/feabme/Climb Jump/ITrustedWebActivityService.java" startline="505" endline="526" pcid="32"></source>
</clone>

<clone nlines="18" similarity="91">
<source file="systems/feabme/triadaaa/android/pushservice/CustomPushNotificationBuilder.java" startline="96" endline="113" pcid="319"></source>
<source file="systems/feabme/triadaaa/android/pushservice/CustomPushNotificationBuilder.java" startline="115" endline="132" pcid="321"></source>
</clone>

<clone nlines="18" similarity="100">
<source file="systems/feabme/triadaaa/android/pushservice/CustomPushNotificationBuilder.java" startline="115" endline="132" pcid="321"></source>
<source file="systems/feabme/triadaaa/android/pushservice/CustomPushNotificationBuilder.java" startline="134" endline="151" pcid="323"></source>
</clone>

<clone nlines="18" similarity="91">
<source file="systems/feabme/triadaaa/android/pushservice/CustomPushNotificationBuilder.java" startline="77" endline="94" pcid="317"></source>
<source file="systems/feabme/triadaaa/android/pushservice/CustomPushNotificationBuilder.java" startline="115" endline="132" pcid="321"></source>
</clone>

<clone nlines="18" similarity="100">
<source file="systems/feabme/triadaaa/android/pushservice/CustomPushNotificationBuilder.java" startline="115" endline="132" pcid="321"></source>
<source file="systems/feabme/triadaaa/android/pushservice/CustomPushNotificationBuilder.java" startline="153" endline="170" pcid="325"></source>
</clone>

<clone nlines="18" similarity="75">
<source file="systems/feabme/triadaaa/android/pushservice/CustomPushNotificationBuilder.java" startline="58" endline="75" pcid="315"></source>
<source file="systems/feabme/triadaaa/android/pushservice/CustomPushNotificationBuilder.java" startline="115" endline="132" pcid="321"></source>
</clone>

<clone nlines="18" similarity="91">
<source file="systems/feabme/triadaaa/android/pushservice/CustomPushNotificationBuilder.java" startline="115" endline="132" pcid="321"></source>
<source file="systems/feabme/triadaaa/android/pushservice/CustomPushNotificationBuilder.java" startline="191" endline="208" pcid="329"></source>
</clone>

<clone nlines="18" similarity="91">
<source file="systems/feabme/triadaaa/android/pushservice/CustomPushNotificationBuilder.java" startline="115" endline="132" pcid="321"></source>
<source file="systems/feabme/triadaaa/android/pushservice/CustomPushNotificationBuilder.java" startline="172" endline="189" pcid="327"></source>
</clone>

<clone nlines="16" similarity="75">
<source file="systems/feabme/triadaaa/android/pushservice/CustomPushNotificationBuilder.java" startline="115" endline="132" pcid="321"></source>
<source file="systems/feabme/triadaaa/android/pushservice/PushNotificationBuilder.java" startline="75" endline="88" pcid="289"></source>
</clone>

<clone nlines="16" similarity="75">
<source file="systems/feabme/triadaaa/android/pushservice/CustomPushNotificationBuilder.java" startline="115" endline="132" pcid="321"></source>
<source file="systems/feabme/triadaaa/android/pushservice/PushNotificationBuilder.java" startline="90" endline="103" pcid="291"></source>
</clone>

<clone nlines="16" similarity="75">
<source file="systems/feabme/triadaaa/android/pushservice/CustomPushNotificationBuilder.java" startline="115" endline="132" pcid="321"></source>
<source file="systems/feabme/triadaaa/android/pushservice/PushNotificationBuilder.java" startline="105" endline="118" pcid="293"></source>
</clone>

<clone nlines="18" similarity="91">
<source file="systems/feabme/triadaaa/android/pushservice/CustomPushNotificationBuilder.java" startline="96" endline="113" pcid="319"></source>
<source file="systems/feabme/triadaaa/android/pushservice/CustomPushNotificationBuilder.java" startline="134" endline="151" pcid="323"></source>
</clone>

<clone nlines="18" similarity="100">
<source file="systems/feabme/triadaaa/android/pushservice/CustomPushNotificationBuilder.java" startline="77" endline="94" pcid="317"></source>
<source file="systems/feabme/triadaaa/android/pushservice/CustomPushNotificationBuilder.java" startline="96" endline="113" pcid="319"></source>
</clone>

<clone nlines="18" similarity="91">
<source file="systems/feabme/triadaaa/android/pushservice/CustomPushNotificationBuilder.java" startline="96" endline="113" pcid="319"></source>
<source file="systems/feabme/triadaaa/android/pushservice/CustomPushNotificationBuilder.java" startline="153" endline="170" pcid="325"></source>
</clone>

<clone nlines="18" similarity="83">
<source file="systems/feabme/triadaaa/android/pushservice/CustomPushNotificationBuilder.java" startline="58" endline="75" pcid="315"></source>
<source file="systems/feabme/triadaaa/android/pushservice/CustomPushNotificationBuilder.java" startline="96" endline="113" pcid="319"></source>
</clone>

<clone nlines="18" similarity="100">
<source file="systems/feabme/triadaaa/android/pushservice/CustomPushNotificationBuilder.java" startline="96" endline="113" pcid="319"></source>
<source file="systems/feabme/triadaaa/android/pushservice/CustomPushNotificationBuilder.java" startline="191" endline="208" pcid="329"></source>
</clone>

<clone nlines="18" similarity="91">
<source file="systems/feabme/triadaaa/android/pushservice/CustomPushNotificationBuilder.java" startline="96" endline="113" pcid="319"></source>
<source file="systems/feabme/triadaaa/android/pushservice/CustomPushNotificationBuilder.java" startline="172" endline="189" pcid="327"></source>
</clone>

<clone nlines="16" similarity="75">
<source file="systems/feabme/triadaaa/android/pushservice/CustomPushNotificationBuilder.java" startline="96" endline="113" pcid="319"></source>
<source file="systems/feabme/triadaaa/android/pushservice/PushNotificationBuilder.java" startline="60" endline="73" pcid="287"></source>
</clone>

<clone nlines="16" similarity="75">
<source file="systems/feabme/triadaaa/android/pushservice/CustomPushNotificationBuilder.java" startline="96" endline="113" pcid="319"></source>
<source file="systems/feabme/triadaaa/android/pushservice/PushNotificationBuilder.java" startline="45" endline="58" pcid="285"></source>
</clone>

<clone nlines="16" similarity="75">
<source file="systems/feabme/triadaaa/android/pushservice/CustomPushNotificationBuilder.java" startline="96" endline="113" pcid="319"></source>
<source file="systems/feabme/triadaaa/android/pushservice/PushNotificationBuilder.java" startline="135" endline="148" pcid="297"></source>
</clone>

<clone nlines="18" similarity="91">
<source file="systems/feabme/triadaaa/android/pushservice/CustomPushNotificationBuilder.java" startline="77" endline="94" pcid="317"></source>
<source file="systems/feabme/triadaaa/android/pushservice/CustomPushNotificationBuilder.java" startline="134" endline="151" pcid="323"></source>
</clone>

<clone nlines="18" similarity="100">
<source file="systems/feabme/triadaaa/android/pushservice/CustomPushNotificationBuilder.java" startline="134" endline="151" pcid="323"></source>
<source file="systems/feabme/triadaaa/android/pushservice/CustomPushNotificationBuilder.java" startline="153" endline="170" pcid="325"></source>
</clone>

<clone nlines="18" similarity="75">
<source file="systems/feabme/triadaaa/android/pushservice/CustomPushNotificationBuilder.java" startline="58" endline="75" pcid="315"></source>
<source file="systems/feabme/triadaaa/android/pushservice/CustomPushNotificationBuilder.java" startline="134" endline="151" pcid="323"></source>
</clone>

<clone nlines="18" similarity="91">
<source file="systems/feabme/triadaaa/android/pushservice/CustomPushNotificationBuilder.java" startline="134" endline="151" pcid="323"></source>
<source file="systems/feabme/triadaaa/android/pushservice/CustomPushNotificationBuilder.java" startline="191" endline="208" pcid="329"></source>
</clone>

<clone nlines="18" similarity="91">
<source file="systems/feabme/triadaaa/android/pushservice/CustomPushNotificationBuilder.java" startline="134" endline="151" pcid="323"></source>
<source file="systems/feabme/triadaaa/android/pushservice/CustomPushNotificationBuilder.java" startline="172" endline="189" pcid="327"></source>
</clone>

<clone nlines="16" similarity="75">
<source file="systems/feabme/triadaaa/android/pushservice/CustomPushNotificationBuilder.java" startline="134" endline="151" pcid="323"></source>
<source file="systems/feabme/triadaaa/android/pushservice/PushNotificationBuilder.java" startline="75" endline="88" pcid="289"></source>
</clone>

<clone nlines="16" similarity="75">
<source file="systems/feabme/triadaaa/android/pushservice/CustomPushNotificationBuilder.java" startline="134" endline="151" pcid="323"></source>
<source file="systems/feabme/triadaaa/android/pushservice/PushNotificationBuilder.java" startline="90" endline="103" pcid="291"></source>
</clone>

<clone nlines="16" similarity="75">
<source file="systems/feabme/triadaaa/android/pushservice/CustomPushNotificationBuilder.java" startline="134" endline="151" pcid="323"></source>
<source file="systems/feabme/triadaaa/android/pushservice/PushNotificationBuilder.java" startline="105" endline="118" pcid="293"></source>
</clone>

<clone nlines="18" similarity="91">
<source file="systems/feabme/triadaaa/android/pushservice/CustomPushNotificationBuilder.java" startline="77" endline="94" pcid="317"></source>
<source file="systems/feabme/triadaaa/android/pushservice/CustomPushNotificationBuilder.java" startline="153" endline="170" pcid="325"></source>
</clone>

<clone nlines="18" similarity="83">
<source file="systems/feabme/triadaaa/android/pushservice/CustomPushNotificationBuilder.java" startline="58" endline="75" pcid="315"></source>
<source file="systems/feabme/triadaaa/android/pushservice/CustomPushNotificationBuilder.java" startline="77" endline="94" pcid="317"></source>
</clone>

<clone nlines="18" similarity="100">
<source file="systems/feabme/triadaaa/android/pushservice/CustomPushNotificationBuilder.java" startline="77" endline="94" pcid="317"></source>
<source file="systems/feabme/triadaaa/android/pushservice/CustomPushNotificationBuilder.java" startline="191" endline="208" pcid="329"></source>
</clone>

<clone nlines="18" similarity="91">
<source file="systems/feabme/triadaaa/android/pushservice/CustomPushNotificationBuilder.java" startline="77" endline="94" pcid="317"></source>
<source file="systems/feabme/triadaaa/android/pushservice/CustomPushNotificationBuilder.java" startline="172" endline="189" pcid="327"></source>
</clone>

<clone nlines="16" similarity="75">
<source file="systems/feabme/triadaaa/android/pushservice/CustomPushNotificationBuilder.java" startline="77" endline="94" pcid="317"></source>
<source file="systems/feabme/triadaaa/android/pushservice/PushNotificationBuilder.java" startline="60" endline="73" pcid="287"></source>
</clone>

<clone nlines="16" similarity="75">
<source file="systems/feabme/triadaaa/android/pushservice/CustomPushNotificationBuilder.java" startline="77" endline="94" pcid="317"></source>
<source file="systems/feabme/triadaaa/android/pushservice/PushNotificationBuilder.java" startline="45" endline="58" pcid="285"></source>
</clone>

<clone nlines="16" similarity="75">
<source file="systems/feabme/triadaaa/android/pushservice/CustomPushNotificationBuilder.java" startline="77" endline="94" pcid="317"></source>
<source file="systems/feabme/triadaaa/android/pushservice/PushNotificationBuilder.java" startline="135" endline="148" pcid="297"></source>
</clone>

<clone nlines="18" similarity="75">
<source file="systems/feabme/triadaaa/android/pushservice/CustomPushNotificationBuilder.java" startline="58" endline="75" pcid="315"></source>
<source file="systems/feabme/triadaaa/android/pushservice/CustomPushNotificationBuilder.java" startline="153" endline="170" pcid="325"></source>
</clone>

<clone nlines="18" similarity="91">
<source file="systems/feabme/triadaaa/android/pushservice/CustomPushNotificationBuilder.java" startline="153" endline="170" pcid="325"></source>
<source file="systems/feabme/triadaaa/android/pushservice/CustomPushNotificationBuilder.java" startline="191" endline="208" pcid="329"></source>
</clone>

<clone nlines="18" similarity="91">
<source file="systems/feabme/triadaaa/android/pushservice/CustomPushNotificationBuilder.java" startline="153" endline="170" pcid="325"></source>
<source file="systems/feabme/triadaaa/android/pushservice/CustomPushNotificationBuilder.java" startline="172" endline="189" pcid="327"></source>
</clone>

<clone nlines="16" similarity="75">
<source file="systems/feabme/triadaaa/android/pushservice/CustomPushNotificationBuilder.java" startline="153" endline="170" pcid="325"></source>
<source file="systems/feabme/triadaaa/android/pushservice/PushNotificationBuilder.java" startline="75" endline="88" pcid="289"></source>
</clone>

<clone nlines="16" similarity="75">
<source file="systems/feabme/triadaaa/android/pushservice/CustomPushNotificationBuilder.java" startline="153" endline="170" pcid="325"></source>
<source file="systems/feabme/triadaaa/android/pushservice/PushNotificationBuilder.java" startline="90" endline="103" pcid="291"></source>
</clone>

<clone nlines="16" similarity="75">
<source file="systems/feabme/triadaaa/android/pushservice/CustomPushNotificationBuilder.java" startline="153" endline="170" pcid="325"></source>
<source file="systems/feabme/triadaaa/android/pushservice/PushNotificationBuilder.java" startline="105" endline="118" pcid="293"></source>
</clone>

<clone nlines="18" similarity="83">
<source file="systems/feabme/triadaaa/android/pushservice/CustomPushNotificationBuilder.java" startline="58" endline="75" pcid="315"></source>
<source file="systems/feabme/triadaaa/android/pushservice/CustomPushNotificationBuilder.java" startline="191" endline="208" pcid="329"></source>
</clone>

<clone nlines="18" similarity="75">
<source file="systems/feabme/triadaaa/android/pushservice/CustomPushNotificationBuilder.java" startline="58" endline="75" pcid="315"></source>
<source file="systems/feabme/triadaaa/android/pushservice/CustomPushNotificationBuilder.java" startline="172" endline="189" pcid="327"></source>
</clone>

<clone nlines="18" similarity="91">
<source file="systems/feabme/triadaaa/android/pushservice/CustomPushNotificationBuilder.java" startline="172" endline="189" pcid="327"></source>
<source file="systems/feabme/triadaaa/android/pushservice/CustomPushNotificationBuilder.java" startline="191" endline="208" pcid="329"></source>
</clone>

<clone nlines="16" similarity="75">
<source file="systems/feabme/triadaaa/android/pushservice/CustomPushNotificationBuilder.java" startline="191" endline="208" pcid="329"></source>
<source file="systems/feabme/triadaaa/android/pushservice/PushNotificationBuilder.java" startline="60" endline="73" pcid="287"></source>
</clone>

<clone nlines="16" similarity="75">
<source file="systems/feabme/triadaaa/android/pushservice/CustomPushNotificationBuilder.java" startline="191" endline="208" pcid="329"></source>
<source file="systems/feabme/triadaaa/android/pushservice/PushNotificationBuilder.java" startline="45" endline="58" pcid="285"></source>
</clone>

<clone nlines="16" similarity="75">
<source file="systems/feabme/triadaaa/android/pushservice/CustomPushNotificationBuilder.java" startline="191" endline="208" pcid="329"></source>
<source file="systems/feabme/triadaaa/android/pushservice/PushNotificationBuilder.java" startline="135" endline="148" pcid="297"></source>
</clone>

<clone nlines="16" similarity="75">
<source file="systems/feabme/triadaaa/android/pushservice/CustomPushNotificationBuilder.java" startline="172" endline="189" pcid="327"></source>
<source file="systems/feabme/triadaaa/android/pushservice/PushNotificationBuilder.java" startline="120" endline="133" pcid="295"></source>
</clone>

<clone nlines="13" similarity="100">
<source file="systems/feabme/Climb Jump/ITrustedWebActivityService.java" startline="341" endline="354" pcid="23"></source>
<source file="systems/feabme/Climb Jump/ITrustedWebActivityService.java" startline="528" endline="541" pcid="33"></source>
</clone>

<clone nlines="14" similarity="88">
<source file="systems/feabme/triadaaa/android/pushservice/PushNotificationBuilder.java" startline="60" endline="73" pcid="287"></source>
<source file="systems/feabme/triadaaa/android/pushservice/PushNotificationBuilder.java" startline="75" endline="88" pcid="289"></source>
</clone>

<clone nlines="14" similarity="88">
<source file="systems/feabme/triadaaa/android/pushservice/PushNotificationBuilder.java" startline="45" endline="58" pcid="285"></source>
<source file="systems/feabme/triadaaa/android/pushservice/PushNotificationBuilder.java" startline="75" endline="88" pcid="289"></source>
</clone>

<clone nlines="14" similarity="100">
<source file="systems/feabme/triadaaa/android/pushservice/PushNotificationBuilder.java" startline="75" endline="88" pcid="289"></source>
<source file="systems/feabme/triadaaa/android/pushservice/PushNotificationBuilder.java" startline="90" endline="103" pcid="291"></source>
</clone>

<clone nlines="14" similarity="100">
<source file="systems/feabme/triadaaa/android/pushservice/PushNotificationBuilder.java" startline="75" endline="88" pcid="289"></source>
<source file="systems/feabme/triadaaa/android/pushservice/PushNotificationBuilder.java" startline="105" endline="118" pcid="293"></source>
</clone>

<clone nlines="14" similarity="88">
<source file="systems/feabme/triadaaa/android/pushservice/PushNotificationBuilder.java" startline="75" endline="88" pcid="289"></source>
<source file="systems/feabme/triadaaa/android/pushservice/PushNotificationBuilder.java" startline="120" endline="133" pcid="295"></source>
</clone>

<clone nlines="14" similarity="88">
<source file="systems/feabme/triadaaa/android/pushservice/PushNotificationBuilder.java" startline="75" endline="88" pcid="289"></source>
<source file="systems/feabme/triadaaa/android/pushservice/PushNotificationBuilder.java" startline="135" endline="148" pcid="297"></source>
</clone>

<clone nlines="14" similarity="100">
<source file="systems/feabme/triadaaa/android/pushservice/PushNotificationBuilder.java" startline="45" endline="58" pcid="285"></source>
<source file="systems/feabme/triadaaa/android/pushservice/PushNotificationBuilder.java" startline="60" endline="73" pcid="287"></source>
</clone>

<clone nlines="14" similarity="88">
<source file="systems/feabme/triadaaa/android/pushservice/PushNotificationBuilder.java" startline="60" endline="73" pcid="287"></source>
<source file="systems/feabme/triadaaa/android/pushservice/PushNotificationBuilder.java" startline="90" endline="103" pcid="291"></source>
</clone>

<clone nlines="14" similarity="88">
<source file="systems/feabme/triadaaa/android/pushservice/PushNotificationBuilder.java" startline="60" endline="73" pcid="287"></source>
<source file="systems/feabme/triadaaa/android/pushservice/PushNotificationBuilder.java" startline="105" endline="118" pcid="293"></source>
</clone>

<clone nlines="14" similarity="88">
<source file="systems/feabme/triadaaa/android/pushservice/PushNotificationBuilder.java" startline="60" endline="73" pcid="287"></source>
<source file="systems/feabme/triadaaa/android/pushservice/PushNotificationBuilder.java" startline="120" endline="133" pcid="295"></source>
</clone>

<clone nlines="14" similarity="100">
<source file="systems/feabme/triadaaa/android/pushservice/PushNotificationBuilder.java" startline="60" endline="73" pcid="287"></source>
<source file="systems/feabme/triadaaa/android/pushservice/PushNotificationBuilder.java" startline="135" endline="148" pcid="297"></source>
</clone>

<clone nlines="14" similarity="88">
<source file="systems/feabme/triadaaa/android/pushservice/PushNotificationBuilder.java" startline="45" endline="58" pcid="285"></source>
<source file="systems/feabme/triadaaa/android/pushservice/PushNotificationBuilder.java" startline="90" endline="103" pcid="291"></source>
</clone>

<clone nlines="14" similarity="88">
<source file="systems/feabme/triadaaa/android/pushservice/PushNotificationBuilder.java" startline="45" endline="58" pcid="285"></source>
<source file="systems/feabme/triadaaa/android/pushservice/PushNotificationBuilder.java" startline="105" endline="118" pcid="293"></source>
</clone>

<clone nlines="14" similarity="88">
<source file="systems/feabme/triadaaa/android/pushservice/PushNotificationBuilder.java" startline="45" endline="58" pcid="285"></source>
<source file="systems/feabme/triadaaa/android/pushservice/PushNotificationBuilder.java" startline="120" endline="133" pcid="295"></source>
</clone>

<clone nlines="14" similarity="100">
<source file="systems/feabme/triadaaa/android/pushservice/PushNotificationBuilder.java" startline="45" endline="58" pcid="285"></source>
<source file="systems/feabme/triadaaa/android/pushservice/PushNotificationBuilder.java" startline="135" endline="148" pcid="297"></source>
</clone>

<clone nlines="14" similarity="100">
<source file="systems/feabme/triadaaa/android/pushservice/PushNotificationBuilder.java" startline="90" endline="103" pcid="291"></source>
<source file="systems/feabme/triadaaa/android/pushservice/PushNotificationBuilder.java" startline="105" endline="118" pcid="293"></source>
</clone>

<clone nlines="14" similarity="88">
<source file="systems/feabme/triadaaa/android/pushservice/PushNotificationBuilder.java" startline="90" endline="103" pcid="291"></source>
<source file="systems/feabme/triadaaa/android/pushservice/PushNotificationBuilder.java" startline="120" endline="133" pcid="295"></source>
</clone>

<clone nlines="14" similarity="88">
<source file="systems/feabme/triadaaa/android/pushservice/PushNotificationBuilder.java" startline="90" endline="103" pcid="291"></source>
<source file="systems/feabme/triadaaa/android/pushservice/PushNotificationBuilder.java" startline="135" endline="148" pcid="297"></source>
</clone>

<clone nlines="14" similarity="88">
<source file="systems/feabme/triadaaa/android/pushservice/PushNotificationBuilder.java" startline="105" endline="118" pcid="293"></source>
<source file="systems/feabme/triadaaa/android/pushservice/PushNotificationBuilder.java" startline="120" endline="133" pcid="295"></source>
</clone>

<clone nlines="14" similarity="88">
<source file="systems/feabme/triadaaa/android/pushservice/PushNotificationBuilder.java" startline="105" endline="118" pcid="293"></source>
<source file="systems/feabme/triadaaa/android/pushservice/PushNotificationBuilder.java" startline="135" endline="148" pcid="297"></source>
</clone>

<clone nlines="14" similarity="88">
<source file="systems/feabme/triadaaa/android/pushservice/PushNotificationBuilder.java" startline="120" endline="133" pcid="295"></source>
<source file="systems/feabme/triadaaa/android/pushservice/PushNotificationBuilder.java" startline="135" endline="148" pcid="297"></source>
</clone>

<clone nlines="10" similarity="100">
<source file="systems/feabme/Climb Jump/ITrustedWebActivityService.java" startline="89" endline="98" pcid="12"></source>
<source file="systems/feabme/Climb Jump/ITrustedWebActivityCallback.java" startline="41" endline="50" pcid="40"></source>
</clone>

</clones>
