<clones>
<systeminfo processor="nicad6" system="fake_av_reader" granularity="functions-blind" threshold="30%" minlines="10" maxlines="2500"/>
<cloneinfo npcs="1706" npairs="201"/>
<runinfo ncompares="20349" cputime="174452"/>

<clone nlines="104" similarity="83">
<source file="systems/fake_av_reader/fake1/worker/androiddefender2/SkanerSystemWorker.java" startline="24" endline="131" pcid="51"></source>
<source file="systems/fake_av_reader/fake1/worker/androiddefender2/PreparerWirusesSkaner.java" startline="24" endline="124" pcid="47"></source>
</clone>

<clone nlines="90" similarity="100">
<source file="systems/fake_av_reader/Crossword man/ITrustedWebActivityService.java" startline="104" endline="197" pcid="1601"></source>
<source file="systems/fake_av_reader/Doctor Game/ITrustedWebActivityService.java" startline="104" endline="197" pcid="1651"></source>
</clone>

<clone nlines="68" similarity="96">
<source file="systems/fake_av_reader/fake1/example/androiddefender2/BySupportActivity.java" startline="85" endline="152" pcid="226"></source>
<source file="systems/fake_av_reader/fake1/example/androiddefender2/PayFormActivity.java" startline="87" endline="154" pcid="204"></source>
</clone>

<clone nlines="50" similarity="76">
<source file="systems/fake_av_reader/fake1/example/androiddefender2/ScanningActivity.java" startline="117" endline="163" pcid="100"></source>
<source file="systems/fake_av_reader/fake1/example/androiddefender2/SingleScanActivity.java" startline="132" endline="180" pcid="179"></source>
</clone>

<clone nlines="56" similarity="93">
<source file="systems/fake_av_reader/fake1/example/androiddefender2/ScanningActivity.java" startline="421" endline="471" pcid="107"></source>
<source file="systems/fake_av_reader/fake1/example/androiddefender2/SingleScanActivity.java" startline="473" endline="521" pcid="187"></source>
</clone>

<clone nlines="43" similarity="77">
<source file="systems/fake_av_reader/fake1/example/androiddefender2/SupportActivity.java" startline="58" endline="102" pcid="149"></source>
<source file="systems/fake_av_reader/fake1/example/androiddefender2/PayFormActivity.java" startline="38" endline="76" pcid="201"></source>
</clone>

<clone nlines="43" similarity="77">
<source file="systems/fake_av_reader/fake1/example/androiddefender2/BySupportActivity.java" startline="38" endline="76" pcid="223"></source>
<source file="systems/fake_av_reader/fake1/example/androiddefender2/SupportActivity.java" startline="58" endline="102" pcid="149"></source>
</clone>

<clone nlines="43" similarity="88">
<source file="systems/fake_av_reader/fake1/example/androiddefender2/ScanningActivity.java" startline="358" endline="400" pcid="105"></source>
<source file="systems/fake_av_reader/fake1/example/androiddefender2/SingleScanActivity.java" startline="370" endline="413" pcid="185"></source>
</clone>

<clone nlines="40" similarity="97">
<source file="systems/fake_av_reader/fake1/example/androiddefender2/BySupportActivity.java" startline="38" endline="76" pcid="223"></source>
<source file="systems/fake_av_reader/fake1/example/androiddefender2/PayFormActivity.java" startline="38" endline="76" pcid="201"></source>
</clone>

<clone nlines="32" similarity="88">
<source file="systems/fake_av_reader/fake1/j256/ormlite/db/BaseDatabaseType.java" startline="51" endline="82" pcid="1534"></source>
<source file="systems/fake_av_reader/fake1/j256/ormlite/db/BaseDatabaseType.java" startline="84" endline="111" pcid="1535"></source>
</clone>

<clone nlines="29" similarity="100">
<source file="systems/fake_av_reader/Crossword man/ITrustedWebActivityService.java" startline="543" endline="569" pcid="1621"></source>
<source file="systems/fake_av_reader/Doctor Game/ITrustedWebActivityService.java" startline="395" endline="421" pcid="1663"></source>
</clone>

<clone nlines="29" similarity="100">
<source file="systems/fake_av_reader/Crossword man/ITrustedWebActivityService.java" startline="543" endline="569" pcid="1621"></source>
<source file="systems/fake_av_reader/Doctor Game/ITrustedWebActivityService.java" startline="543" endline="569" pcid="1671"></source>
</clone>

<clone nlines="29" similarity="72">
<source file="systems/fake_av_reader/Crossword man/ITrustedWebActivityService.java" startline="263" endline="289" pcid="1606"></source>
<source file="systems/fake_av_reader/Crossword man/ITrustedWebActivityService.java" startline="543" endline="569" pcid="1621"></source>
</clone>

<clone nlines="29" similarity="72">
<source file="systems/fake_av_reader/Crossword man/ITrustedWebActivityService.java" startline="543" endline="569" pcid="1621"></source>
<source file="systems/fake_av_reader/Doctor Game/ITrustedWebActivityService.java" startline="450" endline="476" pcid="1666"></source>
</clone>

<clone nlines="29" similarity="100">
<source file="systems/fake_av_reader/Crossword man/ITrustedWebActivityService.java" startline="395" endline="421" pcid="1613"></source>
<source file="systems/fake_av_reader/Crossword man/ITrustedWebActivityService.java" startline="543" endline="569" pcid="1621"></source>
</clone>

<clone nlines="29" similarity="100">
<source file="systems/fake_av_reader/Crossword man/ITrustedWebActivityService.java" startline="208" endline="234" pcid="1603"></source>
<source file="systems/fake_av_reader/Crossword man/ITrustedWebActivityService.java" startline="543" endline="569" pcid="1621"></source>
</clone>

<clone nlines="29" similarity="100">
<source file="systems/fake_av_reader/Crossword man/ITrustedWebActivityService.java" startline="356" endline="382" pcid="1611"></source>
<source file="systems/fake_av_reader/Crossword man/ITrustedWebActivityService.java" startline="543" endline="569" pcid="1621"></source>
</clone>

<clone nlines="29" similarity="72">
<source file="systems/fake_av_reader/Crossword man/ITrustedWebActivityService.java" startline="450" endline="476" pcid="1616"></source>
<source file="systems/fake_av_reader/Crossword man/ITrustedWebActivityService.java" startline="543" endline="569" pcid="1621"></source>
</clone>

<clone nlines="29" similarity="72">
<source file="systems/fake_av_reader/Crossword man/ITrustedWebActivityService.java" startline="543" endline="569" pcid="1621"></source>
<source file="systems/fake_av_reader/Doctor Game/ITrustedWebActivityService.java" startline="263" endline="289" pcid="1656"></source>
</clone>

<clone nlines="29" similarity="100">
<source file="systems/fake_av_reader/Crossword man/ITrustedWebActivityService.java" startline="543" endline="569" pcid="1621"></source>
<source file="systems/fake_av_reader/Doctor Game/ITrustedWebActivityService.java" startline="356" endline="382" pcid="1661"></source>
</clone>

<clone nlines="29" similarity="100">
<source file="systems/fake_av_reader/Crossword man/ITrustedWebActivityService.java" startline="543" endline="569" pcid="1621"></source>
<source file="systems/fake_av_reader/Doctor Game/ITrustedWebActivityService.java" startline="208" endline="234" pcid="1653"></source>
</clone>

<clone nlines="29" similarity="100">
<source file="systems/fake_av_reader/Doctor Game/ITrustedWebActivityService.java" startline="395" endline="421" pcid="1663"></source>
<source file="systems/fake_av_reader/Doctor Game/ITrustedWebActivityService.java" startline="543" endline="569" pcid="1671"></source>
</clone>

<clone nlines="29" similarity="72">
<source file="systems/fake_av_reader/Crossword man/ITrustedWebActivityService.java" startline="263" endline="289" pcid="1606"></source>
<source file="systems/fake_av_reader/Doctor Game/ITrustedWebActivityService.java" startline="395" endline="421" pcid="1663"></source>
</clone>

<clone nlines="29" similarity="72">
<source file="systems/fake_av_reader/Doctor Game/ITrustedWebActivityService.java" startline="395" endline="421" pcid="1663"></source>
<source file="systems/fake_av_reader/Doctor Game/ITrustedWebActivityService.java" startline="450" endline="476" pcid="1666"></source>
</clone>

<clone nlines="29" similarity="100">
<source file="systems/fake_av_reader/Crossword man/ITrustedWebActivityService.java" startline="395" endline="421" pcid="1613"></source>
<source file="systems/fake_av_reader/Doctor Game/ITrustedWebActivityService.java" startline="395" endline="421" pcid="1663"></source>
</clone>

<clone nlines="29" similarity="100">
<source file="systems/fake_av_reader/Crossword man/ITrustedWebActivityService.java" startline="208" endline="234" pcid="1603"></source>
<source file="systems/fake_av_reader/Doctor Game/ITrustedWebActivityService.java" startline="395" endline="421" pcid="1663"></source>
</clone>

<clone nlines="29" similarity="100">
<source file="systems/fake_av_reader/Crossword man/ITrustedWebActivityService.java" startline="356" endline="382" pcid="1611"></source>
<source file="systems/fake_av_reader/Doctor Game/ITrustedWebActivityService.java" startline="395" endline="421" pcid="1663"></source>
</clone>

<clone nlines="29" similarity="72">
<source file="systems/fake_av_reader/Crossword man/ITrustedWebActivityService.java" startline="450" endline="476" pcid="1616"></source>
<source file="systems/fake_av_reader/Doctor Game/ITrustedWebActivityService.java" startline="395" endline="421" pcid="1663"></source>
</clone>

<clone nlines="29" similarity="72">
<source file="systems/fake_av_reader/Doctor Game/ITrustedWebActivityService.java" startline="263" endline="289" pcid="1656"></source>
<source file="systems/fake_av_reader/Doctor Game/ITrustedWebActivityService.java" startline="395" endline="421" pcid="1663"></source>
</clone>

<clone nlines="29" similarity="100">
<source file="systems/fake_av_reader/Doctor Game/ITrustedWebActivityService.java" startline="356" endline="382" pcid="1661"></source>
<source file="systems/fake_av_reader/Doctor Game/ITrustedWebActivityService.java" startline="395" endline="421" pcid="1663"></source>
</clone>

<clone nlines="29" similarity="100">
<source file="systems/fake_av_reader/Doctor Game/ITrustedWebActivityService.java" startline="208" endline="234" pcid="1653"></source>
<source file="systems/fake_av_reader/Doctor Game/ITrustedWebActivityService.java" startline="395" endline="421" pcid="1663"></source>
</clone>

<clone nlines="29" similarity="72">
<source file="systems/fake_av_reader/Crossword man/ITrustedWebActivityService.java" startline="263" endline="289" pcid="1606"></source>
<source file="systems/fake_av_reader/Doctor Game/ITrustedWebActivityService.java" startline="543" endline="569" pcid="1671"></source>
</clone>

<clone nlines="29" similarity="72">
<source file="systems/fake_av_reader/Doctor Game/ITrustedWebActivityService.java" startline="450" endline="476" pcid="1666"></source>
<source file="systems/fake_av_reader/Doctor Game/ITrustedWebActivityService.java" startline="543" endline="569" pcid="1671"></source>
</clone>

<clone nlines="29" similarity="100">
<source file="systems/fake_av_reader/Crossword man/ITrustedWebActivityService.java" startline="395" endline="421" pcid="1613"></source>
<source file="systems/fake_av_reader/Doctor Game/ITrustedWebActivityService.java" startline="543" endline="569" pcid="1671"></source>
</clone>

<clone nlines="29" similarity="100">
<source file="systems/fake_av_reader/Crossword man/ITrustedWebActivityService.java" startline="208" endline="234" pcid="1603"></source>
<source file="systems/fake_av_reader/Doctor Game/ITrustedWebActivityService.java" startline="543" endline="569" pcid="1671"></source>
</clone>

<clone nlines="29" similarity="100">
<source file="systems/fake_av_reader/Crossword man/ITrustedWebActivityService.java" startline="356" endline="382" pcid="1611"></source>
<source file="systems/fake_av_reader/Doctor Game/ITrustedWebActivityService.java" startline="543" endline="569" pcid="1671"></source>
</clone>

<clone nlines="29" similarity="72">
<source file="systems/fake_av_reader/Crossword man/ITrustedWebActivityService.java" startline="450" endline="476" pcid="1616"></source>
<source file="systems/fake_av_reader/Doctor Game/ITrustedWebActivityService.java" startline="543" endline="569" pcid="1671"></source>
</clone>

<clone nlines="29" similarity="72">
<source file="systems/fake_av_reader/Doctor Game/ITrustedWebActivityService.java" startline="263" endline="289" pcid="1656"></source>
<source file="systems/fake_av_reader/Doctor Game/ITrustedWebActivityService.java" startline="543" endline="569" pcid="1671"></source>
</clone>

<clone nlines="29" similarity="100">
<source file="systems/fake_av_reader/Doctor Game/ITrustedWebActivityService.java" startline="356" endline="382" pcid="1661"></source>
<source file="systems/fake_av_reader/Doctor Game/ITrustedWebActivityService.java" startline="543" endline="569" pcid="1671"></source>
</clone>

<clone nlines="29" similarity="100">
<source file="systems/fake_av_reader/Doctor Game/ITrustedWebActivityService.java" startline="208" endline="234" pcid="1653"></source>
<source file="systems/fake_av_reader/Doctor Game/ITrustedWebActivityService.java" startline="543" endline="569" pcid="1671"></source>
</clone>

<clone nlines="28" similarity="100">
<source file="systems/fake_av_reader/Crossword man/ITrustedWebActivityService.java" startline="263" endline="289" pcid="1606"></source>
<source file="systems/fake_av_reader/Doctor Game/ITrustedWebActivityService.java" startline="450" endline="476" pcid="1666"></source>
</clone>

<clone nlines="29" similarity="72">
<source file="systems/fake_av_reader/Crossword man/ITrustedWebActivityService.java" startline="263" endline="289" pcid="1606"></source>
<source file="systems/fake_av_reader/Crossword man/ITrustedWebActivityService.java" startline="395" endline="421" pcid="1613"></source>
</clone>

<clone nlines="29" similarity="72">
<source file="systems/fake_av_reader/Crossword man/ITrustedWebActivityService.java" startline="208" endline="234" pcid="1603"></source>
<source file="systems/fake_av_reader/Crossword man/ITrustedWebActivityService.java" startline="263" endline="289" pcid="1606"></source>
</clone>

<clone nlines="29" similarity="72">
<source file="systems/fake_av_reader/Crossword man/ITrustedWebActivityService.java" startline="263" endline="289" pcid="1606"></source>
<source file="systems/fake_av_reader/Crossword man/ITrustedWebActivityService.java" startline="356" endline="382" pcid="1611"></source>
</clone>

<clone nlines="28" similarity="100">
<source file="systems/fake_av_reader/Crossword man/ITrustedWebActivityService.java" startline="263" endline="289" pcid="1606"></source>
<source file="systems/fake_av_reader/Crossword man/ITrustedWebActivityService.java" startline="450" endline="476" pcid="1616"></source>
</clone>

<clone nlines="28" similarity="100">
<source file="systems/fake_av_reader/Crossword man/ITrustedWebActivityService.java" startline="263" endline="289" pcid="1606"></source>
<source file="systems/fake_av_reader/Doctor Game/ITrustedWebActivityService.java" startline="263" endline="289" pcid="1656"></source>
</clone>

<clone nlines="29" similarity="72">
<source file="systems/fake_av_reader/Crossword man/ITrustedWebActivityService.java" startline="263" endline="289" pcid="1606"></source>
<source file="systems/fake_av_reader/Doctor Game/ITrustedWebActivityService.java" startline="356" endline="382" pcid="1661"></source>
</clone>

<clone nlines="29" similarity="72">
<source file="systems/fake_av_reader/Crossword man/ITrustedWebActivityService.java" startline="263" endline="289" pcid="1606"></source>
<source file="systems/fake_av_reader/Doctor Game/ITrustedWebActivityService.java" startline="208" endline="234" pcid="1653"></source>
</clone>

<clone nlines="29" similarity="72">
<source file="systems/fake_av_reader/Crossword man/ITrustedWebActivityService.java" startline="395" endline="421" pcid="1613"></source>
<source file="systems/fake_av_reader/Doctor Game/ITrustedWebActivityService.java" startline="450" endline="476" pcid="1666"></source>
</clone>

<clone nlines="29" similarity="72">
<source file="systems/fake_av_reader/Crossword man/ITrustedWebActivityService.java" startline="208" endline="234" pcid="1603"></source>
<source file="systems/fake_av_reader/Doctor Game/ITrustedWebActivityService.java" startline="450" endline="476" pcid="1666"></source>
</clone>

<clone nlines="29" similarity="72">
<source file="systems/fake_av_reader/Crossword man/ITrustedWebActivityService.java" startline="356" endline="382" pcid="1611"></source>
<source file="systems/fake_av_reader/Doctor Game/ITrustedWebActivityService.java" startline="450" endline="476" pcid="1666"></source>
</clone>

<clone nlines="28" similarity="100">
<source file="systems/fake_av_reader/Crossword man/ITrustedWebActivityService.java" startline="450" endline="476" pcid="1616"></source>
<source file="systems/fake_av_reader/Doctor Game/ITrustedWebActivityService.java" startline="450" endline="476" pcid="1666"></source>
</clone>

<clone nlines="28" similarity="100">
<source file="systems/fake_av_reader/Doctor Game/ITrustedWebActivityService.java" startline="263" endline="289" pcid="1656"></source>
<source file="systems/fake_av_reader/Doctor Game/ITrustedWebActivityService.java" startline="450" endline="476" pcid="1666"></source>
</clone>

<clone nlines="29" similarity="72">
<source file="systems/fake_av_reader/Doctor Game/ITrustedWebActivityService.java" startline="356" endline="382" pcid="1661"></source>
<source file="systems/fake_av_reader/Doctor Game/ITrustedWebActivityService.java" startline="450" endline="476" pcid="1666"></source>
</clone>

<clone nlines="29" similarity="72">
<source file="systems/fake_av_reader/Doctor Game/ITrustedWebActivityService.java" startline="208" endline="234" pcid="1653"></source>
<source file="systems/fake_av_reader/Doctor Game/ITrustedWebActivityService.java" startline="450" endline="476" pcid="1666"></source>
</clone>

<clone nlines="29" similarity="100">
<source file="systems/fake_av_reader/Crossword man/ITrustedWebActivityService.java" startline="208" endline="234" pcid="1603"></source>
<source file="systems/fake_av_reader/Crossword man/ITrustedWebActivityService.java" startline="395" endline="421" pcid="1613"></source>
</clone>

<clone nlines="29" similarity="100">
<source file="systems/fake_av_reader/Crossword man/ITrustedWebActivityService.java" startline="356" endline="382" pcid="1611"></source>
<source file="systems/fake_av_reader/Crossword man/ITrustedWebActivityService.java" startline="395" endline="421" pcid="1613"></source>
</clone>

<clone nlines="29" similarity="72">
<source file="systems/fake_av_reader/Crossword man/ITrustedWebActivityService.java" startline="395" endline="421" pcid="1613"></source>
<source file="systems/fake_av_reader/Crossword man/ITrustedWebActivityService.java" startline="450" endline="476" pcid="1616"></source>
</clone>

<clone nlines="29" similarity="72">
<source file="systems/fake_av_reader/Crossword man/ITrustedWebActivityService.java" startline="395" endline="421" pcid="1613"></source>
<source file="systems/fake_av_reader/Doctor Game/ITrustedWebActivityService.java" startline="263" endline="289" pcid="1656"></source>
</clone>

<clone nlines="29" similarity="100">
<source file="systems/fake_av_reader/Crossword man/ITrustedWebActivityService.java" startline="395" endline="421" pcid="1613"></source>
<source file="systems/fake_av_reader/Doctor Game/ITrustedWebActivityService.java" startline="356" endline="382" pcid="1661"></source>
</clone>

<clone nlines="29" similarity="100">
<source file="systems/fake_av_reader/Crossword man/ITrustedWebActivityService.java" startline="395" endline="421" pcid="1613"></source>
<source file="systems/fake_av_reader/Doctor Game/ITrustedWebActivityService.java" startline="208" endline="234" pcid="1653"></source>
</clone>

<clone nlines="29" similarity="100">
<source file="systems/fake_av_reader/Crossword man/ITrustedWebActivityService.java" startline="208" endline="234" pcid="1603"></source>
<source file="systems/fake_av_reader/Crossword man/ITrustedWebActivityService.java" startline="356" endline="382" pcid="1611"></source>
</clone>

<clone nlines="29" similarity="72">
<source file="systems/fake_av_reader/Crossword man/ITrustedWebActivityService.java" startline="208" endline="234" pcid="1603"></source>
<source file="systems/fake_av_reader/Crossword man/ITrustedWebActivityService.java" startline="450" endline="476" pcid="1616"></source>
</clone>

<clone nlines="29" similarity="72">
<source file="systems/fake_av_reader/Crossword man/ITrustedWebActivityService.java" startline="208" endline="234" pcid="1603"></source>
<source file="systems/fake_av_reader/Doctor Game/ITrustedWebActivityService.java" startline="263" endline="289" pcid="1656"></source>
</clone>

<clone nlines="29" similarity="100">
<source file="systems/fake_av_reader/Crossword man/ITrustedWebActivityService.java" startline="208" endline="234" pcid="1603"></source>
<source file="systems/fake_av_reader/Doctor Game/ITrustedWebActivityService.java" startline="356" endline="382" pcid="1661"></source>
</clone>

<clone nlines="29" similarity="100">
<source file="systems/fake_av_reader/Crossword man/ITrustedWebActivityService.java" startline="208" endline="234" pcid="1603"></source>
<source file="systems/fake_av_reader/Doctor Game/ITrustedWebActivityService.java" startline="208" endline="234" pcid="1653"></source>
</clone>

<clone nlines="29" similarity="72">
<source file="systems/fake_av_reader/Crossword man/ITrustedWebActivityService.java" startline="356" endline="382" pcid="1611"></source>
<source file="systems/fake_av_reader/Crossword man/ITrustedWebActivityService.java" startline="450" endline="476" pcid="1616"></source>
</clone>

<clone nlines="29" similarity="72">
<source file="systems/fake_av_reader/Crossword man/ITrustedWebActivityService.java" startline="356" endline="382" pcid="1611"></source>
<source file="systems/fake_av_reader/Doctor Game/ITrustedWebActivityService.java" startline="263" endline="289" pcid="1656"></source>
</clone>

<clone nlines="29" similarity="100">
<source file="systems/fake_av_reader/Crossword man/ITrustedWebActivityService.java" startline="356" endline="382" pcid="1611"></source>
<source file="systems/fake_av_reader/Doctor Game/ITrustedWebActivityService.java" startline="356" endline="382" pcid="1661"></source>
</clone>

<clone nlines="29" similarity="100">
<source file="systems/fake_av_reader/Crossword man/ITrustedWebActivityService.java" startline="356" endline="382" pcid="1611"></source>
<source file="systems/fake_av_reader/Doctor Game/ITrustedWebActivityService.java" startline="208" endline="234" pcid="1653"></source>
</clone>

<clone nlines="28" similarity="100">
<source file="systems/fake_av_reader/Crossword man/ITrustedWebActivityService.java" startline="450" endline="476" pcid="1616"></source>
<source file="systems/fake_av_reader/Doctor Game/ITrustedWebActivityService.java" startline="263" endline="289" pcid="1656"></source>
</clone>

<clone nlines="29" similarity="72">
<source file="systems/fake_av_reader/Crossword man/ITrustedWebActivityService.java" startline="450" endline="476" pcid="1616"></source>
<source file="systems/fake_av_reader/Doctor Game/ITrustedWebActivityService.java" startline="356" endline="382" pcid="1661"></source>
</clone>

<clone nlines="29" similarity="72">
<source file="systems/fake_av_reader/Crossword man/ITrustedWebActivityService.java" startline="450" endline="476" pcid="1616"></source>
<source file="systems/fake_av_reader/Doctor Game/ITrustedWebActivityService.java" startline="208" endline="234" pcid="1653"></source>
</clone>

<clone nlines="29" similarity="72">
<source file="systems/fake_av_reader/Doctor Game/ITrustedWebActivityService.java" startline="263" endline="289" pcid="1656"></source>
<source file="systems/fake_av_reader/Doctor Game/ITrustedWebActivityService.java" startline="356" endline="382" pcid="1661"></source>
</clone>

<clone nlines="29" similarity="72">
<source file="systems/fake_av_reader/Doctor Game/ITrustedWebActivityService.java" startline="208" endline="234" pcid="1653"></source>
<source file="systems/fake_av_reader/Doctor Game/ITrustedWebActivityService.java" startline="263" endline="289" pcid="1656"></source>
</clone>

<clone nlines="29" similarity="100">
<source file="systems/fake_av_reader/Doctor Game/ITrustedWebActivityService.java" startline="208" endline="234" pcid="1653"></source>
<source file="systems/fake_av_reader/Doctor Game/ITrustedWebActivityService.java" startline="356" endline="382" pcid="1661"></source>
</clone>

<clone nlines="27" similarity="80">
<source file="systems/fake_av_reader/fake1/example/androiddefender2/ScanningActivity.java" startline="209" endline="235" pcid="103"></source>
<source file="systems/fake_av_reader/fake1/example/androiddefender2/SingleScanActivity.java" startline="231" endline="255" pcid="183"></source>
</clone>

<clone nlines="24" similarity="70">
<source file="systems/fake_av_reader/fake1/j256/ormlite/table/DatabaseTableConfigLoader.java" startline="27" endline="54" pcid="808"></source>
<source file="systems/fake_av_reader/fake1/j256/ormlite/field/DatabaseFieldConfigLoader.java" startline="96" endline="119" pcid="422"></source>
</clone>

<clone nlines="24" similarity="100">
<source file="systems/fake_av_reader/Doctor Game/ITrustedWebActivityCallback.java" startline="92" endline="114" pcid="1683"></source>
<source file="systems/fake_av_reader/Doctor Game/ITrustedWebActivityCallback.java" startline="135" endline="157" pcid="1687"></source>
</clone>

<clone nlines="24" similarity="100">
<source file="systems/fake_av_reader/Crossword man/ITrustedWebActivityCallback.java" startline="135" endline="157" pcid="1637"></source>
<source file="systems/fake_av_reader/Doctor Game/ITrustedWebActivityCallback.java" startline="92" endline="114" pcid="1683"></source>
</clone>

<clone nlines="24" similarity="100">
<source file="systems/fake_av_reader/Crossword man/ITrustedWebActivityCallback.java" startline="92" endline="114" pcid="1633"></source>
<source file="systems/fake_av_reader/Doctor Game/ITrustedWebActivityCallback.java" startline="92" endline="114" pcid="1683"></source>
</clone>

<clone nlines="24" similarity="84">
<source file="systems/fake_av_reader/Crossword man/ITrustedWebActivityService.java" startline="240" endline="261" pcid="1605"></source>
<source file="systems/fake_av_reader/Doctor Game/ITrustedWebActivityCallback.java" startline="92" endline="114" pcid="1683"></source>
</clone>

<clone nlines="24" similarity="84">
<source file="systems/fake_av_reader/Crossword man/ITrustedWebActivityService.java" startline="427" endline="448" pcid="1615"></source>
<source file="systems/fake_av_reader/Doctor Game/ITrustedWebActivityCallback.java" startline="92" endline="114" pcid="1683"></source>
</clone>

<clone nlines="24" similarity="84">
<source file="systems/fake_av_reader/Doctor Game/ITrustedWebActivityService.java" startline="427" endline="448" pcid="1665"></source>
<source file="systems/fake_av_reader/Doctor Game/ITrustedWebActivityCallback.java" startline="92" endline="114" pcid="1683"></source>
</clone>

<clone nlines="24" similarity="84">
<source file="systems/fake_av_reader/Doctor Game/ITrustedWebActivityService.java" startline="240" endline="261" pcid="1655"></source>
<source file="systems/fake_av_reader/Doctor Game/ITrustedWebActivityCallback.java" startline="92" endline="114" pcid="1683"></source>
</clone>

<clone nlines="24" similarity="100">
<source file="systems/fake_av_reader/Crossword man/ITrustedWebActivityCallback.java" startline="135" endline="157" pcid="1637"></source>
<source file="systems/fake_av_reader/Doctor Game/ITrustedWebActivityCallback.java" startline="135" endline="157" pcid="1687"></source>
</clone>

<clone nlines="24" similarity="100">
<source file="systems/fake_av_reader/Crossword man/ITrustedWebActivityCallback.java" startline="92" endline="114" pcid="1633"></source>
<source file="systems/fake_av_reader/Doctor Game/ITrustedWebActivityCallback.java" startline="135" endline="157" pcid="1687"></source>
</clone>

<clone nlines="24" similarity="84">
<source file="systems/fake_av_reader/Crossword man/ITrustedWebActivityService.java" startline="240" endline="261" pcid="1605"></source>
<source file="systems/fake_av_reader/Doctor Game/ITrustedWebActivityCallback.java" startline="135" endline="157" pcid="1687"></source>
</clone>

<clone nlines="24" similarity="84">
<source file="systems/fake_av_reader/Crossword man/ITrustedWebActivityService.java" startline="427" endline="448" pcid="1615"></source>
<source file="systems/fake_av_reader/Doctor Game/ITrustedWebActivityCallback.java" startline="135" endline="157" pcid="1687"></source>
</clone>

<clone nlines="24" similarity="84">
<source file="systems/fake_av_reader/Doctor Game/ITrustedWebActivityService.java" startline="427" endline="448" pcid="1665"></source>
<source file="systems/fake_av_reader/Doctor Game/ITrustedWebActivityCallback.java" startline="135" endline="157" pcid="1687"></source>
</clone>

<clone nlines="24" similarity="84">
<source file="systems/fake_av_reader/Doctor Game/ITrustedWebActivityService.java" startline="240" endline="261" pcid="1655"></source>
<source file="systems/fake_av_reader/Doctor Game/ITrustedWebActivityCallback.java" startline="135" endline="157" pcid="1687"></source>
</clone>

<clone nlines="24" similarity="100">
<source file="systems/fake_av_reader/Crossword man/ITrustedWebActivityCallback.java" startline="92" endline="114" pcid="1633"></source>
<source file="systems/fake_av_reader/Crossword man/ITrustedWebActivityCallback.java" startline="135" endline="157" pcid="1637"></source>
</clone>

<clone nlines="24" similarity="84">
<source file="systems/fake_av_reader/Crossword man/ITrustedWebActivityService.java" startline="240" endline="261" pcid="1605"></source>
<source file="systems/fake_av_reader/Crossword man/ITrustedWebActivityCallback.java" startline="135" endline="157" pcid="1637"></source>
</clone>

<clone nlines="24" similarity="84">
<source file="systems/fake_av_reader/Crossword man/ITrustedWebActivityService.java" startline="427" endline="448" pcid="1615"></source>
<source file="systems/fake_av_reader/Crossword man/ITrustedWebActivityCallback.java" startline="135" endline="157" pcid="1637"></source>
</clone>

<clone nlines="24" similarity="84">
<source file="systems/fake_av_reader/Doctor Game/ITrustedWebActivityService.java" startline="427" endline="448" pcid="1665"></source>
<source file="systems/fake_av_reader/Crossword man/ITrustedWebActivityCallback.java" startline="135" endline="157" pcid="1637"></source>
</clone>

<clone nlines="24" similarity="84">
<source file="systems/fake_av_reader/Doctor Game/ITrustedWebActivityService.java" startline="240" endline="261" pcid="1655"></source>
<source file="systems/fake_av_reader/Crossword man/ITrustedWebActivityCallback.java" startline="135" endline="157" pcid="1637"></source>
</clone>

<clone nlines="24" similarity="84">
<source file="systems/fake_av_reader/Crossword man/ITrustedWebActivityService.java" startline="240" endline="261" pcid="1605"></source>
<source file="systems/fake_av_reader/Crossword man/ITrustedWebActivityCallback.java" startline="92" endline="114" pcid="1633"></source>
</clone>

<clone nlines="24" similarity="84">
<source file="systems/fake_av_reader/Crossword man/ITrustedWebActivityService.java" startline="427" endline="448" pcid="1615"></source>
<source file="systems/fake_av_reader/Crossword man/ITrustedWebActivityCallback.java" startline="92" endline="114" pcid="1633"></source>
</clone>

<clone nlines="24" similarity="84">
<source file="systems/fake_av_reader/Doctor Game/ITrustedWebActivityService.java" startline="427" endline="448" pcid="1665"></source>
<source file="systems/fake_av_reader/Crossword man/ITrustedWebActivityCallback.java" startline="92" endline="114" pcid="1633"></source>
</clone>

<clone nlines="24" similarity="84">
<source file="systems/fake_av_reader/Doctor Game/ITrustedWebActivityService.java" startline="240" endline="261" pcid="1655"></source>
<source file="systems/fake_av_reader/Crossword man/ITrustedWebActivityCallback.java" startline="92" endline="114" pcid="1633"></source>
</clone>

<clone nlines="23" similarity="100">
<source file="systems/fake_av_reader/Crossword man/ITrustedWebActivityService.java" startline="240" endline="261" pcid="1605"></source>
<source file="systems/fake_av_reader/Crossword man/ITrustedWebActivityService.java" startline="427" endline="448" pcid="1615"></source>
</clone>

<clone nlines="23" similarity="100">
<source file="systems/fake_av_reader/Crossword man/ITrustedWebActivityService.java" startline="240" endline="261" pcid="1605"></source>
<source file="systems/fake_av_reader/Doctor Game/ITrustedWebActivityService.java" startline="427" endline="448" pcid="1665"></source>
</clone>

<clone nlines="23" similarity="100">
<source file="systems/fake_av_reader/Crossword man/ITrustedWebActivityService.java" startline="240" endline="261" pcid="1605"></source>
<source file="systems/fake_av_reader/Doctor Game/ITrustedWebActivityService.java" startline="240" endline="261" pcid="1655"></source>
</clone>

<clone nlines="23" similarity="100">
<source file="systems/fake_av_reader/Crossword man/ITrustedWebActivityService.java" startline="291" endline="312" pcid="1607"></source>
<source file="systems/fake_av_reader/Crossword man/ITrustedWebActivityService.java" startline="318" endline="339" pcid="1609"></source>
</clone>

<clone nlines="23" similarity="100">
<source file="systems/fake_av_reader/Crossword man/ITrustedWebActivityService.java" startline="291" endline="312" pcid="1607"></source>
<source file="systems/fake_av_reader/Crossword man/ITrustedWebActivityService.java" startline="478" endline="499" pcid="1617"></source>
</clone>

<clone nlines="23" similarity="100">
<source file="systems/fake_av_reader/Crossword man/ITrustedWebActivityService.java" startline="291" endline="312" pcid="1607"></source>
<source file="systems/fake_av_reader/Crossword man/ITrustedWebActivityService.java" startline="505" endline="526" pcid="1619"></source>
</clone>

<clone nlines="23" similarity="100">
<source file="systems/fake_av_reader/Crossword man/ITrustedWebActivityService.java" startline="291" endline="312" pcid="1607"></source>
<source file="systems/fake_av_reader/Doctor Game/ITrustedWebActivityService.java" startline="478" endline="499" pcid="1667"></source>
</clone>

<clone nlines="23" similarity="100">
<source file="systems/fake_av_reader/Crossword man/ITrustedWebActivityService.java" startline="291" endline="312" pcid="1607"></source>
<source file="systems/fake_av_reader/Doctor Game/ITrustedWebActivityService.java" startline="505" endline="526" pcid="1669"></source>
</clone>

<clone nlines="23" similarity="100">
<source file="systems/fake_av_reader/Crossword man/ITrustedWebActivityService.java" startline="291" endline="312" pcid="1607"></source>
<source file="systems/fake_av_reader/Doctor Game/ITrustedWebActivityService.java" startline="291" endline="312" pcid="1657"></source>
</clone>

<clone nlines="23" similarity="100">
<source file="systems/fake_av_reader/Crossword man/ITrustedWebActivityService.java" startline="291" endline="312" pcid="1607"></source>
<source file="systems/fake_av_reader/Doctor Game/ITrustedWebActivityService.java" startline="318" endline="339" pcid="1659"></source>
</clone>

<clone nlines="23" similarity="100">
<source file="systems/fake_av_reader/Crossword man/ITrustedWebActivityService.java" startline="318" endline="339" pcid="1609"></source>
<source file="systems/fake_av_reader/Crossword man/ITrustedWebActivityService.java" startline="478" endline="499" pcid="1617"></source>
</clone>

<clone nlines="23" similarity="100">
<source file="systems/fake_av_reader/Crossword man/ITrustedWebActivityService.java" startline="318" endline="339" pcid="1609"></source>
<source file="systems/fake_av_reader/Crossword man/ITrustedWebActivityService.java" startline="505" endline="526" pcid="1619"></source>
</clone>

<clone nlines="23" similarity="100">
<source file="systems/fake_av_reader/Crossword man/ITrustedWebActivityService.java" startline="318" endline="339" pcid="1609"></source>
<source file="systems/fake_av_reader/Doctor Game/ITrustedWebActivityService.java" startline="478" endline="499" pcid="1667"></source>
</clone>

<clone nlines="23" similarity="100">
<source file="systems/fake_av_reader/Crossword man/ITrustedWebActivityService.java" startline="318" endline="339" pcid="1609"></source>
<source file="systems/fake_av_reader/Doctor Game/ITrustedWebActivityService.java" startline="505" endline="526" pcid="1669"></source>
</clone>

<clone nlines="23" similarity="100">
<source file="systems/fake_av_reader/Crossword man/ITrustedWebActivityService.java" startline="318" endline="339" pcid="1609"></source>
<source file="systems/fake_av_reader/Doctor Game/ITrustedWebActivityService.java" startline="291" endline="312" pcid="1657"></source>
</clone>

<clone nlines="23" similarity="100">
<source file="systems/fake_av_reader/Crossword man/ITrustedWebActivityService.java" startline="318" endline="339" pcid="1609"></source>
<source file="systems/fake_av_reader/Doctor Game/ITrustedWebActivityService.java" startline="318" endline="339" pcid="1659"></source>
</clone>

<clone nlines="23" similarity="100">
<source file="systems/fake_av_reader/Crossword man/ITrustedWebActivityService.java" startline="427" endline="448" pcid="1615"></source>
<source file="systems/fake_av_reader/Doctor Game/ITrustedWebActivityService.java" startline="427" endline="448" pcid="1665"></source>
</clone>

<clone nlines="23" similarity="100">
<source file="systems/fake_av_reader/Crossword man/ITrustedWebActivityService.java" startline="427" endline="448" pcid="1615"></source>
<source file="systems/fake_av_reader/Doctor Game/ITrustedWebActivityService.java" startline="240" endline="261" pcid="1655"></source>
</clone>

<clone nlines="20" similarity="83">
<source file="systems/fake_av_reader/fake1/j256/ormlite/stmt/StatementExecutor.java" startline="355" endline="377" pcid="1323"></source>
<source file="systems/fake_av_reader/fake1/j256/ormlite/stmt/StatementExecutor.java" startline="379" endline="401" pcid="1324"></source>
</clone>

<clone nlines="18" similarity="72">
<source file="systems/fake_av_reader/fake1/j256/ormlite/stmt/StatementExecutor.java" startline="379" endline="401" pcid="1324"></source>
<source file="systems/fake_av_reader/fake1/j256/ormlite/stmt/StatementExecutor.java" startline="403" endline="421" pcid="1325"></source>
</clone>

<clone nlines="23" similarity="100">
<source file="systems/fake_av_reader/Crossword man/ITrustedWebActivityService.java" startline="478" endline="499" pcid="1617"></source>
<source file="systems/fake_av_reader/Crossword man/ITrustedWebActivityService.java" startline="505" endline="526" pcid="1619"></source>
</clone>

<clone nlines="23" similarity="100">
<source file="systems/fake_av_reader/Crossword man/ITrustedWebActivityService.java" startline="478" endline="499" pcid="1617"></source>
<source file="systems/fake_av_reader/Doctor Game/ITrustedWebActivityService.java" startline="478" endline="499" pcid="1667"></source>
</clone>

<clone nlines="23" similarity="100">
<source file="systems/fake_av_reader/Crossword man/ITrustedWebActivityService.java" startline="478" endline="499" pcid="1617"></source>
<source file="systems/fake_av_reader/Doctor Game/ITrustedWebActivityService.java" startline="505" endline="526" pcid="1669"></source>
</clone>

<clone nlines="23" similarity="100">
<source file="systems/fake_av_reader/Crossword man/ITrustedWebActivityService.java" startline="478" endline="499" pcid="1617"></source>
<source file="systems/fake_av_reader/Doctor Game/ITrustedWebActivityService.java" startline="291" endline="312" pcid="1657"></source>
</clone>

<clone nlines="23" similarity="100">
<source file="systems/fake_av_reader/Crossword man/ITrustedWebActivityService.java" startline="478" endline="499" pcid="1617"></source>
<source file="systems/fake_av_reader/Doctor Game/ITrustedWebActivityService.java" startline="318" endline="339" pcid="1659"></source>
</clone>

<clone nlines="18" similarity="72">
<source file="systems/fake_av_reader/fake1/j256/ormlite/stmt/StatementExecutor.java" startline="355" endline="377" pcid="1323"></source>
<source file="systems/fake_av_reader/fake1/j256/ormlite/stmt/StatementExecutor.java" startline="403" endline="421" pcid="1325"></source>
</clone>

<clone nlines="23" similarity="100">
<source file="systems/fake_av_reader/Crossword man/ITrustedWebActivityService.java" startline="505" endline="526" pcid="1619"></source>
<source file="systems/fake_av_reader/Doctor Game/ITrustedWebActivityService.java" startline="478" endline="499" pcid="1667"></source>
</clone>

<clone nlines="23" similarity="100">
<source file="systems/fake_av_reader/Crossword man/ITrustedWebActivityService.java" startline="505" endline="526" pcid="1619"></source>
<source file="systems/fake_av_reader/Doctor Game/ITrustedWebActivityService.java" startline="505" endline="526" pcid="1669"></source>
</clone>

<clone nlines="23" similarity="100">
<source file="systems/fake_av_reader/Crossword man/ITrustedWebActivityService.java" startline="505" endline="526" pcid="1619"></source>
<source file="systems/fake_av_reader/Doctor Game/ITrustedWebActivityService.java" startline="291" endline="312" pcid="1657"></source>
</clone>

<clone nlines="23" similarity="100">
<source file="systems/fake_av_reader/Crossword man/ITrustedWebActivityService.java" startline="505" endline="526" pcid="1619"></source>
<source file="systems/fake_av_reader/Doctor Game/ITrustedWebActivityService.java" startline="318" endline="339" pcid="1659"></source>
</clone>

<clone nlines="23" similarity="100">
<source file="systems/fake_av_reader/Doctor Game/ITrustedWebActivityService.java" startline="240" endline="261" pcid="1655"></source>
<source file="systems/fake_av_reader/Doctor Game/ITrustedWebActivityService.java" startline="427" endline="448" pcid="1665"></source>
</clone>

<clone nlines="23" similarity="100">
<source file="systems/fake_av_reader/Doctor Game/ITrustedWebActivityService.java" startline="478" endline="499" pcid="1667"></source>
<source file="systems/fake_av_reader/Doctor Game/ITrustedWebActivityService.java" startline="505" endline="526" pcid="1669"></source>
</clone>

<clone nlines="23" similarity="100">
<source file="systems/fake_av_reader/Doctor Game/ITrustedWebActivityService.java" startline="291" endline="312" pcid="1657"></source>
<source file="systems/fake_av_reader/Doctor Game/ITrustedWebActivityService.java" startline="478" endline="499" pcid="1667"></source>
</clone>

<clone nlines="23" similarity="100">
<source file="systems/fake_av_reader/Doctor Game/ITrustedWebActivityService.java" startline="318" endline="339" pcid="1659"></source>
<source file="systems/fake_av_reader/Doctor Game/ITrustedWebActivityService.java" startline="478" endline="499" pcid="1667"></source>
</clone>

<clone nlines="23" similarity="100">
<source file="systems/fake_av_reader/Doctor Game/ITrustedWebActivityService.java" startline="291" endline="312" pcid="1657"></source>
<source file="systems/fake_av_reader/Doctor Game/ITrustedWebActivityService.java" startline="505" endline="526" pcid="1669"></source>
</clone>

<clone nlines="23" similarity="100">
<source file="systems/fake_av_reader/Doctor Game/ITrustedWebActivityService.java" startline="318" endline="339" pcid="1659"></source>
<source file="systems/fake_av_reader/Doctor Game/ITrustedWebActivityService.java" startline="505" endline="526" pcid="1669"></source>
</clone>

<clone nlines="23" similarity="100">
<source file="systems/fake_av_reader/Doctor Game/ITrustedWebActivityService.java" startline="291" endline="312" pcid="1657"></source>
<source file="systems/fake_av_reader/Doctor Game/ITrustedWebActivityService.java" startline="318" endline="339" pcid="1659"></source>
</clone>

<clone nlines="23" similarity="94">
<source file="systems/fake_av_reader/fake1/example/androiddefender2/ScanningActivity.java" startline="74" endline="95" pcid="97"></source>
<source file="systems/fake_av_reader/fake1/example/androiddefender2/SingleScanActivity.java" startline="84" endline="106" pcid="176"></source>
</clone>

<clone nlines="18" similarity="100">
<source file="systems/fake_av_reader/fake1/example/androiddefender2/ScanningActivity.java" startline="56" endline="72" pcid="96"></source>
<source file="systems/fake_av_reader/fake1/example/androiddefender2/SingleScanActivity.java" startline="66" endline="82" pcid="175"></source>
</clone>

<clone nlines="18" similarity="100">
<source file="systems/fake_av_reader/Crossword man/ITrustedWebActivityCallback.java" startline="56" endline="73" pcid="1629"></source>
<source file="systems/fake_av_reader/Doctor Game/ITrustedWebActivityCallback.java" startline="56" endline="73" pcid="1679"></source>
</clone>

<clone nlines="18" similarity="71">
<source file="systems/fake_av_reader/fake1/j256/ormlite/dao/LazyForeignCollection.java" startline="149" endline="164" pcid="1090"></source>
<source file="systems/fake_av_reader/fake1/j256/ormlite/dao/BaseForeignCollection.java" startline="113" endline="130" pcid="885"></source>
</clone>

<clone nlines="18" similarity="71">
<source file="systems/fake_av_reader/fake1/j256/ormlite/dao/LazyForeignCollection.java" startline="53" endline="69" pcid="1077"></source>
<source file="systems/fake_av_reader/fake1/j256/ormlite/dao/LazyForeignCollection.java" startline="187" endline="203" pcid="1093"></source>
</clone>

<clone nlines="16" similarity="100">
<source file="systems/fake_av_reader/fake1/example/androiddefender2/ScanningActivity.java" startline="170" endline="186" pcid="102"></source>
<source file="systems/fake_av_reader/fake1/example/androiddefender2/SingleScanActivity.java" startline="192" endline="208" pcid="182"></source>
</clone>

<clone nlines="17" similarity="100">
<source file="systems/fake_av_reader/fake1/j256/ormlite/dao/DaoManager.java" startline="783" endline="800" pcid="874"></source>
<source file="systems/fake_av_reader/fake1/j256/ormlite/dao/DaoManager.java" startline="817" endline="834" pcid="877"></source>
</clone>

<clone nlines="13" similarity="100">
<source file="systems/fake_av_reader/Crossword man/ITrustedWebActivityService.java" startline="341" endline="354" pcid="1610"></source>
<source file="systems/fake_av_reader/Crossword man/ITrustedWebActivityService.java" startline="528" endline="541" pcid="1620"></source>
</clone>

<clone nlines="13" similarity="100">
<source file="systems/fake_av_reader/Crossword man/ITrustedWebActivityService.java" startline="341" endline="354" pcid="1610"></source>
<source file="systems/fake_av_reader/Doctor Game/ITrustedWebActivityService.java" startline="341" endline="354" pcid="1660"></source>
</clone>

<clone nlines="13" similarity="100">
<source file="systems/fake_av_reader/Crossword man/ITrustedWebActivityService.java" startline="341" endline="354" pcid="1610"></source>
<source file="systems/fake_av_reader/Doctor Game/ITrustedWebActivityService.java" startline="528" endline="541" pcid="1670"></source>
</clone>

<clone nlines="13" similarity="100">
<source file="systems/fake_av_reader/Crossword man/ITrustedWebActivityService.java" startline="528" endline="541" pcid="1620"></source>
<source file="systems/fake_av_reader/Doctor Game/ITrustedWebActivityService.java" startline="341" endline="354" pcid="1660"></source>
</clone>

<clone nlines="13" similarity="100">
<source file="systems/fake_av_reader/Crossword man/ITrustedWebActivityService.java" startline="528" endline="541" pcid="1620"></source>
<source file="systems/fake_av_reader/Doctor Game/ITrustedWebActivityService.java" startline="528" endline="541" pcid="1670"></source>
</clone>

<clone nlines="13" similarity="100">
<source file="systems/fake_av_reader/Doctor Game/ITrustedWebActivityService.java" startline="341" endline="354" pcid="1660"></source>
<source file="systems/fake_av_reader/Doctor Game/ITrustedWebActivityService.java" startline="528" endline="541" pcid="1670"></source>
</clone>

<clone nlines="15" similarity="100">
<source file="systems/fake_av_reader/fake1/j256/ormlite/misc/TransactionManager.java" startline="231" endline="244" pcid="258"></source>
<source file="systems/fake_av_reader/fake1/j256/ormlite/misc/TransactionManager.java" startline="246" endline="259" pcid="259"></source>
</clone>

<clone nlines="14" similarity="90">
<source file="systems/fake_av_reader/fake1/j256/ormlite/android/AndroidDatabaseConnection.java" startline="165" endline="178" pcid="391"></source>
<source file="systems/fake_av_reader/fake1/j256/ormlite/android/AndroidDatabaseConnection.java" startline="394" endline="406" pcid="405"></source>
</clone>

<clone nlines="16" similarity="72">
<source file="systems/fake_av_reader/fake1/j256/ormlite/dao/LazyForeignCollection.java" startline="172" endline="185" pcid="1092"></source>
<source file="systems/fake_av_reader/fake1/j256/ormlite/dao/BaseForeignCollection.java" startline="73" endline="87" pcid="882"></source>
</clone>

<clone nlines="14" similarity="72">
<source file="systems/fake_av_reader/fake1/example/androiddefender2/UpdateActivity.java" startline="142" endline="153" pcid="90"></source>
<source file="systems/fake_av_reader/fake1/example/androiddefender2/UpdateActivity.java" startline="171" endline="183" pcid="92"></source>
</clone>

<clone nlines="13" similarity="100">
<source file="systems/fake_av_reader/fake1/j256/ormlite/dao/BaseDaoImpl.java" startline="263" endline="277" pcid="909"></source>
<source file="systems/fake_av_reader/fake1/j256/ormlite/dao/BaseDaoImpl.java" startline="780" endline="794" pcid="966"></source>
</clone>

<clone nlines="13" similarity="90">
<source file="systems/fake_av_reader/fake1/j256/ormlite/dao/BaseDaoImpl.java" startline="263" endline="277" pcid="909"></source>
<source file="systems/fake_av_reader/fake1/j256/ormlite/dao/BaseDaoImpl.java" startline="880" endline="892" pcid="977"></source>
</clone>

<clone nlines="13" similarity="72">
<source file="systems/fake_av_reader/fake1/j256/ormlite/dao/BaseDaoImpl.java" startline="263" endline="277" pcid="909"></source>
<source file="systems/fake_av_reader/fake1/j256/ormlite/dao/BaseDaoImpl.java" startline="899" endline="911" pcid="979"></source>
</clone>

<clone nlines="13" similarity="72">
<source file="systems/fake_av_reader/fake1/j256/ormlite/dao/BaseDaoImpl.java" startline="263" endline="277" pcid="909"></source>
<source file="systems/fake_av_reader/fake1/j256/ormlite/dao/BaseDaoImpl.java" startline="354" endline="366" pcid="917"></source>
</clone>

<clone nlines="13" similarity="90">
<source file="systems/fake_av_reader/fake1/j256/ormlite/dao/BaseDaoImpl.java" startline="263" endline="277" pcid="909"></source>
<source file="systems/fake_av_reader/fake1/j256/ormlite/dao/BaseDaoImpl.java" startline="340" endline="352" pcid="916"></source>
</clone>

<clone nlines="13" similarity="72">
<source file="systems/fake_av_reader/fake1/j256/ormlite/dao/BaseDaoImpl.java" startline="263" endline="277" pcid="909"></source>
<source file="systems/fake_av_reader/fake1/j256/ormlite/dao/BaseDaoImpl.java" startline="321" endline="333" pcid="914"></source>
</clone>

<clone nlines="13" similarity="90">
<source file="systems/fake_av_reader/fake1/j256/ormlite/dao/BaseDaoImpl.java" startline="263" endline="277" pcid="909"></source>
<source file="systems/fake_av_reader/fake1/j256/ormlite/dao/BaseDaoImpl.java" startline="307" endline="319" pcid="913"></source>
</clone>

<clone nlines="13" similarity="81">
<source file="systems/fake_av_reader/fake1/j256/ormlite/dao/BaseDaoImpl.java" startline="373" endline="385" pcid="919"></source>
<source file="systems/fake_av_reader/fake1/j256/ormlite/dao/BaseDaoImpl.java" startline="387" endline="399" pcid="920"></source>
</clone>

<clone nlines="13" similarity="100">
<source file="systems/fake_av_reader/fake1/j256/ormlite/dao/BaseDaoImpl.java" startline="373" endline="385" pcid="919"></source>
<source file="systems/fake_av_reader/fake1/j256/ormlite/dao/BaseDaoImpl.java" startline="913" endline="925" pcid="980"></source>
</clone>

<clone nlines="13" similarity="90">
<source file="systems/fake_av_reader/fake1/j256/ormlite/dao/BaseDaoImpl.java" startline="373" endline="385" pcid="919"></source>
<source file="systems/fake_av_reader/fake1/j256/ormlite/dao/BaseDaoImpl.java" startline="766" endline="778" pcid="965"></source>
</clone>

<clone nlines="13" similarity="81">
<source file="systems/fake_av_reader/fake1/j256/ormlite/dao/BaseDaoImpl.java" startline="387" endline="399" pcid="920"></source>
<source file="systems/fake_av_reader/fake1/j256/ormlite/dao/BaseDaoImpl.java" startline="913" endline="925" pcid="980"></source>
</clone>

<clone nlines="13" similarity="81">
<source file="systems/fake_av_reader/fake1/j256/ormlite/dao/BaseDaoImpl.java" startline="387" endline="399" pcid="920"></source>
<source file="systems/fake_av_reader/fake1/j256/ormlite/dao/BaseDaoImpl.java" startline="766" endline="778" pcid="965"></source>
</clone>

<clone nlines="13" similarity="90">
<source file="systems/fake_av_reader/fake1/j256/ormlite/dao/BaseDaoImpl.java" startline="766" endline="778" pcid="965"></source>
<source file="systems/fake_av_reader/fake1/j256/ormlite/dao/BaseDaoImpl.java" startline="913" endline="925" pcid="980"></source>
</clone>

<clone nlines="16" similarity="81">
<source file="systems/fake_av_reader/fake1/j256/ormlite/dao/BaseDaoImpl.java" startline="480" endline="495" pcid="932"></source>
<source file="systems/fake_av_reader/fake1/j256/ormlite/dao/BaseDaoImpl.java" startline="497" endline="512" pcid="935"></source>
</clone>

<clone nlines="16" similarity="72">
<source file="systems/fake_av_reader/fake1/j256/ormlite/dao/BaseDaoImpl.java" startline="480" endline="495" pcid="932"></source>
<source file="systems/fake_av_reader/fake1/j256/ormlite/dao/LazyForeignCollection.java" startline="75" endline="89" pcid="1079"></source>
</clone>

<clone nlines="13" similarity="90">
<source file="systems/fake_av_reader/fake1/j256/ormlite/dao/BaseDaoImpl.java" startline="780" endline="794" pcid="966"></source>
<source file="systems/fake_av_reader/fake1/j256/ormlite/dao/BaseDaoImpl.java" startline="880" endline="892" pcid="977"></source>
</clone>

<clone nlines="13" similarity="72">
<source file="systems/fake_av_reader/fake1/j256/ormlite/dao/BaseDaoImpl.java" startline="780" endline="794" pcid="966"></source>
<source file="systems/fake_av_reader/fake1/j256/ormlite/dao/BaseDaoImpl.java" startline="899" endline="911" pcid="979"></source>
</clone>

<clone nlines="13" similarity="72">
<source file="systems/fake_av_reader/fake1/j256/ormlite/dao/BaseDaoImpl.java" startline="354" endline="366" pcid="917"></source>
<source file="systems/fake_av_reader/fake1/j256/ormlite/dao/BaseDaoImpl.java" startline="780" endline="794" pcid="966"></source>
</clone>

<clone nlines="13" similarity="90">
<source file="systems/fake_av_reader/fake1/j256/ormlite/dao/BaseDaoImpl.java" startline="340" endline="352" pcid="916"></source>
<source file="systems/fake_av_reader/fake1/j256/ormlite/dao/BaseDaoImpl.java" startline="780" endline="794" pcid="966"></source>
</clone>

<clone nlines="13" similarity="72">
<source file="systems/fake_av_reader/fake1/j256/ormlite/dao/BaseDaoImpl.java" startline="321" endline="333" pcid="914"></source>
<source file="systems/fake_av_reader/fake1/j256/ormlite/dao/BaseDaoImpl.java" startline="780" endline="794" pcid="966"></source>
</clone>

<clone nlines="13" similarity="90">
<source file="systems/fake_av_reader/fake1/j256/ormlite/dao/BaseDaoImpl.java" startline="307" endline="319" pcid="913"></source>
<source file="systems/fake_av_reader/fake1/j256/ormlite/dao/BaseDaoImpl.java" startline="780" endline="794" pcid="966"></source>
</clone>

<clone nlines="12" similarity="80">
<source file="systems/fake_av_reader/fake1/j256/ormlite/dao/BaseDaoImpl.java" startline="880" endline="892" pcid="977"></source>
<source file="systems/fake_av_reader/fake1/j256/ormlite/dao/BaseDaoImpl.java" startline="899" endline="911" pcid="979"></source>
</clone>

<clone nlines="12" similarity="80">
<source file="systems/fake_av_reader/fake1/j256/ormlite/dao/BaseDaoImpl.java" startline="354" endline="366" pcid="917"></source>
<source file="systems/fake_av_reader/fake1/j256/ormlite/dao/BaseDaoImpl.java" startline="880" endline="892" pcid="977"></source>
</clone>

<clone nlines="12" similarity="100">
<source file="systems/fake_av_reader/fake1/j256/ormlite/dao/BaseDaoImpl.java" startline="340" endline="352" pcid="916"></source>
<source file="systems/fake_av_reader/fake1/j256/ormlite/dao/BaseDaoImpl.java" startline="880" endline="892" pcid="977"></source>
</clone>

<clone nlines="12" similarity="80">
<source file="systems/fake_av_reader/fake1/j256/ormlite/dao/BaseDaoImpl.java" startline="321" endline="333" pcid="914"></source>
<source file="systems/fake_av_reader/fake1/j256/ormlite/dao/BaseDaoImpl.java" startline="880" endline="892" pcid="977"></source>
</clone>

<clone nlines="12" similarity="100">
<source file="systems/fake_av_reader/fake1/j256/ormlite/dao/BaseDaoImpl.java" startline="307" endline="319" pcid="913"></source>
<source file="systems/fake_av_reader/fake1/j256/ormlite/dao/BaseDaoImpl.java" startline="880" endline="892" pcid="977"></source>
</clone>

<clone nlines="12" similarity="70">
<source file="systems/fake_av_reader/fake1/j256/ormlite/dao/BaseDaoImpl.java" startline="354" endline="366" pcid="917"></source>
<source file="systems/fake_av_reader/fake1/j256/ormlite/dao/BaseDaoImpl.java" startline="899" endline="911" pcid="979"></source>
</clone>

<clone nlines="12" similarity="80">
<source file="systems/fake_av_reader/fake1/j256/ormlite/dao/BaseDaoImpl.java" startline="340" endline="352" pcid="916"></source>
<source file="systems/fake_av_reader/fake1/j256/ormlite/dao/BaseDaoImpl.java" startline="899" endline="911" pcid="979"></source>
</clone>

<clone nlines="12" similarity="70">
<source file="systems/fake_av_reader/fake1/j256/ormlite/dao/BaseDaoImpl.java" startline="321" endline="333" pcid="914"></source>
<source file="systems/fake_av_reader/fake1/j256/ormlite/dao/BaseDaoImpl.java" startline="899" endline="911" pcid="979"></source>
</clone>

<clone nlines="12" similarity="80">
<source file="systems/fake_av_reader/fake1/j256/ormlite/dao/BaseDaoImpl.java" startline="307" endline="319" pcid="913"></source>
<source file="systems/fake_av_reader/fake1/j256/ormlite/dao/BaseDaoImpl.java" startline="899" endline="911" pcid="979"></source>
</clone>

<clone nlines="12" similarity="80">
<source file="systems/fake_av_reader/fake1/j256/ormlite/dao/BaseDaoImpl.java" startline="340" endline="352" pcid="916"></source>
<source file="systems/fake_av_reader/fake1/j256/ormlite/dao/BaseDaoImpl.java" startline="354" endline="366" pcid="917"></source>
</clone>

<clone nlines="12" similarity="100">
<source file="systems/fake_av_reader/fake1/j256/ormlite/dao/BaseDaoImpl.java" startline="321" endline="333" pcid="914"></source>
<source file="systems/fake_av_reader/fake1/j256/ormlite/dao/BaseDaoImpl.java" startline="354" endline="366" pcid="917"></source>
</clone>

<clone nlines="12" similarity="80">
<source file="systems/fake_av_reader/fake1/j256/ormlite/dao/BaseDaoImpl.java" startline="307" endline="319" pcid="913"></source>
<source file="systems/fake_av_reader/fake1/j256/ormlite/dao/BaseDaoImpl.java" startline="354" endline="366" pcid="917"></source>
</clone>

<clone nlines="12" similarity="80">
<source file="systems/fake_av_reader/fake1/j256/ormlite/dao/BaseDaoImpl.java" startline="321" endline="333" pcid="914"></source>
<source file="systems/fake_av_reader/fake1/j256/ormlite/dao/BaseDaoImpl.java" startline="340" endline="352" pcid="916"></source>
</clone>

<clone nlines="12" similarity="100">
<source file="systems/fake_av_reader/fake1/j256/ormlite/dao/BaseDaoImpl.java" startline="307" endline="319" pcid="913"></source>
<source file="systems/fake_av_reader/fake1/j256/ormlite/dao/BaseDaoImpl.java" startline="340" endline="352" pcid="916"></source>
</clone>

<clone nlines="12" similarity="80">
<source file="systems/fake_av_reader/fake1/j256/ormlite/dao/BaseDaoImpl.java" startline="307" endline="319" pcid="913"></source>
<source file="systems/fake_av_reader/fake1/j256/ormlite/dao/BaseDaoImpl.java" startline="321" endline="333" pcid="914"></source>
</clone>

<clone nlines="12" similarity="100">
<source file="systems/fake_av_reader/fake1/j256/ormlite/stmt/mapped/MappedDeleteCollection.java" startline="47" endline="58" pcid="1211"></source>
<source file="systems/fake_av_reader/fake1/j256/ormlite/stmt/mapped/MappedDeleteCollection.java" startline="60" endline="71" pcid="1212"></source>
</clone>

<clone nlines="11" similarity="88">
<source file="systems/fake_av_reader/fake1/j256/ormlite/field/types/EnumStringType.java" startline="34" endline="45" pcid="526"></source>
<source file="systems/fake_av_reader/fake1/j256/ormlite/field/types/EnumIntegerType.java" startline="36" endline="47" pcid="636"></source>
</clone>

<clone nlines="11" similarity="100">
<source file="systems/fake_av_reader/fake1/j256/ormlite/stmt/StatementExecutor.java" startline="165" endline="176" pcid="1310"></source>
<source file="systems/fake_av_reader/fake1/j256/ormlite/stmt/StatementExecutor.java" startline="450" endline="461" pcid="1330"></source>
</clone>

<clone nlines="10" similarity="100">
<source file="systems/fake_av_reader/fake1/j256/ormlite/stmt/Where.java" startline="180" endline="190" pcid="1462"></source>
<source file="systems/fake_av_reader/fake1/j256/ormlite/stmt/Where.java" startline="339" endline="349" pcid="1491"></source>
</clone>

<clone nlines="10" similarity="100">
<source file="systems/fake_av_reader/fake1/worker/helper/ORMDatabaseHelper.java" startline="37" endline="47" pcid="21"></source>
<source file="systems/fake_av_reader/fake1/worker/helper/ORMDatabaseHelper.java" startline="49" endline="59" pcid="22"></source>
</clone>

<clone nlines="10" similarity="100">
<source file="systems/fake_av_reader/Doctor Game/ITrustedWebActivityService.java" startline="89" endline="98" pcid="1649"></source>
<source file="systems/fake_av_reader/Doctor Game/ITrustedWebActivityCallback.java" startline="41" endline="50" pcid="1677"></source>
</clone>

<clone nlines="10" similarity="100">
<source file="systems/fake_av_reader/Crossword man/ITrustedWebActivityCallback.java" startline="41" endline="50" pcid="1627"></source>
<source file="systems/fake_av_reader/Doctor Game/ITrustedWebActivityCallback.java" startline="41" endline="50" pcid="1677"></source>
</clone>

<clone nlines="10" similarity="100">
<source file="systems/fake_av_reader/Crossword man/ITrustedWebActivityService.java" startline="89" endline="98" pcid="1599"></source>
<source file="systems/fake_av_reader/Doctor Game/ITrustedWebActivityCallback.java" startline="41" endline="50" pcid="1677"></source>
</clone>

<clone nlines="10" similarity="100">
<source file="systems/fake_av_reader/Doctor Game/ITrustedWebActivityService.java" startline="89" endline="98" pcid="1649"></source>
<source file="systems/fake_av_reader/Crossword man/ITrustedWebActivityCallback.java" startline="41" endline="50" pcid="1627"></source>
</clone>

<clone nlines="10" similarity="100">
<source file="systems/fake_av_reader/Crossword man/ITrustedWebActivityService.java" startline="89" endline="98" pcid="1599"></source>
<source file="systems/fake_av_reader/Doctor Game/ITrustedWebActivityService.java" startline="89" endline="98" pcid="1649"></source>
</clone>

<clone nlines="10" similarity="100">
<source file="systems/fake_av_reader/Crossword man/ITrustedWebActivityService.java" startline="89" endline="98" pcid="1599"></source>
<source file="systems/fake_av_reader/Crossword man/ITrustedWebActivityCallback.java" startline="41" endline="50" pcid="1627"></source>
</clone>

</clones>
